hour,day,t_db_C,t_wb_C,w_oa_kgkg,rh,ghi_Wm2,occ,q_total_kW,q_sensible_kW,q_latent_kW,q_oa_kW,shr
0,0,24.7,23.95,0.01853,0.94,0.0,0.05,1014.57,582.53,432.04,342.02,0.574
1,0,24.7,23.95,0.01853,0.94,0.0,0.05,985.15,553.1,432.04,342.02,0.561
2,0,24.4,23.65,0.01819,0.94,0.0,0.05,932.71,517.8,414.91,323.71,0.555
3,0,24.2,23.58,0.01818,0.95,0.0,0.05,903.53,489.0,414.52,320.2,0.541
4,0,24.1,23.61,0.01827,0.96,0.0,0.05,885.12,466.36,418.76,321.94,0.527
5,0,24.1,23.61,0.01827,0.96,0.0,0.05,868.3,449.54,418.76,321.94,0.518
6,0,24.0,23.51,0.01815,0.96,0.0,0.05,844.77,431.7,413.08,315.86,0.511
7,0,24.2,23.45,0.01799,0.94,0.0,0.05,830.17,425.6,404.58,312.36,0.513
8,0,24.3,23.3,0.01768,0.92,18.0,0.05,830.42,441.13,389.29,301.91,0.531
9,0,25.5,23.67,0.01776,0.86,152.0,0.15,1201.35,746.42,454.93,364.2,0.621
10,0,26.8,23.93,0.0176,0.79,318.0,0.15,1443.08,997.26,445.82,380.24,0.691
11,0,28.0,24.15,0.01744,0.73,464.0,0.15,1657.88,1220.75,437.13,394.81,0.736
12,0,26.8,23.93,0.0176,0.79,571.0,0.15,1758.04,1312.22,445.82,380.24,0.746
13,0,25.5,23.67,0.01776,0.86,630.0,0.15,1793.36,1338.44,454.93,364.2,0.746
14,0,24.3,23.3,0.01768,0.92,637.0,0.15,1751.92,1301.19,450.73,339.23,0.743
15,0,25.4,23.71,0.01788,0.87,589.0,0.15,1734.9,1273.26,461.64,367.82,0.734
16,0,26.5,23.93,0.01776,0.81,493.0,0.05,1473.09,1079.72,393.37,340.35,0.733
17,0,27.6,24.38,0.01804,0.77,354.0,0.05,1342.59,935.32,407.27,368.91,0.697
18,0,27.1,24.21,0.01795,0.79,190.0,0.05,1110.27,707.34,402.92,357.48,0.637
19,0,26.6,24.03,0.01787,0.81,40.0,0.05,896.0,497.17,398.83,346.25,0.555
20,0,26.1,23.97,0.018,0.84,0.0,0.05,833.18,427.97,405.21,343.28,0.514
21,0,25.8,23.82,0.01787,0.85,0.0,0.05,815.29,416.53,398.77,333.4,0.511
22,0,25.6,23.77,0.01787,0.86,0.0,0.05,807.01,408.39,398.61,330.07,0.506
23,0,25.3,23.62,0.01774,0.87,0.0,0.05,788.97,397.06,391.9,319.98,0.503
24,1,25.1,23.69,0.01793,0.89,0.0,0.05,790.96,389.03,401.93,324.68,0.492
25,1,24.8,23.66,0.01803,0.91,0.0,0.05,784.69,377.79,406.9,323.8,0.481
26,1,24.6,23.72,0.01822,0.93,0.0,0.05,785.95,369.83,416.12,327.86,0.471
27,1,24.6,23.72,0.01822,0.93,0.0,0.05,784.62,368.5,416.12,327.86,0.47
28,1,24.6,23.85,0.01844,0.94,0.0,0.05,794.6,367.35,427.25,336.64,0.462
29,1,24.6,23.85,0.01844,0.94,0.0,0.05,793.6,366.35,427.25,336.64,0.462
30,1,24.8,24.04,0.01864,0.94,0.0,0.05,809.87,372.05,437.82,348.17,0.459
31,1,25.0,24.11,0.01867,0.93,0.0,0.05,817.01,377.99,439.02,352.32,0.463
32,1,25.2,24.31,0.0189,0.93,18.0,0.525,1666.25,895.37,770.88,578.8,0.537
33,1,25.9,24.33,0.01863,0.88,151.0,1.0,2655.35,1590.01,1065.34,794.34,0.599
34,1,26.7,24.55,0.01865,0.84,316.0,1.0,2909.85,1843.17,1066.68,823.38,0.633
35,1,27.4,24.64,0.0185,0.8,463.0,1.0,3120.94,2068.55,1052.39,835.03,0.663
36,1,28.2,24.79,0.01841,0.76,571.0,1.0,3293.34,2249.41,1043.93,855.35,0.683
37,1,28.9,24.98,0.01842,0.73,630.0,1.0,3407.23,2362.61,1044.63,880.33,0.693
38,1,29.7,25.07,0.01825,0.69,637.0,1.0,3442.33,2414.51,1027.82,893.22,0.701
39,1,29.1,25.0,0.0184,0.72,590.0,1.0,3367.55,2325.18,1042.37,885.28,0.69
40,1,28.6,24.86,0.01837,0.74,494.0,1.0,3216.99,2177.52,1039.47,865.3,0.677
41,1,28.0,24.76,0.01846,0.77,355.0,1.0,3017.44,1969.06,1048.38,852.34,0.653
42,1,27.5,24.73,0.01863,0.8,192.0,1.0,2799.61,1734.49,1065.11,849.84,0.62
43,1,26.9,24.45,0.01843,0.82,41.0,0.5,1699.21,979.14,720.06,580.92,0.576
44,1,26.4,24.4,0.01857,0.85,0.0,0.05,866.4,432.15,434.25,370.97,0.499
45,1,26.2,24.35,0.01855,0.86,0.0,0.05,858.11,424.93,433.18,366.93,0.495
46,1,26.1,24.52,0.01886,0.88,0.0,0.05,869.78,420.95,448.83,377.66,0.484
47,1,25.9,24.46,0.01885,0.89,0.0,0.05,862.03,413.72,448.31,374.05,0.48
48,2,25.7,24.27,0.01862,0.89,0.0,0.05,843.22,406.46,436.75,361.74,0.482
49,2,25.6,24.31,0.01872,0.9,0.0,0.05,844.3,402.45,441.84,364.15,0.477
50,2,25.4,24.24,0.01873,0.91,0.0,0.05,837.2,395.2,442.0,361.07,0.472
51,2,25.2,24.18,0.01871,0.92,0.0,0.05,828.97,387.92,441.06,357.12,0.468
52,2,25.1,24.08,0.01859,0.92,0.0,0.05,819.17,383.89,435.28,350.97,0.469
53,2,24.9,24.01,0.01859,0.93,0.0,0.05,811.78,376.62,435.16,347.68,0.464
54,2,25.1,24.21,0.0188,0.93,0.0,0.05,828.23,382.44,445.79,359.26,0.462
55,2,25.3,24.28,0.01882,0.92,0.0,0.05,835.35,388.49,446.87,363.3,0.465
56,2,25.5,24.47,0.01906,0.92,17.0,0.525,1689.96,907.5,782.46,596.33,0.537
57,2,26.8,24.64,0.01876,0.84,169.0,1.0,2738.08,1660.37,1077.71,836.68,0.606
58,2,28.0,24.61,0.01818,0.76,389.0,1.0,3025.95,2005.17,1020.78,827.78,0.663
59,2,29.3,24.87,0.01805,0.7,606.0,1.0,3360.4,2351.94,1008.46,862.06,0.7
60,2,30.1,24.76,0.01755,0.65,782.0,1.0,3581.25,2620.94,960.31,847.05,0.732
61,2,30.8,24.51,0.01685,0.6,893.0,1.0,3693.28,2801.64,891.65,810.31,0.759
62,2,31.6,24.47,0.01646,0.56,925.0,1.0,3740.64,2886.3,854.34,804.95,0.772
63,2,30.9,24.59,0.01696,0.6,838.0,1.0,3644.05,2741.09,902.96,823.86,0.752
64,2,30.2,24.68,0.01741,0.64,679.0,1.0,3449.46,2502.75,946.71,838.43,0.726
65,2,29.5,24.88,0.01807,0.69,468.0,1.0,3207.53,2197.04,1010.49,870.83,0.685
66,2,28.6,24.85,0.01841,0.74,238.0,1.0,2899.19,1856.06,1043.13,868.55,0.64
67,2,27.6,24.68,0.01852,0.79,48.0,0.5,1749.67,1023.02,726.65,603.98,0.585
68,2,26.7,24.69,0.01892,0.85,0.0,0.05,898.84,447.35,451.49,389.36,0.498
69,2,26.5,24.77,0.01912,0.87,0.0,0.05,901.45,439.59,461.86,394.33,0.488
70,2,26.2,24.62,0.01898,0.88,0.0,0.05,883.23,428.58,454.65,383.85,0.485
71,2,26.0,24.56,0.01895,0.89,0.0,0.05,873.98,420.83,453.16,379.47,0.482
72,3,25.9,24.6,0.01907,0.9,0.0,0.05,875.72,416.39,459.33,382.74,0.475
73,3,25.9,24.6,0.01907,0.9,0.0,0.05,874.66,415.33,459.33,382.74,0.475
74,3,25.8,24.5,0.01895,0.9,0.0,0.05,864.6,411.13,453.47,376.51,0.476
75,3,25.7,24.54,0.01907,0.91,0.0,0.05,866.51,407.0,459.52,379.68,0.47
76,3,25.7,24.54,0.01907,0.91,0.0,0.05,865.71,406.19,459.52,379.68,0.469
77,3,25.6,24.57,0.01919,0.92,0.0,0.05,867.7,402.22,465.48,382.78,0.464
78,3,25.5,24.47,0.01906,0.92,0.0,0.05,856.86,398.28,458.58,375.74,0.465
79,3,25.5,24.47,0.01906,0.92,0.0,0.05,856.23,397.65,458.58,375.74,0.464
80,3,25.4,24.5,0.01913,0.93,6.0,0.525,1679.64,891.54,788.1,598.61,0.531
81,3,26.6,24.73,0.01899,0.86,94.0,1.0,2655.77,1555.84,1099.94,849.5,0.586
82,3,27.7,25.07,0.01908,0.81,263.0,1.0,2938.46,1829.66,1108.8,895.68,0.623
83,3,28.9,25.29,0.01892,0.75,461.0,1.0,3239.81,2146.49,1093.31,923.66,0.663
84,3,29.2,25.41,0.01902,0.74,570.0,1.0,3406.02,2303.34,1102.67,942.44,0.676
85,3,29.4,25.28,0.01873,0.72,630.0,1.0,3466.74,2392.15,1074.59,924.4,0.69
86,3,29.7,25.39,0.01879,0.71,638.0,1.0,3500.14,2419.34,1080.8,940.37,0.691
87,3,29.2,25.25,0.01877,0.73,592.0,1.0,3414.76,2335.97,1078.8,921.18,0.684
88,3,28.6,25.16,0.01888,0.76,496.0,1.0,3272.0,2182.79,1089.21,909.56,0.667
89,3,28.1,25.0,0.01884,0.78,358.0,1.0,3065.62,1980.41,1085.22,888.61,0.646
90,3,27.6,24.97,0.01901,0.81,194.0,1.0,2845.73,1744.3,1101.43,885.64,0.613
91,3,27.0,24.83,0.01903,0.84,43.0,0.5,1751.2,987.74,763.46,620.42,0.564
92,3,26.5,24.77,0.01914,0.87,0.0,0.05,899.95,437.1,462.85,395.11,0.486
93,3,26.3,24.71,0.01911,0.88,0.0,0.05,891.21,429.71,461.49,390.84,0.482
94,3,26.1,24.52,0.01886,0.88,0.0,0.05,871.15,422.31,448.83,377.66,0.485
95,3,25.9,24.46,0.01885,0.89,0.0,0.05,863.21,414.9,448.31,374.05,0.481
96,4,25.8,24.5,0.01895,0.9,0.0,0.05,864.23,410.76,453.47,376.51,0.475
97,4,25.7,24.54,0.01907,0.91,0.0,0.05,866.19,406.68,459.52,379.68,0.469
98,4,25.6,24.57,0.01917,0.92,0.0,0.05,867.13,402.64,464.49,382.0,0.464
99,4,25.5,24.47,0.01906,0.92,0.0,0.05,857.22,398.64,458.58,375.74,0.465
100,4,25.4,24.5,0.01915,0.93,0.0,0.05,858.1,394.68,463.42,377.96,0.46
101,4,25.3,24.41,0.01903,0.93,0.0,0.05,848.26,390.74,457.51,371.7,0.461
102,4,25.2,24.31,0.01892,0.93,0.0,0.05,838.48,386.84,451.64,365.46,0.461
103,4,25.1,24.34,0.01901,0.94,0.0,0.05,839.27,382.95,456.32,367.55,0.456
104,4,25.0,24.24,0.01889,0.94,17.0,0.525,1657.71,887.16,770.55,573.43,0.535
105,4,26.4,24.4,0.01856,0.85,148.0,1.0,2670.78,1613.15,1057.64,804.89,0.604
106,4,27.8,24.57,0.01822,0.77,314.0,1.0,2923.84,1898.7,1025.13,824.69,0.649
107,4,29.2,24.78,0.01796,0.7,462.0,1.0,3161.83,2161.99,999.84,850.91,0.684
108,4,29.7,24.9,0.01798,0.68,571.0,1.0,3330.88,2329.52,1001.36,869.67,0.699
109,4,30.1,24.93,0.01787,0.66,632.0,1.0,3421.22,2430.37,990.86,874.24,0.71
110,4,30.6,25.03,0.01783,0.64,640.0,1.0,3455.45,2468.37,987.08,888.29,0.714
111,4,30.2,25.01,0.01799,0.66,497.0,1.0,3269.23,2266.3,1002.93,888.47,0.693
112,4,29.8,24.99,0.01814,0.68,315.0,1.0,3030.82,2013.67,1017.15,887.2,0.664
113,4,29.4,24.79,0.01798,0.69,137.0,1.0,2767.61,1765.73,1001.88,859.69,0.638
114,4,28.5,24.76,0.01832,0.74,124.0,1.0,2737.53,1703.25,1034.28,857.2,0.622
115,4,27.5,24.73,0.01869,0.8,37.0,0.5,1742.23,1003.45,738.78,611.83,0.576
116,4,26.6,24.59,0.01882,0.85,0.0,0.05,889.58,442.89,446.68,383.97,0.498
117,4,26.4,24.54,0.01882,0.86,0.0,0.05,881.81,435.23,446.59,380.7,0.494
118,4,26.2,24.48,0.01879,0.87,0.0,0.05,872.96,427.59,445.37,376.54,0.49
119,4,26.0,24.42,0.01879,0.88,0.0,0.05,864.95,419.97,444.98,373.03,0.486
120,5,25.8,24.37,0.01878,0.89,0.0,0.05,856.82,412.37,444.45,369.4,0.481
121,5,25.6,24.3,0.01876,0.9,0.0,0.05,848.56,404.78,443.78,365.67,0.477
122,5,25.4,24.37,0.01896,0.92,0.0,0.05,850.9,397.21,453.69,370.28,0.467
123,5,25.2,24.31,0.01896,0.93,0.0,0.05,843.25,389.66,453.6,367.01,0.462
124,5,25.0,24.24,0.01893,0.94,0.0,0.05,834.5,382.11,452.39,362.86,0.458
125,5,24.8,24.3,0.01911,0.96,0.0,0.05,835.99,374.57,461.42,366.77,0.448
126,5,24.8,24.3,0.01911,0.96,0.0,0.05,835.02,373.6,461.42,366.77,0.447
127,5,24.9,24.27,0.019,0.95,0.0,0.05,832.02,376.05,455.97,364.08,0.452
128,5,24.9,24.27,0.019,0.95,17.0,0.525,1661.16,882.52,778.64,577.81,0.531
129,5,26.4,24.67,0.01902,0.87,147.0,1.0,2714.71,1611.43,1103.27,845.51,0.594
130,5,28.0,25.2,0.01922,0.8,313.0,1.0,3029.75,1907.37,1122.38,918.2,0.63
131,5,29.5,25.69,0.0194,0.74,460.0,1.0,3314.55,2174.71,1139.84,985.96,0.656
132,5,29.6,25.3,0.0187,0.71,570.0,1.0,3394.94,2323.09,1071.85,928.92,0.684
133,5,29.8,24.82,0.01785,0.67,632.0,1.0,3403.53,2414.84,988.69,861.87,0.71
134,5,29.9,24.41,0.01714,0.64,641.0,1.0,3353.69,2433.31,920.39,804.56,0.726
135,5,29.7,24.56,0.0175,0.66,595.0,1.0,3321.03,2365.57,955.46,828.82,0.712
136,5,29.4,24.79,0.018,0.69,500.0,1.0,3233.14,2229.48,1003.67,861.28,0.69
137,5,29.2,24.93,0.01834,0.71,362.0,1.0,3079.46,2043.03,1036.43,883.47,0.663
138,5,28.3,24.73,0.01837,0.75,198.0,1.0,2826.28,1786.87,1039.41,854.8,0.632
139,5,27.4,24.49,0.01836,0.79,45.0,0.5,1723.19,1008.56,714.62,588.74,0.585
140,5,26.5,24.21,0.01827,0.83,0.0,0.05,857.71,438.71,419.0,360.55,0.511
141,5,26.2,24.21,0.01839,0.85,0.0,0.05,852.63,427.82,424.81,360.33,0.502
142,5,26.0,24.42,0.01881,0.88,0.0,0.05,866.13,420.17,445.95,373.79,0.485
143,5,25.7,24.4,0.0189,0.9,0.0,0.05,859.83,409.26,450.56,372.62,0.476
144,6,25.5,24.34,0.01888,0.91,0.0,0.05,851.35,401.59,449.76,368.78,0.472
145,6,25.2,24.18,0.01875,0.92,0.0,0.05,833.66,390.67,442.99,358.65,0.469
146,6,25.0,24.11,0.01873,0.93,0.0,0.05,824.9,382.98,441.92,354.6,0.464
147,6,25.0,24.11,0.01873,0.93,0.0,0.05,823.8,381.89,441.92,354.6,0.464
148,6,25.0,24.11,0.01875,0.93,0.0,0.05,823.83,380.94,442.88,355.36,0.462
149,6,25.0,24.11,0.01875,0.93,0.0,0.05,823.01,380.13,442.88,355.36,0.462
150,6,25.2,24.05,0.01856,0.91,0.0,0.05,819.33,385.98,433.35,351.05,0.471
151,6,25.5,24.21,0.01867,0.9,0.0,0.05,834.3,395.34,438.96,360.28,0.474
152,6,25.7,24.27,0.01868,0.89,16.0,0.05,861.83,422.19,439.64,364.01,0.49
153,6,26.8,24.5,0.01859,0.83,146.0,0.15,1231.74,730.88,500.86,424.65,0.593
154,6,27.8,24.72,0.0185,0.78,312.0,0.15,1475.29,979.21,496.08,438.79,0.664
155,6,28.9,24.82,0.0182,0.72,461.0,0.15,1689.02,1209.76,479.26,445.0,0.716
156,6,29.8,25.16,0.01838,0.69,571.0,0.15,1872.91,1383.85,489.07,469.1,0.739
157,6,30.7,25.29,0.01824,0.65,632.0,0.15,1977.06,1495.41,481.64,479.3,0.756
158,6,31.6,25.56,0.01832,0.62,641.0,0.15,2026.41,1540.57,485.84,498.88,0.76
159,6,31.0,25.21,0.018,0.63,596.0,0.15,1932.6,1464.52,468.08,473.75,0.758
160,6,30.4,25.02,0.01796,0.65,501.0,0.05,1613.76,1210.57,403.19,410.53,0.75
161,6,29.8,24.82,0.01788,0.67,364.0,0.05,1415.69,1016.36,399.33,397.88,0.718
162,6,28.0,24.3,0.01779,0.74,199.0,0.05,1141.13,746.33,394.8,365.49,0.654
163,6,27.3,24.4,0.01823,0.79,46.0,0.05,943.33,526.57,416.75,371.59,0.558
164,6,26.6,24.45,0.01861,0.84,0.0,0.05,879.83,443.7,436.13,375.65,0.504
165,6,26.4,24.54,0.01882,0.86,0.0,0.05,882.51,435.93,446.59,380.7,0.494
166,6,26.1,24.52,0.01892,0.88,0.0,0.05,876.67,424.91,451.76,379.97,0.485
167,6,25.9,24.46,0.01889,0.89,0.0,0.05,867.4,417.15,450.26,375.58,0.481
168,7,25.6,24.44,0.01898,0.91,0.0,0.05,860.77,406.14,454.63,374.22,0.472
169,7,25.4,24.5,0.01917,0.93,0.0,0.05,862.8,398.39,464.41,378.74,0.462
170,7,25.1,24.34,0.01903,0.94,0.0,0.05,844.69,387.39,457.3,368.32,0.459
171,7,24.8,24.04,0.01868,0.94,0.0,0.05,816.11,376.36,439.74,349.69,0.461
172,7,24.6,23.97,0.01868,0.95,0.0,0.05,807.97,368.59,439.38,346.2,0.456
173,7,24.3,23.68,0.01833,0.95,0.0,0.05,779.68,357.58,422.1,327.77,0.459
174,7,24.4,23.78,0.01845,0.95,0.0,0.05,787.49,359.66,427.83,333.89,0.457
175,7,24.6,23.97,0.01868,0.95,0.0,0.05,804.63,365.25,439.38,346.2,0.454
176,7,24.7,24.07,0.01877,0.95,16.0,0.05,832.57,388.33,444.23,351.62,0.466
177,7,26.1,24.39,0.01868,0.87,164.0,0.15,1234.04,728.09,505.95,416.17,0.59
178,7,27.6,24.97,0.01899,0.81,383.0,0.15,1584.47,1061.57,522.89,456.83,0.67
179,7,29.0,25.23,0.01881,0.74,602.0,0.15,1905.71,1392.46,513.26,474.24,0.731
180,7,29.7,25.23,0.01852,0.7,781.0,0.15,2145.49,1648.38,497.11,473.8,0.768
181,7,30.3,25.27,0.01836,0.67,894.0,0.15,2304.67,1816.33,488.34,477.51,0.788
182,7,31.0,25.21,0.01796,0.63,929.0,0.15,2353.84,1887.8,466.04,472.11,0.802
183,7,30.8,25.03,0.01777,0.63,864.0,0.15,2255.25,1799.82,455.43,459.94,0.798
184,7,30.7,25.12,0.01797,0.64,727.0,0.05,1912.68,1508.87,403.81,415.82,0.789
185,7,30.5,24.94,0.01778,0.64,528.0,0.05,1642.75,1248.64,394.11,404.97,0.76
186,7,29.3,24.7,0.01788,0.69,298.0,0.05,1314.45,915.5,398.95,389.58,0.696
187,7,28.1,24.54,0.01813,0.75,71.0,0.05,997.12,585.29,411.83,380.52,0.587
188,7,26.9,24.31,0.01826,0.81,1.0,0.05,873.87,455.67,418.2,366.32,0.521
189,7,26.6,24.45,0.01859,0.84,0.0,0.05,878.57,443.4,435.17,374.9,0.505
190,7,26.3,24.44,0.01869,0.86,0.0,0.05,872.25,432.39,439.86,373.79,0.496
191,7,26.0,24.56,0.01901,0.89,0.0,0.05,877.44,421.34,456.09,381.78,0.48
192,8,26.0,24.56,0.01901,0.89,0.0,0.05,876.21,420.12,456.09,381.78,0.479
193,8,25.7,24.4,0.01888,0.9,0.0,0.05,858.8,409.22,449.59,371.85,0.476
194,8,25.5,24.34,0.01886,0.91,0.0,0.05,850.33,401.55,448.78,368.01,0.472
195,8,25.3,24.14,0.01863,0.91,0.0,0.05,831.1,393.91,437.19,355.67,0.474
196,8,25.1,24.08,0.01863,0.92,0.0,0.05,823.5,386.3,437.2,352.48,0.469
197,8,24.9,24.01,0.01863,0.93,0.0,0.05,815.79,378.7,437.09,349.19,0.464
198,8,24.9,24.01,0.01863,0.93,0.0,0.05,814.76,377.68,437.09,349.19,0.464
199,8,24.8,23.92,0.0185,0.93,0.0,0.05,803.88,373.51,430.37,342.29,0.465
200,8,24.8,23.79,0.01829,0.92,16.0,0.525,1603.66,877.6,726.06,530.31,0.547
201,8,26.4,24.4,0.01859,0.85,149.0,1.0,2675.77,1614.44,1061.33,808.18,0.603
202,8,27.9,24.81,0.01861,0.78,330.0,1.0,2987.74,1924.4,1063.34,862.18,0.644
203,8,29.5,25.37,0.01886,0.72,501.0,1.0,3314.88,2227.57,1087.31,939.21,0.672
204,8,29.9,25.25,0.01848,0.69,637.0,1.0,3475.55,2424.75,1050.8,920.63,0.698
205,8,30.4,25.19,0.01821,0.66,723.0,1.0,3586.61,2562.91,1023.7,913.92,0.715
206,8,30.9,25.3,0.01817,0.64,749.0,1.0,3643.88,2624.15,1019.73,927.79,0.72
207,8,30.8,25.21,0.01808,0.64,668.0,1.0,3528.39,2517.2,1011.18,916.7,0.713
208,8,30.7,25.29,0.01828,0.65,534.0,1.0,3372.73,2341.92,1030.8,930.68,0.694
209,8,30.6,25.2,0.01819,0.65,366.0,1.0,3144.92,2122.73,1022.19,919.53,0.675
210,8,29.8,25.15,0.01843,0.69,228.0,1.0,2951.32,1905.64,1045.69,912.6,0.646
211,8,29.0,24.91,0.01835,0.72,59.0,0.5,1810.45,1096.68,713.77,627.88,0.606
212,8,28.2,24.79,0.01849,0.76,1.0,0.05,929.7,499.72,429.98,396.42,0.538
213,8,27.5,24.73,0.01867,0.8,0.0,0.05,914.05,474.95,439.1,392.4,0.52
214,8,26.7,24.69,0.01893,0.85,0.0,0.05,900.28,447.81,452.47,390.13,0.497
215,8,25.9,24.46,0.01889,0.89,0.0,0.05,870.56,420.3,450.26,375.58,0.483
216,9,25.8,24.5,0.01899,0.9,0.0,0.05,870.86,415.43,455.43,378.06,0.477
217,9,25.6,24.3,0.01878,0.9,0.0,0.05,852.18,407.43,444.75,366.44,0.478
218,9,25.5,24.34,0.01888,0.91,0.0,0.05,852.54,402.78,449.76,368.78,0.472
219,9,25.4,24.24,0.01879,0.91,0.0,0.05,843.17,398.26,444.91,363.36,0.472
220,9,25.2,24.18,0.01877,0.92,0.0,0.05,834.52,390.56,443.96,359.41,0.468
221,9,25.1,24.21,0.01886,0.93,0.0,0.05,834.88,386.17,448.71,361.56,0.463
222,9,25.9,24.46,0.01893,0.89,0.0,0.05,863.61,411.4,452.21,377.12,0.476
223,9,26.6,24.59,0.01884,0.85,0.0,0.05,881.63,433.98,447.66,384.74,0.492
224,9,27.4,24.93,0.01904,0.82,10.0,0.525,1762.97,981.98,780.99,643.34,0.557
225,9,28.6,25.32,0.01918,0.77,101.0,1.0,2787.95,1670.04,1117.91,935.12,0.599
226,9,29.8,25.64,0.01922,0.72,240.0,1.0,3033.7,1911.52,1122.18,980.68,0.63
227,9,31.0,25.9,0.01914,0.67,384.0,1.0,3274.06,2159.98,1114.07,1015.23,0.66
228,9,30.8,25.89,0.01922,0.68,510.0,1.0,3436.13,2313.61,1122.52,1015.79,0.673
229,9,30.5,25.62,0.01889,0.68,601.0,1.0,3506.51,2416.75,1089.76,976.19,0.689
230,9,30.3,25.61,0.01897,0.69,643.0,1.0,3559.35,2461.75,1097.6,976.21,0.692
231,9,29.8,25.48,0.01896,0.71,599.0,1.0,3477.96,2380.63,1097.33,958.56,0.684
232,9,29.3,25.34,0.01896,0.73,504.0,1.0,3330.87,2233.63,1097.23,941.07,0.671
233,9,28.8,25.19,0.01893,0.75,367.0,1.0,3125.98,2032.36,1093.62,920.46,0.65
234,9,28.3,25.03,0.01887,0.77,203.0,1.0,2884.58,1796.11,1088.47,898.47,0.623
235,9,27.8,25.01,0.01905,0.8,49.0,0.5,1797.77,1032.82,764.95,641.62,0.575
236,9,27.2,24.74,0.01883,0.82,1.0,0.05,912.33,465.32,447.01,393.84,0.51
237,9,26.7,24.68,0.01895,0.85,0.0,0.05,900.15,446.7,453.45,390.9,0.496
238,9,26.2,24.62,0.01906,0.88,0.0,0.05,887.77,429.18,458.58,386.95,0.483
239,9,25.7,24.4,0.0189,0.9,0.0,0.05,862.07,411.51,450.56,372.62,0.477
240,10,25.6,24.44,0.019,0.91,0.0,0.05,862.42,406.81,455.61,375.0,0.472
241,10,25.6,24.44,0.01902,0.91,0.0,0.05,862.12,405.53,456.59,375.77,0.47
242,10,25.5,24.34,0.0189,0.91,0.0,0.05,851.87,401.14,450.73,369.55,0.471
243,10,25.4,24.37,0.019,0.92,0.0,0.05,852.49,396.84,455.65,371.83,0.466
244,10,25.4,24.37,0.019,0.92,0.0,0.05,851.54,395.89,455.65,371.83,0.465
245,10,25.3,24.41,0.01909,0.93,0.0,0.05,852.27,391.79,460.47,374.03,0.46
246,10,26.1,24.52,0.01894,0.88,0.0,0.05,870.01,417.27,452.74,380.74,0.48
247,10,26.8,24.64,0.01884,0.84,0.0,0.05,887.67,440.07,447.6,387.9,0.496
248,10,27.6,24.97,0.01903,0.81,15.0,0.525,1776.72,996.55,780.17,647.72,0.561
249,10,28.4,25.13,0.01895,0.77,142.0,1.0,2807.92,1712.19,1095.72,908.4,0.61
250,10,29.1,25.32,0.01894,0.74,310.0,1.0,3060.41,1964.96,1095.45,932.53,0.642
251,10,29.9,25.41,0.01876,0.7,459.0,1.0,3276.43,2198.79,1077.64,944.52,0.671
252,10,28.9,25.13,0.01874,0.74,571.0,1.0,3368.06,2292.58,1075.48,907.79,0.681
253,10,27.9,24.81,0.01863,0.78,634.0,1.0,3387.86,2322.66,1065.2,863.83,0.686
254,10,26.9,24.45,0.01847,0.82,644.0,1.0,3333.32,2284.02,1049.3,814.88,0.685
255,10,26.0,24.29,0.0186,0.87,600.0,1.0,3243.1,2180.63,1062.48,795.28,0.672
256,10,25.0,23.85,0.01833,0.91,506.0,1.0,3043.21,2007.45,1035.76,736.69,0.66
257,10,24.0,23.51,0.01823,0.96,369.0,1.0,2804.58,1778.63,1025.95,693.16,0.634
258,10,24.2,23.7,0.01844,0.96,219.0,1.0,2640.79,1594.64,1046.16,718.1,0.604
259,10,24.3,23.8,0.01855,0.96,56.0,0.5,1613.01,884.26,728.75,523.55,0.548
260,10,24.4,23.9,0.01865,0.96,1.0,0.05,799.22,361.29,437.93,341.85,0.452
261,10,24.6,23.97,0.01868,0.95,0.0,0.05,804.93,365.55,439.38,346.2,0.454
262,10,24.7,24.07,0.01879,0.95,0.0,0.05,813.28,368.07,445.2,352.39,0.453
263,10,24.9,24.27,0.019,0.95,0.0,0.05,830.01,374.04,455.97,364.08,0.451
264,11,24.8,24.17,0.01889,0.95,0.0,0.05,820.46,370.37,450.09,357.84,0.451
265,11,24.7,24.2,0.01898,0.96,0.0,0.05,821.21,366.69,454.52,359.73,0.447
266,11,24.7,24.33,0.0192,0.97,0.0,0.05,832.08,366.29,465.8,368.62,0.44
267,11,24.6,24.35,0.01928,0.98,0.0,0.05,832.74,362.65,470.08,370.4,0.435
268,11,24.5,24.25,0.01917,0.98,0.0,0.05,823.1,359.01,464.1,364.08,0.436
269,11,24.4,24.28,0.01925,0.99,0.0,0.05,823.61,355.35,468.26,365.76,0.431
270,11,25.1,24.47,0.01926,0.95,0.0,0.05,846.76,377.92,468.83,377.42,0.446
271,11,25.9,24.73,0.01933,0.91,0.0,0.05,876.63,404.27,472.36,393.0,0.461
272,11,26.6,24.87,0.01926,0.87,15.0,0.525,1745.68,948.36,797.32,636.98,0.543
273,11,27.3,25.12,0.01938,0.84,141.0,1.0,2785.95,1648.35,1137.6,907.38,0.592
274,11,28.1,25.3,0.01934,0.8,309.0,1.0,3040.02,1906.38,1133.64,931.71,0.627
275,11,28.8,25.5,0.01937,0.77,459.0,1.0,3272.97,2136.48,1136.49,958.61,0.653
276,11,28.9,25.6,0.0195,0.77,570.0,1.0,3435.54,2285.82,1149.71,973.86,0.665
277,11,28.9,25.6,0.0195,0.77,633.0,1.0,3517.97,2368.25,1149.71,973.86,0.673
278,11,29.0,25.69,0.01964,0.77,644.0,1.0,3551.95,2388.92,1163.03,989.19,0.673
279,11,29.1,25.78,0.01976,0.77,600.0,1.0,3513.37,2338.91,1174.46,1002.85,0.666
280,11,29.1,25.78,0.01978,0.77,507.0,1.0,3397.21,2220.78,1176.43,1004.6,0.654
281,11,29.2,25.87,0.0199,0.77,370.0,1.0,3239.15,2051.21,1187.94,1018.32,0.633
282,11,28.6,25.62,0.01971,0.79,253.0,1.0,3040.93,1871.1,1169.84,981.33,0.615
283,11,28.0,25.5,0.01974,0.82,69.0,0.5,1877.88,1063.01,814.87,689.18,0.566
284,11,27.3,25.12,0.0194,0.84,1.0,0.05,941.25,465.43,475.82,418.15,0.494
285,11,26.7,24.96,0.01937,0.87,0.0,0.05,918.69,444.02,474.66,407.63,0.483
286,11,26.1,24.66,0.01912,0.89,0.0,0.05,885.55,423.59,461.96,388.01,0.478
287,11,25.5,24.47,0.01906,0.92,0.0,0.05,861.46,402.88,458.58,375.74,0.468
288,12,25.4,24.5,0.01915,0.93,0.0,0.05,861.77,398.34,463.42,377.96,0.462
289,12,25.3,24.54,0.01927,0.94,0.0,0.05,863.08,393.91,469.16,380.88,0.456
290,12,25.2,24.57,0.01936,0.95,0.0,0.05,863.4,389.58,473.82,382.95,0.451
291,12,25.0,24.5,0.01933,0.96,0.0,0.05,854.41,382.04,472.37,378.6,0.447
292,12,24.9,24.52,0.01942,0.97,0.0,0.05,854.6,377.79,476.8,380.5,0.442
293,12,24.8,24.55,0.0195,0.98,0.0,0.05,854.76,373.62,481.15,382.32,0.437
294,12,25.5,24.73,0.0195,0.94,0.0,0.05,876.91,395.74,481.16,393.54,0.451
295,12,26.2,24.89,0.01946,0.9,0.0,0.05,897.54,418.42,479.12,403.14,0.466
296,12,26.8,25.06,0.01949,0.87,18.0,0.525,1779.25,964.56,814.69,656.92,0.542
297,12,27.5,25.31,0.01959,0.84,159.0,1.0,2843.81,1685.26,1158.55,932.99,0.593
298,12,28.2,25.54,0.01968,0.81,329.0,1.0,3107.74,1940.35,1167.4,965.23,0.624
299,12,28.9,25.75,0.01974,0.78,458.0,1.0,3316.3,2143.15,1173.15,994.72,0.646
300,12,29.0,25.54,0.01934,0.76,570.0,1.0,3427.06,2293.46,1133.6,963.0,0.669
301,12,29.1,25.47,0.01921,0.75,634.0,1.0,3503.16,2382.05,1121.11,955.36,0.68
302,12,29.2,25.41,0.01908,0.74,645.0,1.0,3510.9,2402.55,1108.36,947.49,0.684
303,12,29.3,25.34,0.01892,0.73,603.0,1.0,3448.41,2354.95,1093.46,937.71,0.683
304,12,29.4,25.11,0.01852,0.71,509.0,1.0,3294.63,2240.57,1054.06,906.13,0.68
305,12,29.5,25.04,0.01836,0.7,372.0,1.0,3109.48,2070.95,1038.53,895.79,0.666
306,12,28.9,24.97,0.0185,0.73,208.0,1.0,2882.48,1830.51,1051.97,886.86,0.635
307,12,28.3,24.88,0.01858,0.76,52.0,0.5,1786.29,1055.33,730.97,625.1,0.591
308,12,27.7,24.77,0.01865,0.79,1.0,0.05,918.38,480.13,438.24,394.93,0.523
309,12,27.2,24.74,0.01879,0.82,0.0,0.05,907.11,462.04,445.06,392.3,0.509
310,12,26.6,24.73,0.01903,0.86,0.0,0.05,898.92,441.7,457.22,392.28,0.491
311,12,26.0,24.56,0.01899,0.89,0.0,0.05,876.18,421.07,455.11,381.01,0.481
312,13,25.9,24.6,0.01909,0.9,0.0,0.05,876.92,416.6,460.32,383.51,0.475
313,13,25.9,24.6,0.01911,0.9,0.0,0.05,876.81,415.51,461.3,384.29,0.474
314,13,25.8,24.63,0.01921,0.91,0.0,0.05,877.7,411.29,466.41,386.72,0.469
315,13,25.7,24.53,0.01909,0.91,0.0,0.05,867.64,407.13,460.5,380.46,0.469
316,13,25.7,24.67,0.01933,0.92,0.0,0.05,878.74,406.31,472.43,389.86,0.462
317,13,25.6,24.57,0.01921,0.92,0.0,0.05,868.8,402.32,466.47,383.56,0.463
318,13,25.7,24.67,0.01933,0.92,0.0,0.05,877.36,404.93,472.43,389.86,0.462
319,13,25.8,24.76,0.01943,0.92,0.0,0.05,885.1,407.69,477.41,395.38,0.461
320,13,25.9,24.86,0.01955,0.92,11.0,0.05,908.11,424.69,483.42,401.72,0.468
321,13,26.0,25.22,0.02011,0.94,88.0,0.15,1215.94,630.82,585.12,478.27,0.519
322,13,26.3,25.12,0.01979,0.91,158.0,0.15,1298.09,730.87,567.22,469.21,0.563
323,13,26.6,25.28,0.01992,0.9,174.0,0.15,1336.63,761.87,574.76,480.7,0.57
324,13,26.7,25.24,0.01981,0.89,292.0,0.15,1485.68,916.92,568.76,477.65,0.617
325,13,26.8,25.2,0.01972,0.88,401.0,0.15,1624.23,1060.47,563.76,475.42,0.653
326,13,26.9,25.16,0.01963,0.87,478.0,0.15,1721.63,1162.99,558.64,473.08,0.676
327,13,26.9,25.02,0.0194,0.86,505.0,0.15,1743.67,1197.93,545.74,462.68,0.687
328,13,27.0,24.97,0.0193,0.85,471.0,0.05,1522.74,1051.73,471.01,409.55,0.691
329,13,27.1,24.93,0.01918,0.84,373.0,0.05,1394.63,929.59,465.04,406.44,0.667
330,13,26.8,24.78,0.01907,0.85,209.0,0.05,1168.97,709.7,459.27,397.09,0.607
331,13,26.5,24.77,0.01918,0.87,53.0,0.05,964.67,499.84,464.83,396.68,0.518
332,13,26.1,24.66,0.01914,0.89,1.0,0.05,882.85,419.9,462.95,388.79,0.476
333,13,25.8,24.63,0.01923,0.91,0.0,0.05,875.83,408.43,467.41,387.5,0.466
334,13,25.5,24.47,0.01908,0.92,0.0,0.05,857.66,398.1,459.57,376.52,0.464
335,13,25.2,24.44,0.01915,0.94,0.0,0.05,850.86,387.65,463.21,374.59,0.456
336,14,25.1,24.34,0.01903,0.94,0.0,0.05,840.95,383.65,457.3,368.32,0.456
337,14,25.0,24.24,0.01893,0.94,0.0,0.05,832.09,379.69,452.39,362.86,0.456
338,14,24.9,24.14,0.01882,0.94,0.0,0.05,822.3,375.76,446.54,356.64,0.457
339,14,24.9,24.14,0.01882,0.94,0.0,0.05,821.68,375.14,446.54,356.64,0.457
340,14,24.8,24.04,0.01872,0.94,0.0,0.05,813.0,371.32,441.68,351.21,0.457
341,14,24.7,23.94,0.01861,0.94,0.0,0.05,803.4,367.52,435.88,345.04,0.457
342,14,25.4,24.24,0.01879,0.91,0.0,0.05,834.87,389.96,444.91,363.36,0.467
343,14,26.1,24.38,0.0187,0.87,0.0,0.05,853.49,412.91,440.58,371.15,0.484
344,14,26.8,24.64,0.01882,0.84,14.0,0.05,900.89,454.26,446.62,387.13,0.504
345,14,27.5,24.73,0.01865,0.8,139.0,0.15,1250.02,745.69,504.33,440.05,0.597
346,14,28.2,24.94,0.0187,0.77,308.0,0.15,1495.09,987.94,507.14,454.91,0.661
347,14,28.9,25.13,0.01872,0.74,459.0,0.15,1715.51,1207.4,508.12,468.29,0.704
348,14,28.6,25.01,0.01864,0.75,571.0,0.15,1846.16,1342.28,503.88,459.47,0.727
349,14,28.4,24.98,0.01869,0.76,636.0,0.15,1926.61,1419.94,506.67,458.13,0.737
350,14,28.1,24.85,0.01861,0.77,648.0,0.15,1927.85,1425.85,502.0,448.96,0.74
351,14,27.9,24.81,0.01865,0.78,605.0,0.15,1868.75,1364.37,504.38,447.28,0.73
352,14,27.6,24.68,0.01858,0.79,512.0,0.05,1562.06,1127.55,434.51,390.39,0.722
353,14,27.4,24.64,0.0186,0.8,375.0,0.05,1380.8,945.44,435.35,387.85,0.685
354,14,27.1,24.64,0.01873,0.82,194.0,0.05,1145.71,703.46,442.25,388.48,0.614
355,14,26.8,24.64,0.01884,0.84,45.0,0.05,949.93,502.34,447.6,387.9,0.529
356,14,26.4,24.54,0.01882,0.86,1.0,0.05,879.04,432.45,446.59,380.7,0.492
357,14,26.1,24.52,0.01892,0.88,0.0,0.05,872.56,420.8,451.76,379.97,0.482
358,14,25.8,24.5,0.01899,0.9,0.0,0.05,865.74,410.31,455.43,378.06,0.474
359,14,25.5,24.6,0.01927,0.93,0.0,0.05,869.09,399.72,469.37,384.24,0.46
360,15,25.5,24.47,0.01908,0.92,0.0,0.05,858.46,398.89,459.57,376.52,0.465
361,15,25.5,24.34,0.01886,0.91,0.0,0.05,846.96,398.18,448.78,368.01,0.47
362,15,25.5,24.34,0.01888,0.91,0.0,0.05,847.31,397.56,449.76,368.78,0.469
363,15,25.5,24.21,0.01867,0.9,0.0,0.05,835.99,397.02,438.96,360.28,0.475
364,15,25.5,24.21,0.01867,0.9,0.0,0.05,835.53,396.56,438.96,360.28,0.475
365,15,25.5,24.07,0.01847,0.89,0.0,0.05,825.3,396.16,429.14,352.53,0.48
366,15,25.6,24.17,0.01857,0.89,0.0,0.05,832.99,399.1,433.9,357.88,0.479
367,15,25.7,24.27,0.01868,0.89,0.0,0.05,841.78,402.14,439.64,364.01,0.478
368,15,25.8,24.37,0.01878,0.89,5.0,0.525,1667.27,905.48,761.79,586.27,0.543
369,15,25.9,24.46,0.01889,0.89,53.0,1.0,2556.24,1465.93,1090.3,816.56,0.573
370,15,26.0,24.56,0.01901,0.89,117.0,1.0,2654.74,1553.2,1101.54,830.05,0.585
371,15,26.1,24.66,0.0191,0.89,174.0,1.0,2742.49,1631.54,1110.94,841.89,0.595
372,15,26.2,24.62,0.01902,0.88,217.0,1.0,2794.53,1691.98,1102.55,837.9,0.605
373,15,26.2,24.62,0.01902,0.88,242.0,1.0,2826.77,1724.22,1102.55,837.9,0.61
374,15,26.3,24.58,0.01893,0.87,246.0,1.0,2828.6,1734.66,1093.94,833.72,0.613
375,15,26.4,24.67,0.01904,0.87,230.0,1.0,2824.65,1719.48,1105.17,847.2,0.609
376,15,26.4,24.54,0.01884,0.86,195.0,1.0,2759.93,1674.81,1085.12,829.35,0.607
377,15,26.5,24.63,0.01897,0.86,143.0,1.0,2711.64,1613.47,1098.17,844.45,0.595
378,15,26.2,24.48,0.01883,0.87,109.0,1.0,2639.25,1554.6,1084.65,821.97,0.589
379,15,26.0,24.29,0.0186,0.87,34.0,0.5,1658.99,926.34,732.65,569.23,0.558
380,15,25.7,24.13,0.01846,0.88,1.0,0.05,833.2,404.47,428.73,355.41,0.485
381,15,25.5,24.07,0.01845,0.89,0.0,0.05,824.53,396.35,428.18,351.78,0.481
382,15,25.2,23.92,0.01831,0.9,0.0,0.05,806.99,386.13,420.86,341.2,0.478
383,15,25.0,23.85,0.01829,0.91,0.0,0.05,799.1,379.06,420.04,337.35,0.474
384,16,25.0,23.85,0.01829,0.91,0.0,0.05,798.54,378.5,420.04,337.35,0.474
385,16,25.0,23.98,0.01852,0.92,0.0,0.05,809.46,378.01,431.45,346.35,0.467
386,16,25.0,24.11,0.01873,0.93,0.0,0.05,819.51,377.59,441.92,354.6,0.461
387,16,25.1,24.21,0.01886,0.93,0.0,0.05,829.23,380.51,448.71,361.56,0.459
388,16,25.1,24.34,0.01907,0.94,0.0,0.05,839.53,380.26,459.27,369.88,0.453
389,16,25.1,24.34,0.01909,0.94,0.0,0.05,840.3,380.04,460.26,370.66,0.452
390,16,25.4,24.37,0.019,0.92,0.0,0.05,845.35,389.7,455.65,371.83,0.461
391,16,25.8,24.63,0.01925,0.91,0.0,0.05,871.25,402.84,468.4,388.29,0.462
392,16,26.1,24.66,0.01914,0.89,10.0,0.525,1711.24,922.39,788.85,617.04,0.539
393,16,26.5,24.77,0.01916,0.87,87.0,1.0,2655.28,1538.82,1116.46,860.73,0.58
394,16,26.8,24.92,0.01926,0.86,157.0,1.0,2771.01,1644.71,1126.31,879.93,0.594
395,16,27.2,25.02,0.01926,0.84,174.0,1.0,2814.11,1687.87,1126.24,893.8,0.6
396,16,27.4,24.93,0.01906,0.82,423.0,1.0,3124.75,2018.45,1106.3,883.01,0.646
397,16,27.7,25.06,0.0192,0.81,637.0,1.0,3429.55,2309.31,1120.24,905.86,0.673
398,16,27.9,24.96,0.01894,0.79,650.0,1.0,3432.03,2337.25,1094.79,890.16,0.681
399,16,28.2,24.94,0.01878,0.77,608.0,1.0,3379.17,2299.79,1079.38,886.89,0.681
400,16,28.4,24.97,0.01875,0.76,515.0,1.0,3268.5,2191.82,1076.68,891.45,0.671
401,16,28.7,24.94,0.01857,0.74,378.0,1.0,3091.95,2032.56,1059.4,886.52,0.657
402,16,28.2,24.94,0.01876,0.77,213.0,1.0,2873.65,1796.15,1077.5,885.23,0.625
403,16,27.8,24.86,0.0188,0.79,55.0,0.5,1780.99,1033.86,747.13,626.43,0.58
404,16,27.3,24.83,0.01894,0.82,1.0,0.05,915.62,462.85,452.77,399.98,0.506
405,16,26.8,24.78,0.01905,0.85,0.0,0.05,903.36,445.07,458.28,396.32,0.493
406,16,26.4,24.67,0.01904,0.87,0.0,0.05,889.54,431.56,457.98,389.67,0.485
407,16,25.9,24.6,0.01911,0.9,0.0,0.05,875.88,414.58,461.3,384.29,0.473
408,17,25.6,24.44,0.019,0.91,0.0,0.05,859.53,403.92,455.61,375.0,0.47
409,17,25.4,24.37,0.01898,0.92,0.0,0.05,851.14,396.47,454.67,371.05,0.466
410,17,25.1,24.21,0.01884,0.93,0.0,0.05,833.47,385.73,447.74,360.79,0.463
411,17,24.9,24.14,0.01884,0.94,0.0,0.05,825.72,378.21,447.51,357.41,0.458
412,17,24.7,24.07,0.01881,0.95,0.0,0.05,816.87,370.69,446.18,353.15,0.454
413,17,24.4,23.9,0.01867,0.96,0.0,0.05,798.79,359.9,438.89,342.61,0.451
414,17,24.3,23.93,0.01875,0.97,0.0,0.05,798.76,355.61,443.14,344.36,0.445
415,17,24.3,23.93,0.01875,0.97,0.0,0.05,797.83,354.68,443.14,344.36,0.445
416,17,24.2,23.95,0.01881,0.98,5.0,0.525,1600.3,835.76,764.55,547.97,0.522
417,17,24.1,23.98,0.01889,0.99,52.0,1.0,2459.47,1368.87,1090.6,754.17,0.557
418,17,24.1,23.98,0.01887,0.99,116.0,1.0,2538.97,1450.25,1088.72,752.5,0.571
419,17,24.0,24.0,0.01895,1.0,174.0,1.0,2615.25,1518.87,1096.39,755.84,0.581
420,17,24.5,24.13,0.01896,0.97,302.0,1.0,2805.62,1708.26,1097.36,774.11,0.609
421,17,24.9,24.14,0.01886,0.94,421.0,1.0,2968.23,1881.33,1086.9,778.72,0.634
422,17,25.4,24.24,0.0188,0.91,402.0,1.0,2964.72,1882.83,1081.88,791.66,0.635
423,17,25.8,24.23,0.01862,0.88,350.0,1.0,2900.7,1837.15,1063.56,789.28,0.633
424,17,26.3,24.3,0.01854,0.85,273.0,1.0,2820.66,1764.75,1055.91,799.87,0.626
425,17,26.7,24.26,0.0183,0.82,183.0,1.0,2703.89,1670.75,1033.14,793.53,0.618
426,17,26.4,24.4,0.01863,0.85,93.0,1.0,2605.81,1540.77,1065.04,811.48,0.591
427,17,26.0,23.88,0.01796,0.84,21.0,0.5,1592.69,906.65,686.04,529.49,0.569
428,17,25.9,24.33,0.01871,0.88,1.0,0.05,849.58,408.43,441.15,368.4,0.481
429,17,25.7,24.4,0.0189,0.9,0.0,0.05,851.34,400.78,450.56,372.62,0.471
430,17,25.6,24.44,0.019,0.91,0.0,0.05,853.15,397.54,455.61,375.0,0.466
431,17,25.5,24.47,0.01908,0.92,0.0,0.05,853.8,394.24,459.57,376.52,0.462
432,18,25.3,24.41,0.01907,0.93,0.0,0.05,847.07,387.59,459.48,373.25,0.458
433,18,25.0,24.37,0.01914,0.95,0.0,0.05,840.43,377.55,462.88,371.12,0.449
434,18,24.8,24.3,0.01913,0.96,0.0,0.05,833.04,370.63,462.41,367.55,0.445
435,18,24.6,24.23,0.0191,0.97,0.0,0.05,824.47,363.64,460.83,363.1,0.441
436,18,24.3,24.18,0.01917,0.99,0.0,0.05,817.56,353.3,464.26,361.0,0.432
437,18,24.1,24.1,0.01913,1.0,0.0,0.05,808.44,346.12,462.32,356.27,0.428
438,18,24.7,24.2,0.01903,0.96,0.0,0.05,822.61,365.14,457.47,362.05,0.444
439,18,25.3,24.41,0.01909,0.93,0.0,0.05,845.1,384.63,460.47,374.03,0.455
440,18,25.9,24.6,0.01915,0.9,10.0,0.525,1701.41,912.07,789.33,612.37,0.536
441,18,26.5,24.77,0.01916,0.87,115.0,1.0,2689.45,1572.99,1116.46,860.73,0.585
442,18,27.1,24.93,0.01916,0.84,282.0,1.0,2935.87,1819.02,1116.86,881.96,0.62
443,18,27.7,25.07,0.01914,0.81,458.0,1.0,3191.35,2076.84,1114.5,900.75,0.651
444,18,28.0,25.05,0.01901,0.79,573.0,1.0,3343.25,2241.17,1102.09,900.14,0.67
445,18,28.3,25.03,0.01887,0.77,639.0,1.0,3431.12,2342.64,1088.47,898.47,0.683
446,18,28.5,24.91,0.01859,0.75,652.0,1.0,3431.9,2370.98,1060.92,880.91,0.691
447,18,28.8,24.88,0.01842,0.73,611.0,1.0,3380.09,2335.15,1044.94,877.13,0.691
448,18,29.1,24.84,0.01823,0.71,518.0,1.0,3258.49,2232.64,1025.85,870.58,0.685
449,18,29.4,24.79,0.01802,0.69,382.0,1.0,3080.44,2074.98,1005.46,862.88,0.674
450,18,28.8,24.72,0.01816,0.72,216.0,1.0,2852.09,1832.4,1019.68,854.65,0.642
451,18,28.2,24.64,0.01826,0.75,57.0,0.5,1762.18,1054.74,707.45,602.55,0.599
452,18,27.5,24.44,0.01823,0.78,1.0,0.05,887.79,471.06,416.73,374.77,0.531
453,18,26.9,24.31,0.01826,0.81,0.0,0.05,868.1,449.91,418.2,366.32,0.518
454,18,26.3,24.16,0.01828,0.84,0.0,0.05,848.85,429.69,419.16,357.48,0.506
455,18,25.7,24.13,0.01846,0.88,0.0,0.05,837.9,409.17,428.73,355.41,0.488
456,19,25.5,24.07,0.01847,0.89,0.0,0.05,830.65,401.51,429.14,352.53,0.483
457,19,25.3,24.01,0.01846,0.9,0.0,0.05,822.33,393.88,428.45,348.79,0.479
458,19,25.1,23.95,0.01844,0.91,0.0,0.05,813.89,386.27,427.63,344.94,0.475
459,19,24.9,23.88,0.01844,0.92,0.0,0.05,806.3,378.67,427.63,341.73,0.47
460,19,24.7,23.94,0.01863,0.94,0.0,0.05,807.94,371.09,436.84,345.8,0.459
461,19,24.5,23.87,0.01862,0.95,0.0,0.05,800.0,363.53,436.47,342.3,0.454
462,19,25.3,24.14,0.01869,0.91,0.0,0.05,828.86,388.78,440.08,357.96,0.469
463,19,26.0,24.29,0.01862,0.87,0.0,0.05,848.15,411.39,436.77,366.55,0.485
464,19,26.8,24.5,0.01861,0.83,14.0,0.525,1708.23,958.9,749.33,601.02,0.561
465,19,27.6,24.82,0.0188,0.8,136.0,1.0,2742.13,1660.47,1081.67,868.05,0.606
466,19,28.3,24.88,0.0186,0.76,306.0,1.0,2977.75,1915.67,1062.08,874.98,0.643
467,19,29.1,25.16,0.0187,0.73,459.0,1.0,3226.2,2154.53,1071.67,911.36,0.668
468,19,29.1,25.16,0.01872,0.73,574.0,1.0,3377.21,2303.68,1073.54,913.02,0.682
469,19,29.1,25.16,0.01874,0.73,640.0,1.0,3465.15,2389.75,1075.4,914.68,0.69
470,19,29.0,25.06,0.01863,0.73,653.0,1.0,3467.07,2402.49,1064.58,901.57,0.693
471,19,29.0,24.91,0.01838,0.72,612.0,1.0,3391.76,2350.89,1040.87,880.47,0.693
472,19,29.0,24.91,0.01838,0.72,520.0,1.0,3274.61,2233.74,1040.87,880.47,0.682
473,19,29.0,24.9,0.0184,0.72,383.0,1.0,3101.46,2058.75,1042.71,882.1,0.664
474,19,28.5,24.91,0.01861,0.75,218.0,1.0,2884.72,1821.95,1062.77,882.56,0.632
475,19,28.0,24.9,0.0188,0.78,58.0,0.5,1796.65,1049.62,747.03,631.32,0.584
476,19,27.4,24.78,0.01884,0.81,1.0,0.05,916.78,469.33,447.45,397.38,0.512
477,19,26.9,24.73,0.01897,0.84,0.0,0.05,905.55,451.18,454.36,394.83,0.498
478,19,26.4,24.67,0.01906,0.87,0.0,0.05,893.03,434.07,458.96,390.45,0.486
479,19,25.9,24.6,0.01915,0.9,0.0,0.05,880.03,416.75,463.28,385.85,0.474
480,20,25.9,24.6,0.01915,0.9,0.0,0.05,878.92,415.64,463.28,385.85,0.473
481,20,26.0,24.56,0.01905,0.89,0.0,0.05,876.02,417.96,458.06,383.33,0.477
482,20,25.6,24.44,0.01904,0.91,0.0,0.05,861.65,404.07,457.58,376.55,0.469
483,20,25.2,24.18,0.01879,0.92,0.0,0.05,834.97,390.04,444.93,360.18,0.467
484,20,24.8,24.04,0.01874,0.94,0.0,0.05,818.52,375.88,442.65,351.97,0.459
485,20,24.4,23.9,0.0187,0.96,0.0,0.05,802.44,361.61,440.83,344.13,0.451
486,20,24.6,24.1,0.01892,0.96,0.0,0.05,818.5,366.93,451.56,355.8,0.448
487,20,24.7,24.07,0.01883,0.95,0.0,0.05,816.42,369.27,447.15,353.92,0.452
488,20,24.9,24.27,0.01904,0.95,13.0,0.05,849.68,391.75,457.94,365.63,0.461
489,20,26.2,24.62,0.01906,0.88,136.0,0.15,1223.16,696.39,526.77,434.77,0.569
490,20,27.5,25.02,0.01915,0.82,305.0,0.15,1490.79,958.74,532.05,462.42,0.643
491,20,28.8,25.35,0.01915,0.76,459.0,0.15,1734.36,1202.61,531.76,485.57,0.693
492,20,29.2,25.09,0.01855,0.72,574.0,0.15,1864.3,1365.81,498.5,465.92,0.733
493,20,29.6,24.64,0.01765,0.67,642.0,0.15,1917.79,1468.72,449.07,433.23,0.766
494,20,30.0,24.32,0.01697,0.63,656.0,0.15,1913.46,1502.38,411.08,409.76,0.785
495,20,29.2,24.45,0.0175,0.68,614.0,0.15,1863.26,1422.48,440.79,419.35,0.763
496,20,28.3,24.42,0.01785,0.73,521.0,0.05,1561.48,1164.03,397.46,372.39,0.745
497,20,27.5,24.58,0.01845,0.79,385.0,0.05,1391.6,963.68,427.92,383.59,0.692
498,20,26.7,24.68,0.01895,0.85,219.0,0.05,1177.76,724.31,453.45,390.9,0.615
499,20,25.8,24.63,0.01925,0.91,59.0,0.05,957.29,488.89,468.4,388.29,0.511
500,20,25.0,24.75,0.01979,0.98,1.0,0.05,882.5,387.11,495.39,396.75,0.439
501,20,24.9,24.65,0.01966,0.98,0.0,0.05,870.33,381.06,489.26,390.32,0.438
502,20,24.8,24.55,0.01952,0.98,0.0,0.05,858.6,376.44,482.16,383.12,0.438
503,20,24.7,24.45,0.0194,0.98,0.0,0.05,848.04,371.94,476.1,376.74,0.439
504,21,24.7,24.33,0.0192,0.97,0.0,0.05,836.62,370.82,465.8,368.62,0.443
505,21,24.7,24.33,0.01922,0.97,0.0,0.05,836.65,369.85,466.79,369.4,0.442
506,21,24.7,24.33,0.01922,0.97,0.0,0.05,835.81,369.02,466.79,369.4,0.442
507,21,24.6,24.1,0.0189,0.96,0.0,0.05,815.6,365.02,450.58,355.03,0.448
508,21,24.6,24.1,0.01892,0.96,0.0,0.05,815.89,364.33,451.56,355.8,0.447
509,21,24.6,24.1,0.01892,0.96,0.0,0.05,815.3,363.74,451.56,355.8,0.446
510,21,25.3,24.27,0.0189,0.92,0.0,0.05,836.96,386.19,450.77,366.38,0.461
511,21,26.1,24.66,0.01916,0.89,0.0,0.05,876.37,412.43,463.94,389.57,0.471
512,21,26.9,25.02,0.01942,0.86,13.0,0.05,932.72,455.84,476.88,412.57,0.489
513,21,27.6,25.26,0.01953,0.83,135.0,0.15,1296.74,743.73,553.01,481.13,0.574
514,21,28.3,25.48,0.01961,0.8,305.0,0.15,1544.88,987.38,557.5,497.35,0.639
515,21,29.1,25.78,0.01976,0.77,458.0,0.15,1778.55,1212.96,565.59,518.27,0.682
516,21,29.6,25.93,0.01983,0.75,574.0,0.15,1950.55,1380.94,569.6,530.5,0.708
517,21,30.1,26.08,0.01986,0.73,641.0,0.15,2057.71,1486.14,571.57,541.08,0.722
518,21,30.6,26.21,0.0199,0.71,654.0,0.15,2095.83,1522.13,573.7,551.79,0.726
519,21,28.2,25.24,0.01926,0.79,514.0,0.15,1799.21,1261.04,538.17,479.95,0.701
520,21,25.7,24.0,0.01829,0.87,330.0,0.05,1254.22,834.51,419.71,348.3,0.665
521,21,23.3,22.81,0.01746,0.96,147.0,0.05,908.64,530.87,377.77,288.03,0.584
522,21,23.1,22.98,0.01779,0.99,103.0,0.05,863.26,468.39,394.87,301.51,0.543
523,21,23.0,23.0,0.01787,1.0,33.0,0.05,773.05,374.48,398.57,304.43,0.484
524,21,22.8,22.8,0.01765,1.0,1.0,0.05,715.3,327.9,387.4,295.62,0.458
525,21,23.1,23.1,0.01796,1.0,0.0,0.05,732.93,329.66,403.28,308.13,0.45
526,21,23.4,23.4,0.01828,1.0,0.0,0.05,752.56,333.15,419.41,320.85,0.443
527,21,23.7,23.7,0.01862,1.0,0.0,0.05,773.79,337.04,436.75,334.52,0.436
528,22,24.1,23.98,0.01889,0.99,0.0,0.05,794.97,344.56,450.41,346.88,0.433
529,22,24.5,24.13,0.01896,0.97,0.0,0.05,811.15,357.23,453.92,356.06,0.44
530,22,24.9,24.27,0.01902,0.95,0.0,0.05,827.17,370.22,456.95,364.85,0.448
531,22,24.8,24.04,0.0187,0.94,0.0,0.05,807.78,367.07,440.71,350.45,0.454
532,22,24.8,23.91,0.01852,0.93,0.0,0.05,798.44,367.12,431.32,343.05,0.46
533,22,24.7,23.56,0.01801,0.91,0.0,0.05,769.84,363.88,405.96,321.45,0.473
534,22,24.7,23.56,0.018,0.91,0.0,0.05,768.88,363.86,405.03,320.72,0.473
535,22,24.6,23.46,0.01789,0.91,0.0,0.05,760.01,360.55,399.46,314.73,0.474
536,22,24.6,23.46,0.01787,0.91,13.0,0.525,1554.28,859.66,694.62,498.34,0.553
537,22,25.5,23.81,0.01803,0.87,135.0,1.0,2551.34,1545.03,1006.31,727.88,0.606
538,22,26.3,24.02,0.01801,0.83,306.0,1.0,2811.24,1806.16,1005.08,754.64,0.642
539,22,27.2,24.45,0.01832,0.8,459.0,1.0,3084.22,2049.78,1034.44,812.09,0.665
540,22,27.5,24.73,0.01865,0.8,575.0,1.0,3282.39,2215.42,1066.97,851.48,0.675
541,22,27.9,25.26,0.01937,0.81,642.0,1.0,3460.42,2323.37,1137.04,927.78,0.671
542,22,28.2,25.54,0.01972,0.81,655.0,1.0,3528.28,2356.96,1171.32,968.73,0.668
543,22,27.7,25.07,0.01916,0.81,615.0,1.0,3397.68,2281.27,1116.41,902.45,0.671
544,22,27.2,24.45,0.01837,0.8,524.0,1.0,3179.58,2139.66,1039.92,816.97,0.673
545,22,26.7,23.97,0.01784,0.8,388.0,1.0,2928.38,1939.89,988.49,753.79,0.662
546,22,26.2,23.79,0.01774,0.82,222.0,1.0,2679.44,1701.26,978.18,727.21,0.635
547,22,25.7,23.73,0.01785,0.85,60.0,0.5,1626.75,948.66,678.1,515.24,0.583
548,22,25.2,23.65,0.01795,0.88,1.0,0.05,791.67,389.16,402.5,326.73,0.492
549,22,24.8,23.4,0.0177,0.89,0.0,0.05,763.98,374.01,389.96,310.45,0.49
550,22,24.5,23.23,0.01756,0.9,0.0,0.05,746.15,363.28,382.87,300.05,0.487
551,22,24.1,22.97,0.01732,0.91,0.0,0.05,720.36,349.2,371.17,284.42,0.485
552,23,23.9,22.78,0.01709,0.91,0.0,0.05,702.71,343.16,359.55,273.67,0.488
553,23,23.8,22.68,0.01699,0.91,0.0,0.05,694.66,340.43,354.23,269.47,0.49
554,23,23.6,22.49,0.01678,0.91,0.0,0.05,679.78,336.09,343.69,261.16,0.494
555,23,23.6,22.36,0.01659,0.9,0.0,0.05,669.25,335.13,334.13,253.63,0.501
556,23,23.6,22.23,0.0164,0.89,0.0,0.05,658.86,334.29,324.57,246.1,0.507
557,23,23.5,22.01,0.01611,0.88,0.0,0.05,641.87,331.89,309.98,234.59,0.517
558,23,23.5,21.75,0.01575,0.86,0.0,0.05,623.03,331.2,291.83,220.29,0.532
559,23,23.5,21.62,0.01557,0.85,0.0,0.05,612.96,330.61,282.35,212.81,0.539
560,23,23.5,21.49,0.01538,0.84,13.0,0.525,1334.45,823.64,510.81,325.89,0.617
561,23,24.8,22.19,0.01583,0.8,140.0,1.0,2305.29,1512.65,792.64,513.35,0.656
562,23,26.1,22.84,0.01626,0.76,327.0,1.0,2654.2,1820.03,834.17,595.56,0.686
563,23,27.4,23.45,0.01662,0.72,507.0,1.0,2988.53,2119.18,869.35,672.12,0.709
564,23,28.0,23.99,0.01723,0.72,617.0,1.0,3221.67,2293.07,928.6,745.74,0.712
565,23,28.7,24.48,0.01773,0.71,667.0,1.0,3372.3,2395.28,977.02,813.2,0.71
566,23,29.3,25.02,0.01837,0.71,658.0,1.0,3456.55,2416.82,1039.73,889.89,0.699
567,23,29.0,24.91,0.01833,0.72,618.0,1.0,3387.62,2352.24,1035.38,875.59,0.694
568,23,28.7,24.63,0.018,0.72,526.0,1.0,3224.26,2220.47,1003.79,837.02,0.689
569,23,28.4,24.51,0.01793,0.73,389.0,1.0,3027.82,2030.56,997.27,820.78,0.671
570,23,27.8,24.42,0.01803,0.76,223.0,1.0,2794.43,1787.6,1006.83,808.4,0.64
571,23,27.1,24.35,0.01822,0.8,61.0,0.5,1716.53,1011.48,705.05,573.1,0.589
572,23,26.5,24.35,0.01846,0.84,1.0,0.05,863.94,435.41,428.53,368.06,0.504
573,23,26.2,24.34,0.01857,0.86,0.0,0.05,858.0,423.86,434.14,367.68,0.494
574,23,25.8,24.1,0.01834,0.87,0.0,0.05,832.7,410.18,422.52,352.12,0.493
575,23,25.5,24.08,0.01842,0.89,0.0,0.05,825.89,399.61,426.28,350.28,0.484
576,24,25.5,24.08,0.01842,0.89,0.0,0.05,825.08,398.8,426.28,350.28,0.483
577,24,25.5,24.21,0.01865,0.9,0.0,0.05,836.1,398.1,438.0,359.52,0.476
578,24,25.5,24.34,0.01886,0.91,0.0,0.05,846.27,397.49,448.78,368.01,0.47
579,24,25.3,24.14,0.01863,0.91,0.0,0.05,827.59,390.4,437.19,355.67,0.472
580,24,25.1,24.08,0.01861,0.92,0.0,0.05,819.5,383.26,436.24,351.73,0.468
581,24,24.9,24.01,0.01861,0.93,0.0,0.05,812.2,376.07,436.12,348.43,0.463
582,24,25.0,23.98,0.0185,0.92,0.0,0.05,809.18,378.69,430.49,345.59,0.468
583,24,25.0,23.85,0.01829,0.91,0.0,0.05,798.22,378.18,420.04,337.35,0.474
584,24,25.1,23.95,0.01841,0.91,13.0,0.525,1619.29,884.9,734.39,545.05,0.546
585,24,26.2,24.21,0.01833,0.85,152.0,1.0,2642.68,1606.85,1035.83,778.52,0.608
586,24,27.4,24.49,0.01826,0.79,376.0,1.0,2985.75,1956.51,1029.24,814.43,0.655
587,24,28.5,24.76,0.01824,0.74,602.0,1.0,3331.28,2304.26,1027.02,850.73,0.692
588,24,29.3,25.03,0.01833,0.71,710.0,1.0,3521.8,2485.71,1036.08,886.65,0.706
589,24,30.0,25.34,0.01858,0.69,728.0,1.0,3606.46,2546.83,1059.63,931.97,0.706
590,24,30.8,25.55,0.0186,0.66,659.0,1.0,3563.89,2501.7,1062.2,962.1,0.702
591,24,30.5,25.45,0.01858,0.67,634.0,1.0,3516.55,2456.45,1060.1,949.79,0.699
592,24,30.1,25.09,0.01815,0.67,552.0,1.0,3350.38,2332.43,1017.95,898.35,0.696
593,24,29.8,24.99,0.01812,0.68,417.0,1.0,3160.44,2145.09,1015.34,885.59,0.679
594,24,29.5,24.88,0.01805,0.69,244.0,1.0,2917.34,1908.65,1008.69,869.23,0.654
595,24,29.1,24.84,0.01815,0.71,69.0,0.5,1811.61,1111.74,699.87,618.51,0.614
596,24,28.8,24.88,0.01835,0.73,2.0,0.05,941.96,519.07,422.89,400.44,0.551
597,24,28.8,25.04,0.01861,0.74,0.0,0.05,952.53,516.57,435.96,410.74,0.542
598,24,28.7,24.95,0.01848,0.74,0.0,0.05,942.76,513.35,429.41,403.98,0.545
599,24,28.7,24.95,0.01846,0.74,0.0,0.05,941.8,513.34,428.46,403.23,0.545
600,25,28.8,24.89,0.01831,0.73,0.0,0.05,937.61,516.61,421.0,398.95,0.551
601,25,28.9,24.98,0.01842,0.73,0.0,0.05,946.48,519.94,426.53,404.91,0.549
602,25,29.0,24.91,0.01827,0.72,0.0,0.05,942.23,523.33,418.9,400.5,0.555
603,25,29.0,24.91,0.01829,0.72,0.0,0.05,943.33,523.49,419.84,401.24,0.555
604,25,29.1,24.84,0.01814,0.71,0.0,0.05,938.99,526.91,412.08,396.72,0.561
605,25,29.1,24.84,0.01814,0.71,0.0,0.05,939.17,527.08,412.08,396.72,0.561
606,25,29.4,24.79,0.01793,0.69,0.0,0.05,938.63,537.08,401.55,393.22,0.572
607,25,29.6,24.81,0.01787,0.68,0.0,0.05,942.66,543.96,398.7,394.18,0.577
608,25,29.9,24.92,0.01792,0.67,17.0,0.525,1806.54,1108.33,698.2,636.07,0.614
609,25,30.9,25.13,0.01782,0.63,184.0,1.0,2893.04,1907.01,986.03,897.79,0.659
610,25,31.9,25.47,0.01795,0.6,432.0,1.0,3276.52,2277.8,998.72,943.89,0.695
611,25,32.8,25.5,0.01762,0.56,666.0,1.0,3592.39,2625.96,966.42,946.48,0.731
612,25,33.0,25.67,0.01782,0.56,827.0,1.0,3831.07,2844.71,986.36,971.18,0.743
613,25,33.1,25.56,0.01761,0.55,914.0,1.0,3929.38,2963.23,966.15,956.67,0.754
614,25,33.2,25.45,0.01739,0.54,921.0,1.0,3922.84,2978.97,943.87,940.33,0.759
615,25,32.1,25.08,0.01726,0.57,872.0,1.0,3792.66,2860.79,931.87,891.35,0.754
616,25,31.0,24.86,0.01736,0.61,748.0,1.0,3586.62,2645.53,941.08,861.27,0.738
617,25,29.9,24.41,0.01709,0.64,559.0,1.0,3261.43,2346.14,915.29,800.03,0.719
618,25,28.8,24.09,0.01704,0.68,323.0,1.0,2896.17,1985.8,910.38,757.37,0.686
619,25,27.7,23.87,0.01716,0.73,90.0,0.5,1718.03,1090.16,627.87,522.23,0.635
620,25,26.6,23.6,0.01719,0.78,2.0,0.05,819.04,454.56,364.48,319.18,0.555
621,25,26.2,23.65,0.01743,0.81,0.0,0.05,812.82,436.53,376.29,322.08,0.537
622,25,25.9,23.78,0.01776,0.84,0.0,0.05,817.72,424.42,393.3,330.69,0.519
623,25,25.5,23.94,0.01817,0.88,0.0,0.05,822.8,409.15,413.65,340.32,0.497
624,26,25.0,23.59,0.01782,0.89,0.0,0.05,787.03,390.64,396.39,318.72,0.496
625,26,24.6,23.33,0.01759,0.9,0.0,0.05,760.08,375.38,384.7,303.1,0.494
626,26,24.1,22.98,0.01725,0.91,0.0,0.05,724.49,356.88,367.6,281.62,0.493
627,26,24.0,23.0,0.01734,0.92,0.0,0.05,723.51,351.48,372.03,283.5,0.486
628,26,23.9,22.91,0.01725,0.92,0.0,0.05,715.43,347.91,367.52,279.95,0.486
629,26,23.8,22.81,0.01715,0.92,0.0,0.05,706.68,344.53,362.15,275.72,0.488
630,26,23.7,22.84,0.01723,0.93,0.0,0.05,707.75,341.32,366.43,279.09,0.482
631,26,23.6,22.86,0.01731,0.94,0.0,0.05,708.87,338.25,370.62,282.39,0.477
632,26,23.5,22.77,0.01721,0.94,13.0,0.525,1474.75,828.86,645.89,441.42,0.562
633,26,25.1,23.29,0.01731,0.86,151.0,1.0,2483.59,1546.75,936.84,652.13,0.623
634,26,26.8,23.79,0.01737,0.78,376.0,1.0,2865.14,1923.09,942.05,715.94,0.671
635,26,28.4,24.21,0.01734,0.71,604.0,1.0,3238.71,2299.17,939.54,769.4,0.71
636,26,29.1,24.36,0.01731,0.68,713.0,1.0,3413.81,2477.02,936.79,791.31,0.726
637,26,29.7,24.24,0.01686,0.64,732.0,1.0,3426.86,2534.44,892.42,772.71,0.74
638,26,30.4,24.34,0.01674,0.61,663.0,1.0,3365.23,2484.24,880.99,786.91,0.738
639,26,29.7,24.24,0.01687,0.64,623.0,1.0,3293.21,2399.12,894.09,774.19,0.729
640,26,29.0,24.11,0.01697,0.67,531.0,1.0,3149.76,2246.56,903.21,757.95,0.713
641,26,28.4,24.21,0.01738,0.71,394.0,1.0,2983.76,2040.78,942.98,772.46,0.684
642,26,27.7,24.03,0.01739,0.74,227.0,1.0,2734.86,1790.87,943.99,748.99,0.655
643,26,27.0,24.12,0.01783,0.79,64.0,0.5,1690.13,1013.95,676.18,545.99,0.6
644,26,26.3,23.89,0.01776,0.82,1.0,0.05,824.08,431.19,392.89,336.77,0.523
645,26,26.1,23.84,0.01776,0.83,0.0,0.05,815.65,422.48,393.17,333.79,0.518
646,26,25.8,23.69,0.01764,0.84,0.0,0.05,798.71,411.77,386.94,324.08,0.516
647,26,25.6,23.63,0.01762,0.85,0.0,0.05,790.27,404.26,386.01,320.14,0.512
648,27,25.5,23.54,0.01753,0.85,0.0,0.05,781.54,400.04,381.5,314.98,0.512
649,27,25.3,23.48,0.01753,0.86,0.0,0.05,773.93,392.61,381.32,311.64,0.507
650,27,25.2,23.52,0.01763,0.87,0.0,0.05,774.89,388.45,386.44,314.07,0.501
651,27,24.8,23.4,0.01761,0.89,0.0,0.05,759.92,374.51,385.41,306.86,0.493
652,27,24.3,23.17,0.01747,0.91,0.0,0.05,735.56,357.14,378.41,293.34,0.486
653,27,23.9,23.03,0.01745,0.93,0.0,0.05,721.74,344.48,377.25,287.62,0.477
654,27,23.9,22.91,0.01724,0.92,0.0,0.05,709.88,343.25,366.63,279.25,0.484
655,27,24.0,23.0,0.01734,0.92,0.0,0.05,715.89,343.86,372.03,283.5,0.48
656,27,24.0,22.88,0.01713,0.91,13.0,0.05,721.04,359.68,361.36,275.1,0.499
657,27,25.3,23.48,0.01751,0.86,134.0,0.15,1100.75,659.75,440.99,349.36,0.599
658,27,26.6,24.03,0.01782,0.81,305.0,0.15,1382.65,924.49,458.17,386.6,0.669
659,27,27.9,24.67,0.01829,0.77,461.0,0.15,1655.26,1170.76,484.5,431.24,0.707
660,27,28.5,24.14,0.01719,0.7,579.0,0.15,1768.09,1344.63,423.47,392.78,0.76
661,27,29.1,23.87,0.01651,0.65,649.0,0.15,1842.82,1457.07,385.75,373.14,0.791
662,27,29.7,23.38,0.01551,0.59,666.0,0.15,1831.72,1501.66,330.05,338.98,0.82
663,27,29.0,23.28,0.01567,0.62,523.0,0.15,1634.98,1295.92,339.06,333.66,0.793
664,27,28.4,23.25,0.01587,0.65,337.0,0.05,1226.38,928.68,297.7,295.36,0.757
665,27,27.9,23.28,0.01615,0.68,150.0,0.05,984.97,673.18,311.79,298.46,0.683
666,27,27.5,23.23,0.01623,0.7,117.0,0.05,933.74,618.07,315.66,295.11,0.662
667,27,27.2,23.42,0.01664,0.73,41.0,0.05,847.23,510.8,336.43,306.68,0.603
668,27,26.8,23.49,0.01691,0.76,1.0,0.05,796.39,446.23,350.16,311.09,0.56
669,27,26.4,23.55,0.01717,0.79,0.0,0.05,795.01,431.46,363.55,315.25,0.543
670,27,26.1,23.7,0.0175,0.82,0.0,0.05,801.3,421.04,380.26,323.61,0.525
671,27,25.7,23.73,0.01773,0.85,0.0,0.05,798.7,407.24,391.46,326.03,0.51
672,28,25.5,23.54,0.01751,0.85,0.0,0.05,780.44,399.85,380.6,314.27,0.512
673,28,25.4,23.58,0.01762,0.86,0.0,0.05,781.56,395.72,385.84,316.8,0.506
674,28,25.2,23.52,0.01761,0.87,0.0,0.05,773.9,388.37,385.53,313.36,0.502
675,28,24.9,23.49,0.01772,0.89,0.0,0.05,768.6,377.71,390.89,312.78,0.491
676,28,24.5,23.24,0.01749,0.9,0.0,0.05,742.96,363.7,379.26,297.2,0.49
677,28,24.2,23.07,0.01736,0.91,0.0,0.05,725.84,352.85,372.99,287.47,0.486
678,28,24.0,23.0,0.01734,0.92,0.0,0.05,717.25,345.22,372.03,283.5,0.481
679,28,23.9,23.03,0.01743,0.93,0.0,0.05,718.86,342.5,376.36,286.92,0.476
680,28,23.7,22.71,0.01702,0.92,12.0,0.05,709.51,353.57,355.94,270.82,0.498
681,28,25.2,23.25,0.01721,0.85,175.0,0.15,1133.38,708.86,424.52,334.27,0.625
682,28,26.6,23.6,0.01714,0.78,442.0,0.15,1520.74,1100.15,420.59,356.28,0.723
683,28,28.1,23.93,0.01703,0.71,692.0,0.15,1888.58,1473.97,414.61,378.44,0.78
684,28,28.8,23.77,0.01648,0.66,871.0,0.15,2113.47,1729.69,383.78,366.15,0.818
685,28,29.5,23.38,0.01559,0.6,976.0,0.15,2225.4,1890.68,334.72,339.14,0.85
686,28,30.2,23.09,0.01486,0.55,1000.0,0.15,2242.27,1947.95,294.32,319.13,0.869
687,28,30.1,23.37,0.01534,0.57,933.0,0.15,2181.67,1860.8,320.86,338.75,0.853
688,28,30.0,23.46,0.01552,0.58,786.0,0.05,1838.67,1558.41,280.26,307.22,0.848
689,28,29.9,23.72,0.016,0.6,575.0,0.05,1590.1,1286.06,304.04,324.37,0.809
690,28,28.8,23.6,0.01627,0.65,314.0,0.05,1234.35,916.49,317.86,317.65,0.742
691,28,27.7,23.41,0.01642,0.7,80.0,0.05,906.26,580.7,325.56,306.11,0.641
692,28,26.6,23.16,0.0165,0.75,2.0,0.05,773.61,444.26,329.35,291.49,0.574
693,28,26.2,23.08,0.01653,0.77,0.0,0.05,758.46,427.63,330.83,286.25,0.564
694,28,25.9,23.09,0.01666,0.79,0.0,0.05,754.34,416.72,337.62,286.8,0.552
695,28,25.5,23.13,0.01688,0.82,0.0,0.05,751.03,402.49,348.54,289.0,0.536
696,29,25.0,22.93,0.01678,0.84,0.0,0.05,728.49,384.89,343.6,277.11,0.528
697,29,24.4,22.75,0.01678,0.87,0.0,0.05,707.65,363.85,343.8,267.66,0.514
698,29,23.9,22.65,0.01685,0.9,0.0,0.05,694.71,347.5,347.2,263.93,0.5
699,29,23.7,22.46,0.01666,0.9,0.0,0.05,680.11,342.5,337.61,256.37,0.504
700,29,23.4,22.29,0.01654,0.91,0.0,0.05,667.47,335.92,331.56,251.6,0.503
701,29,23.2,22.1,0.01634,0.91,0.0,0.05,652.3,331.03,321.27,243.49,0.507
702,29,23.3,22.2,0.01644,0.91,0.0,0.05,657.67,331.27,326.4,247.53,0.504
703,29,23.4,22.29,0.01652,0.91,0.0,0.05,662.48,331.77,330.71,250.93,0.501
704,29,23.5,22.39,0.01663,0.91,12.0,0.525,1427.74,824.75,602.99,404.73,0.578
705,29,25.2,22.98,0.0168,0.83,133.0,1.0,2412.89,1526.38,886.5,610.81,0.633
706,29,27.0,24.12,0.01779,0.79,306.0,1.0,2824.93,1841.57,983.36,759.67,0.652
707,29,27.7,24.03,0.01735,0.74,462.0,1.0,3019.81,2079.26,940.55,745.93,0.689
708,29,28.6,24.07,0.01706,0.69,581.0,1.0,3192.15,2280.04,912.11,751.94,0.714
709,29,29.4,23.97,0.01656,0.64,651.0,1.0,3276.72,2413.14,863.57,736.59,0.736
710,29,30.3,23.9,0.01608,0.59,668.0,1.0,3300.67,2483.64,817.03,726.49,0.752
711,29,30.0,23.64,0.0158,0.59,628.0,1.0,3209.02,2419.36,789.66,691.69,0.754
712,29,29.8,23.64,0.0159,0.6,536.0,1.0,3092.62,2293.01,799.61,693.59,0.741
713,29,29.5,23.37,0.01562,0.6,399.0,1.0,2875.84,2103.38,772.46,658.98,0.731
714,29,28.4,23.41,0.01614,0.66,231.0,1.0,2654.82,1832.31,822.52,665.24,0.69
715,29,27.2,23.26,0.0164,0.72,66.0,0.5,1598.17,1025.45,572.73,462.75,0.642
716,29,26.1,23.13,0.01666,0.78,2.0,0.05,764.25,426.55,337.7,290.06,0.558
717,29,25.8,23.13,0.01677,0.8,0.0,0.05,756.46,413.07,343.39,289.75,0.546
718,29,25.5,23.13,0.01689,0.82,0.0,0.05,751.51,402.11,349.41,289.69,0.535
719,29,25.2,23.12,0.017,0.84,0.0,0.05,746.02,391.11,354.91,289.22,0.524
720,30,25.0,23.06,0.017,0.85,0.0,0.05,738.2,383.37,354.84,285.96,0.519
721,30,24.7,22.91,0.01689,0.86,0.0,0.05,721.76,372.38,349.38,276.85,0.516
722,30,24.5,22.84,0.01689,0.87,0.0,0.05,713.67,364.64,349.03,273.38,0.511
723,30,24.2,22.69,0.01679,0.88,0.0,0.05,697.83,353.66,344.18,264.75,0.507
724,30,24.0,22.62,0.01678,0.89,0.0,0.05,689.48,345.92,343.56,261.06,0.502
725,30,23.5,22.39,0.01666,0.91,0.0,0.05,673.98,336.38,337.6,256.37,0.499
726,30,23.5,22.39,0.01664,0.91,0.0,0.05,671.83,335.09,336.75,255.69,0.499
727,30,23.6,22.49,0.01675,0.91,0.0,0.05,677.61,335.65,341.96,259.8,0.495
728,30,23.6,22.49,0.01673,0.91,5.0,0.525,1428.64,818.02,610.62,411.25,0.573
729,30,24.9,23.36,0.01751,0.88,84.0,1.0,2404.7,1448.6,956.1,662.31,0.602
730,30,26.1,23.97,0.01796,0.84,256.0,1.0,2731.3,1731.29,1000.01,743.16,0.634
731,30,27.4,24.64,0.01848,0.8,462.0,1.0,3114.03,2063.47,1050.55,833.39,0.663
732,30,28.1,24.55,0.01806,0.75,581.0,1.0,3262.92,2253.79,1009.13,820.89,0.691
733,30,28.7,24.48,0.01769,0.71,651.0,1.0,3349.83,2376.32,973.51,810.08,0.709
734,30,29.4,24.3,0.01713,0.66,667.0,1.0,3353.53,2434.88,918.66,785.62,0.726
735,30,29.2,24.29,0.01719,0.67,628.0,1.0,3301.25,2376.62,924.63,783.98,0.72
736,30,28.9,24.34,0.01742,0.69,536.0,1.0,3192.0,2244.81,947.19,793.61,0.703
737,30,28.7,24.32,0.01747,0.7,399.0,1.0,3012.09,2060.02,952.07,790.99,0.684
738,30,27.9,24.21,0.01763,0.74,261.0,1.0,2810.59,1842.69,967.9,777.24,0.656
739,30,26.9,23.88,0.01751,0.78,82.0,0.5,1684.09,1031.16,652.92,523.67,0.612
740,30,26.6,23.89,0.01763,0.8,2.0,0.05,827.24,440.78,386.46,336.5,0.533
741,30,26.3,23.89,0.01776,0.82,0.0,0.05,820.79,427.9,392.89,336.77,0.521
742,30,26.1,24.11,0.0182,0.85,0.0,0.05,836.16,420.75,415.41,351.32,0.503
743,30,25.9,24.19,0.01842,0.87,0.0,0.05,839.83,413.55,426.28,356.68,0.492
744,31,25.9,24.46,0.01885,0.89,0.0,0.05,861.18,412.87,448.31,374.05,0.479
745,31,26.0,24.83,0.01943,0.91,0.0,0.05,892.9,415.57,477.33,398.52,0.465
746,31,26.0,25.09,0.01987,0.93,0.0,0.05,914.71,415.13,499.58,416.06,0.454
747,31,26.1,25.32,0.02023,0.94,0.0,0.05,936.0,418.03,517.97,432.16,0.447
748,31,26.1,25.58,0.02068,0.96,0.0,0.05,958.19,417.76,540.43,449.86,0.436
749,31,26.0,25.62,0.02077,0.97,0.0,0.05,959.49,414.24,545.24,452.05,0.432
750,31,25.9,25.9,0.02131,1.0,0.0,0.05,982.89,410.7,572.19,471.7,0.418
751,31,26.0,26.0,0.02144,1.0,0.0,0.05,992.49,413.69,578.8,478.51,0.417
752,31,26.1,25.84,0.02112,0.98,12.0,0.525,1863.87,928.78,935.09,742.1,0.498
753,31,27.0,26.21,0.02137,0.94,132.0,1.0,2957.2,1625.66,1331.54,1069.56,0.55
754,31,29.0,26.74,0.02144,0.84,456.0,1.0,3483.26,2144.94,1338.32,1145.21,0.616
755,31,30.0,27.24,0.02192,0.81,460.0,1.0,3588.12,2203.33,1384.79,1221.37,0.614
756,31,30.0,26.31,0.02024,0.75,580.0,1.0,3581.09,2359.3,1221.79,1076.29,0.659
757,31,31.0,26.41,0.02002,0.7,650.0,1.0,3702.53,2502.47,1200.06,1091.76,0.676
758,31,30.7,26.3,0.01996,0.71,666.0,1.0,3703.82,2509.67,1194.15,1076.06,0.678
759,31,31.0,26.41,0.02004,0.7,626.0,1.0,3677.57,2475.52,1202.06,1093.54,0.673
760,31,31.0,26.58,0.02036,0.71,535.0,1.0,3593.26,2360.43,1232.84,1120.93,0.657
761,31,31.0,26.74,0.02065,0.72,398.0,1.0,3447.75,2186.11,1261.64,1146.57,0.634
762,31,29.0,26.74,0.02151,0.84,231.0,1.0,3214.67,1869.91,1344.76,1150.94,0.582
763,31,27.9,25.98,0.02063,0.86,67.0,0.5,1941.66,1062.04,879.62,741.9,0.547
764,31,26.9,25.84,0.0208,0.92,2.0,0.05,1005.01,458.51,546.5,467.45,0.456
765,31,27.0,26.21,0.02137,0.94,0.0,0.05,1033.42,457.87,575.54,491.95,0.443
766,31,27.0,26.21,0.02137,0.94,0.0,0.05,1032.31,456.76,575.54,491.95,0.442
767,31,27.1,26.04,0.02101,0.92,0.0,0.05,1016.23,459.09,557.15,479.05,0.452
768,32,27.0,26.21,0.02135,0.94,0.0,0.05,1029.48,455.04,574.44,491.07,0.442
769,32,27.0,26.21,0.02135,0.94,0.0,0.05,1028.75,454.32,574.44,491.07,0.442
770,32,26.8,26.01,0.02111,0.94,0.0,0.05,1009.63,447.13,562.5,478.46,0.443
771,32,27.0,26.21,0.02137,0.94,0.0,0.05,1028.57,453.02,575.54,491.95,0.44
772,32,26.5,25.72,0.02075,0.94,0.0,0.05,980.45,436.17,544.28,459.3,0.445
773,32,26.1,25.58,0.0207,0.96,0.0,0.05,963.85,422.35,541.51,450.71,0.438
774,32,26.0,25.22,0.02013,0.94,0.0,0.05,931.01,418.21,512.8,426.48,0.449
775,32,26.0,25.22,0.02011,0.94,0.0,0.05,929.16,417.41,511.75,425.66,0.449
776,32,26.2,25.55,0.02058,0.95,12.0,0.525,1831.23,936.22,895.01,710.37,0.511
777,32,28.0,25.79,0.02019,0.84,132.0,1.0,2896.94,1680.1,1216.84,1002.28,0.58
778,32,28.9,26.2,0.02053,0.81,361.0,1.0,3270.42,2021.0,1249.42,1062.6,0.618
779,32,29.8,26.28,0.02028,0.76,604.0,1.0,3605.65,2380.31,1225.34,1072.49,0.66
780,32,31.0,26.41,0.02,0.7,581.0,1.0,3612.38,2414.31,1198.07,1089.99,0.668
781,32,32.0,27.49,0.02154,0.71,974.0,1.0,4320.41,2972.13,1348.28,1258.49,0.688
782,32,32.6,26.63,0.01974,0.63,667.0,1.0,3784.61,2611.74,1172.87,1123.25,0.69
783,32,31.0,26.41,0.02004,0.7,628.0,1.0,3683.69,2481.64,1202.06,1093.54,0.674
784,32,30.0,26.31,0.02029,0.75,536.0,1.0,3539.0,2313.18,1225.83,1079.89,0.654
785,32,25.9,22.8,0.01629,0.77,153.0,1.0,2448.48,1610.7,837.79,591.82,0.658
786,32,24.0,23.26,0.01778,0.94,233.0,1.0,2595.69,1613.04,982.66,654.62,0.621
787,32,24.0,23.26,0.01778,0.94,67.0,0.5,1568.05,895.03,673.02,468.55,0.571
788,32,25.0,24.24,0.01891,0.94,2.0,0.05,841.42,390.01,451.41,362.09,0.464
789,32,25.0,24.24,0.01889,0.94,0.0,0.05,836.18,385.74,450.44,361.32,0.461
790,32,25.0,24.24,0.01889,0.94,0.0,0.05,834.71,384.27,450.44,361.32,0.46
791,32,25.2,24.44,0.01911,0.94,0.0,0.05,850.8,389.56,461.24,373.03,0.458
792,33,25.0,24.24,0.01888,0.94,0.0,0.05,831.49,382.03,449.46,360.55,0.459
793,33,26.0,24.56,0.01897,0.89,0.0,0.05,868.0,413.87,454.13,380.24,0.477
794,33,23.3,23.18,0.01791,0.99,0.0,0.05,736.84,336.29,400.55,305.98,0.456
795,33,23.0,23.0,0.01778,1.0,0.0,0.05,723.36,329.39,393.97,300.8,0.455
796,33,24.0,23.26,0.01777,0.94,0.0,0.05,737.82,344.39,393.43,300.37,0.467
797,33,23.6,23.36,0.01811,0.98,0.0,0.05,747.5,336.74,410.77,314.04,0.45
798,33,23.7,23.33,0.01803,0.97,0.0,0.05,744.15,337.36,406.79,310.9,0.453
799,33,23.9,23.41,0.01804,0.96,0.0,0.05,747.3,339.87,407.42,311.4,0.455
800,33,24.0,23.51,0.01815,0.96,12.0,0.525,1549.1,833.2,715.9,501.29,0.538
801,33,26.0,24.56,0.01897,0.89,133.0,1.0,2665.79,1568.03,1097.77,826.69,0.588
802,33,27.0,24.83,0.01899,0.84,306.0,1.0,2942.32,1842.38,1099.94,863.43,0.626
803,33,28.7,25.26,0.01895,0.76,463.0,1.0,3229.29,2132.84,1096.45,919.49,0.66
804,33,29.0,25.23,0.01879,0.74,873.0,1.0,3757.23,2676.46,1080.77,915.97,0.712
805,33,31.0,25.73,0.0188,0.66,653.0,1.0,3581.31,2499.58,1081.72,986.44,0.698
806,33,30.4,26.03,0.01959,0.71,668.0,1.0,3649.06,2490.93,1158.13,1033.56,0.683
807,33,31.0,26.41,0.02002,0.7,629.0,1.0,3674.21,2474.15,1200.06,1091.76,0.673
808,33,28.0,25.05,0.01899,0.79,538.0,1.0,3305.15,2204.95,1100.19,898.46,0.667
809,33,29.0,25.38,0.01913,0.75,401.0,1.0,3194.8,2080.98,1113.81,945.39,0.651
810,33,29.0,25.22,0.01885,0.74,234.0,1.0,2953.91,1867.53,1086.38,920.97,0.632
811,33,27.0,24.83,0.01903,0.84,102.0,0.5,1827.47,1064.01,763.46,620.42,0.582
812,33,26.0,24.56,0.01901,0.89,2.0,0.05,879.87,423.78,456.09,381.78,0.482
813,33,26.0,23.18,0.0168,0.79,0.0,0.05,764.48,420.0,344.48,293.8,0.549
814,33,26.0,23.88,0.01787,0.84,0.0,0.05,817.74,418.96,398.78,336.61,0.512
815,33,25.4,23.44,0.01744,0.85,0.0,0.05,775.37,398.37,377.0,309.84,0.514
816,34,25.2,23.52,0.01765,0.87,0.0,0.05,778.01,390.66,387.35,314.79,0.502
817,34,25.0,23.59,0.01784,0.89,0.0,0.05,780.29,382.98,397.31,319.44,0.491
818,34,25.1,23.95,0.01837,0.91,0.0,0.05,808.99,385.16,423.83,341.94,0.476
819,34,25.0,24.24,0.01888,0.94,0.0,0.05,830.46,381.0,449.46,360.55,0.459
820,34,25.0,24.24,0.01888,0.94,0.0,0.05,829.64,380.17,449.46,360.55,0.458
821,34,24.9,24.01,0.01857,0.93,0.0,0.05,810.38,376.18,434.2,346.92,0.464
822,34,24.9,23.88,0.01837,0.92,0.0,0.05,799.32,375.5,423.82,338.74,0.47
823,34,25.0,23.98,0.01848,0.92,0.0,0.05,807.73,378.19,429.53,344.84,0.468
824,34,25.0,23.85,0.01826,0.91,12.0,0.05,811.29,393.14,418.15,335.87,0.485
825,34,26.0,24.56,0.01897,0.89,133.0,0.15,1207.01,685.12,521.88,427.23,0.568
826,34,26.0,23.88,0.01785,0.84,306.0,0.15,1367.45,907.32,460.13,377.39,0.664
827,34,26.1,24.39,0.01862,0.87,464.0,0.15,1616.5,1113.72,502.78,413.62,0.689
828,34,28.0,25.06,0.01892,0.79,583.0,0.15,1851.7,1332.73,518.97,460.86,0.72
829,34,29.0,24.59,0.01775,0.7,655.0,0.15,1915.59,1461.3,454.29,426.65,0.763
830,34,30.3,24.07,0.01638,0.6,673.0,0.15,1909.76,1531.46,378.3,388.71,0.802
831,34,30.0,24.84,0.01774,0.66,632.0,0.15,1924.95,1470.84,454.11,444.49,0.764
832,34,29.0,23.94,0.01674,0.66,542.0,0.05,1553.9,1212.22,341.68,339.63,0.78
833,34,29.2,23.96,0.01668,0.65,404.0,0.05,1381.26,1042.79,338.47,340.3,0.755
834,34,28.0,23.68,0.01675,0.7,235.0,0.05,1129.97,787.64,342.32,324.13,0.697
835,34,27.0,24.12,0.01785,0.79,103.0,0.05,983.1,585.64,397.46,351.58,0.596
836,34,26.8,23.34,0.01671,0.75,2.0,0.05,789.35,449.01,340.34,303.35,0.569
837,34,26.0,23.18,0.01678,0.79,0.0,0.05,763.24,419.62,343.61,293.12,0.55
838,34,26.0,23.88,0.01785,0.84,0.0,0.05,816.49,418.63,397.86,335.88,0.513
839,34,26.1,23.84,0.01774,0.83,0.0,0.05,813.31,421.05,392.26,333.07,0.518
840,35,26.0,23.88,0.01785,0.84,0.0,0.05,814.95,417.09,397.86,335.88,0.512
841,35,25.0,23.59,0.01782,0.89,0.0,0.05,780.03,383.64,396.39,318.72,0.492
842,35,25.4,23.58,0.01763,0.86,0.0,0.05,782.33,395.58,386.75,317.52,0.506
843,35,25.0,23.59,0.01782,0.89,0.0,0.05,778.07,381.68,396.39,318.72,0.491
844,35,25.0,23.59,0.01784,0.89,0.0,0.05,778.07,380.76,397.31,319.44,0.489
845,35,25.1,23.69,0.01795,0.89,0.0,0.05,786.1,383.25,402.85,325.41,0.488
846,35,25.0,23.59,0.01784,0.89,0.0,0.05,776.66,379.35,397.31,319.44,0.488
847,35,25.0,23.59,0.01782,0.89,0.0,0.05,775.14,378.75,396.39,318.72,0.489
848,35,25.0,23.59,0.01782,0.89,12.0,0.05,790.01,393.62,396.39,318.72,0.498
849,35,26.0,23.88,0.01785,0.84,50.0,0.15,1039.2,579.07,460.13,377.39,0.557
850,35,27.0,24.12,0.01779,0.79,116.0,0.15,1155.42,698.75,456.68,392.6,0.605
851,35,27.0,24.69,0.01872,0.83,176.0,0.15,1284.63,776.53,508.1,434.09,0.604
852,35,29.0,25.23,0.01875,0.74,584.0,0.15,1880.23,1370.16,510.07,471.66,0.729
853,35,30.0,25.5,0.01881,0.7,655.0,0.15,2011.26,1497.88,513.38,492.33,0.745
854,35,29.5,24.89,0.01801,0.69,672.0,0.15,1973.6,1504.53,469.07,447.57,0.762
855,35,29.0,24.59,0.01775,0.7,634.0,0.15,1894.3,1440.01,454.29,426.65,0.76
856,35,29.0,25.23,0.01881,0.74,541.0,0.05,1657.79,1211.51,446.27,422.07,0.731
857,35,28.5,24.61,0.01802,0.73,404.0,0.05,1426.76,1020.32,406.44,382.67,0.715
858,35,28.2,24.64,0.01818,0.75,236.0,0.05,1210.0,795.48,414.52,384.23,0.657
859,35,28.0,25.06,0.01893,0.79,69.0,0.05,1027.41,574.95,452.45,410.93,0.56
860,35,27.0,24.83,0.01899,0.84,2.0,0.05,911.55,456.29,455.26,397.14,0.501
861,35,26.0,24.56,0.01895,0.89,0.0,0.05,873.53,420.38,453.16,379.47,0.481
862,35,25.7,24.14,0.01839,0.88,0.0,0.05,834.37,409.44,424.93,352.41,0.491
863,35,25.5,24.08,0.01836,0.89,0.0,0.05,825.18,401.74,423.44,348.04,0.487
864,36,26.0,24.56,0.01893,0.89,0.0,0.05,869.22,417.04,452.18,378.7,0.48
865,36,25.6,24.17,0.01849,0.89,0.0,0.05,833.35,403.28,430.07,354.87,0.484
866,36,25.2,24.18,0.01867,0.92,0.0,0.05,828.48,389.35,439.13,355.61,0.47
867,36,25.0,24.24,0.01886,0.94,0.0,0.05,830.34,381.85,448.49,359.78,0.46
868,36,25.0,24.24,0.01888,0.94,0.0,0.05,830.37,380.91,449.46,360.55,0.459
869,36,24.9,24.01,0.01855,0.93,0.0,0.05,810.06,376.81,433.25,346.16,0.465
870,36,25.0,24.24,0.01888,0.94,0.0,0.05,828.79,379.33,449.46,360.55,0.458
871,36,25.0,23.85,0.01824,0.91,0.0,0.05,795.94,378.73,417.21,335.13,0.476
872,36,25.1,23.95,0.01835,0.91,12.0,0.525,1614.33,884.09,730.24,541.5,0.548
873,36,26.0,24.15,0.01827,0.86,133.0,1.0,2602.72,1572.57,1030.15,766.5,0.604
874,36,27.0,24.83,0.01895,0.84,307.0,1.0,2943.76,1847.59,1096.17,860.08,0.628
875,36,27.7,24.63,0.01832,0.78,465.0,1.0,3121.62,2087.2,1034.43,829.48,0.669
876,36,28.0,25.06,0.0189,0.79,585.0,1.0,3348.53,2257.75,1090.78,890.08,0.674
877,36,29.0,24.59,0.01773,0.7,657.0,1.0,3380.3,2402.88,977.42,824.0,0.711
878,36,29.1,24.52,0.01759,0.69,674.0,1.0,3395.47,2431.49,963.98,815.52,0.716
879,36,29.0,24.59,0.01775,0.7,635.0,1.0,3356.96,2377.78,979.18,825.56,0.708
880,36,29.0,24.75,0.01803,0.71,543.0,1.0,3267.32,2260.98,1006.33,849.73,0.692
881,36,29.0,24.91,0.01829,0.72,405.0,1.0,3116.77,2085.02,1031.74,872.35,0.669
882,36,28.0,24.3,0.01772,0.74,237.0,1.0,2795.29,1818.83,976.46,788.33,0.651
883,36,27.0,24.83,0.01901,0.84,70.0,0.5,1783.57,1021.53,762.04,619.21,0.573
884,36,26.5,24.36,0.01842,0.84,2.0,0.05,865.56,438.93,426.63,366.56,0.507
885,36,26.2,24.21,0.01831,0.85,0.0,0.05,846.82,425.8,421.02,357.34,0.503
886,36,26.0,24.56,0.01895,0.89,0.0,0.05,871.58,418.42,453.16,379.47,0.48
887,36,25.9,24.19,0.0184,0.87,0.0,0.05,839.65,414.31,425.33,355.94,0.493
888,37,26.0,23.88,0.01785,0.84,0.0,0.05,814.67,416.81,397.86,335.88,0.512
889,37,26.0,23.88,0.01785,0.84,0.0,0.05,814.06,416.2,397.86,335.88,0.511
890,37,25.2,23.92,0.01827,0.9,0.0,0.05,808.4,389.43,418.97,339.72,0.482
891,37,25.0,23.59,0.01784,0.89,0.0,0.05,779.22,381.91,397.31,319.44,0.49
892,37,25.0,23.59,0.01784,0.89,0.0,0.05,778.28,380.96,397.31,319.44,0.489
893,37,25.0,23.72,0.01807,0.9,0.0,0.05,788.8,380.14,408.66,328.38,0.482
894,37,25.0,23.59,0.01784,0.89,0.0,0.05,776.75,379.43,397.31,319.44,0.488
895,37,25.0,23.59,0.01784,0.89,0.0,0.05,776.13,378.82,397.31,319.44,0.488
896,37,25.0,23.46,0.01764,0.88,12.0,0.525,1557.56,879.95,677.61,493.95,0.565
897,37,26.0,23.88,0.01785,0.84,133.0,1.0,2561.99,1572.57,989.42,730.25,0.614
898,37,28.0,24.3,0.01768,0.74,308.0,1.0,2873.43,1900.48,972.95,785.21,0.661
899,37,28.2,24.34,0.01765,0.73,466.0,1.0,3084.41,2114.91,969.5,789.1,0.686
900,37,30.0,25.5,0.01881,0.7,586.0,1.0,3445.95,2363.09,1082.85,952.64,0.686
901,37,30.0,24.84,0.01773,0.66,658.0,1.0,3434.85,2457.75,977.1,858.52,0.716
902,37,30.5,24.6,0.01714,0.62,676.0,1.0,3428.5,2508.63,919.87,824.98,0.732
903,37,30.0,24.16,0.01664,0.62,955.0,1.0,3714.24,2842.74,871.5,764.53,0.765
904,37,30.0,24.16,0.01666,0.62,817.0,1.0,3540.32,2667.17,873.15,766.0,0.753
905,37,30.0,24.15,0.01667,0.62,407.0,1.0,3017.31,2142.51,874.8,767.47,0.71
906,37,29.0,24.59,0.01778,0.7,238.0,1.0,2857.91,1875.21,982.7,828.7,0.656
907,37,28.0,23.68,0.01674,0.7,70.0,0.5,1663.83,1066.88,596.95,503.34,0.641
908,37,27.0,24.26,0.01808,0.8,2.0,0.05,868.31,459.11,409.2,360.83,0.529
909,37,26.0,23.18,0.01678,0.79,0.0,0.05,766.42,422.81,343.61,293.12,0.552
910,37,26.0,23.18,0.01678,0.79,0.0,0.05,764.99,421.38,343.61,293.12,0.551
911,37,25.5,23.4,0.01732,0.84,0.0,0.05,774.54,403.75,370.79,306.54,0.521
912,38,25.0,23.59,0.01782,0.89,0.0,0.05,782.36,385.97,396.39,318.72,0.493
913,38,25.0,23.59,0.01784,0.89,0.0,0.05,781.78,384.47,397.31,319.44,0.492
914,38,25.5,23.54,0.01755,0.85,0.0,0.05,781.97,399.58,382.4,315.69,0.511
915,38,26.0,23.88,0.01787,0.84,0.0,0.05,813.95,415.17,398.78,336.61,0.51
916,38,25.0,23.59,0.01786,0.89,0.0,0.05,780.21,381.98,398.23,320.17,0.49
917,38,25.1,23.15,0.01714,0.85,0.0,0.05,746.17,384.3,361.87,293.11,0.515
918,38,25.3,23.35,0.01735,0.85,0.0,0.05,762.62,390.09,372.53,304.71,0.512
919,38,25.4,23.31,0.01725,0.84,0.0,0.05,760.08,392.84,367.24,302.14,0.517
920,38,25.6,23.5,0.01746,0.84,12.0,0.525,1570.8,906.3,664.5,497.99,0.577
921,38,26.5,23.93,0.01775,0.81,133.0,1.0,2578.65,1599.63,979.02,738.4,0.62
922,38,27.3,24.4,0.01815,0.79,308.0,1.0,2884.32,1865.76,1018.57,801.44,0.647
923,38,28.2,24.79,0.0184,0.76,466.0,1.0,3157.79,2115.68,1042.11,853.72,0.67
924,38,29.0,24.59,0.01775,0.7,588.0,1.0,3293.9,2314.72,979.18,825.56,0.703
925,38,30.0,24.84,0.01773,0.66,659.0,1.0,3436.09,2458.99,977.1,858.52,0.716
926,38,29.4,24.8,0.01791,0.69,676.0,1.0,3446.57,2451.83,994.75,853.34,0.711
927,38,30.0,24.84,0.01774,0.66,637.0,1.0,3412.98,2434.12,978.86,860.09,0.713
928,38,29.0,24.59,0.01778,0.7,545.0,1.0,3248.75,2266.05,982.7,828.7,0.698
929,38,28.8,24.73,0.01809,0.72,407.0,1.0,3091.89,2079.42,1012.46,848.22,0.673
930,38,28.0,24.3,0.01774,0.74,238.0,1.0,2800.07,1821.85,978.22,789.9,0.651
931,38,27.5,24.44,0.01815,0.78,70.0,0.5,1743.69,1043.89,699.8,578.59,0.599
932,38,27.0,24.26,0.01806,0.8,2.0,0.05,865.22,456.95,408.27,360.1,0.528
933,38,26.5,24.22,0.0182,0.83,0.0,0.05,852.58,437.35,415.23,357.58,0.513
934,38,26.0,24.56,0.01895,0.89,0.0,0.05,873.24,420.08,453.16,379.47,0.481
935,38,25.5,23.94,0.01815,0.88,0.0,0.05,815.34,402.62,412.72,339.59,0.494
936,39,25.0,23.59,0.01781,0.89,0.0,0.05,780.48,385.0,395.48,318.0,0.493
937,39,25.0,23.59,0.01782,0.89,0.0,0.05,780.02,383.63,396.39,318.72,0.492
938,39,25.0,23.46,0.01762,0.88,0.0,0.05,768.44,382.45,385.99,310.52,0.498
939,39,25.0,23.59,0.01784,0.89,0.0,0.05,778.74,381.43,397.31,319.44,0.49
940,39,25.0,23.59,0.01786,0.89,0.0,0.05,778.77,380.54,398.23,320.17,0.489
941,39,25.0,23.59,0.01786,0.89,0.0,0.05,778.01,379.78,398.23,320.17,0.488
942,39,25.0,23.59,0.01786,0.89,0.0,0.05,777.35,379.12,398.23,320.17,0.488
943,39,25.0,23.59,0.01786,0.89,0.0,0.05,776.78,378.55,398.23,320.17,0.487
944,39,25.1,23.56,0.01776,0.88,12.0,0.525,1570.89,883.94,686.96,504.48,0.563
945,39,26.0,23.88,0.01787,0.84,133.0,1.0,2563.62,1572.43,991.18,731.83,0.613
946,39,27.0,24.83,0.01899,0.84,461.0,1.0,3144.95,2045.01,1099.94,863.43,0.65
947,39,28.5,25.07,0.01873,0.76,467.0,1.0,3205.48,2130.95,1074.53,893.02,0.665
948,39,30.0,24.84,0.01773,0.66,882.0,1.0,3719.43,2742.33,977.1,858.52,0.737
949,39,29.0,24.59,0.01777,0.7,660.0,1.0,3389.27,2408.33,980.94,827.13,0.711
950,39,29.8,24.49,0.01726,0.65,678.0,1.0,3406.15,2474.12,932.03,811.44,0.726
951,39,30.0,24.84,0.01776,0.66,638.0,1.0,3415.48,2434.86,980.62,861.65,0.713
952,39,30.0,25.5,0.01889,0.7,545.0,1.0,3407.53,2317.18,1090.35,959.31,0.68
953,39,28.9,24.97,0.01848,0.73,408.0,1.0,3136.21,2086.09,1050.13,885.23,0.665
954,39,28.2,24.79,0.01847,0.76,239.0,1.0,2883.14,1833.71,1049.43,860.24,0.636
955,39,27.5,24.44,0.01817,0.78,71.0,0.5,1746.66,1045.51,701.15,579.74,0.599
956,39,26.8,24.22,0.01811,0.81,2.0,0.05,861.44,450.68,410.76,358.86,0.523
957,39,26.0,24.56,0.01899,0.89,0.0,0.05,876.19,421.07,455.11,381.01,0.481
958,39,26.0,24.56,0.01899,0.89,0.0,0.05,875.0,419.88,455.11,381.01,0.48
959,39,25.7,24.14,0.01841,0.88,0.0,0.05,834.89,409.01,425.87,353.16,0.49
960,40,25.0,24.24,0.01888,0.94,0.0,0.05,834.44,384.97,449.46,360.55,0.461
961,40,25.0,23.59,0.01786,0.89,0.0,0.05,781.84,383.61,398.23,320.17,0.491
962,40,25.6,24.04,0.01831,0.88,0.0,0.05,823.27,402.11,421.16,347.84,0.488
963,40,25.2,23.78,0.0181,0.89,0.0,0.05,798.63,388.35,410.29,332.87,0.486
964,40,24.9,23.62,0.01798,0.9,0.0,0.05,781.7,377.7,404.0,323.11,0.483
965,40,24.5,23.36,0.01776,0.91,0.0,0.05,756.69,363.69,393.0,308.04,0.481
966,40,24.0,23.26,0.01778,0.94,0.0,0.05,740.62,346.27,394.35,301.1,0.468
967,40,24.0,23.26,0.01778,0.94,0.0,0.05,739.43,345.09,394.35,301.1,0.467
968,40,24.8,23.66,0.01807,0.91,12.0,0.525,1579.67,870.08,709.58,516.21,0.551
969,40,27.0,24.83,0.01901,0.84,133.0,1.0,2724.65,1622.82,1101.83,865.11,0.596
970,40,28.0,25.06,0.01893,0.79,308.0,1.0,2994.47,1899.93,1094.54,893.42,0.634
971,40,29.1,25.16,0.01864,0.73,468.0,1.0,3229.55,2163.44,1066.11,906.41,0.67
972,40,30.0,24.84,0.01773,0.66,589.0,1.0,3344.19,2367.09,977.1,858.52,0.708
973,40,31.0,25.73,0.01882,0.66,660.0,1.0,3595.64,2512.05,1083.59,988.1,0.699
974,40,31.6,26.09,0.01921,0.65,677.0,1.0,3688.87,2567.41,1121.46,1042.69,0.696
975,40,30.0,25.5,0.01887,0.7,638.0,1.0,3525.91,2437.44,1088.47,957.64,0.691
976,40,29.0,25.22,0.01885,0.74,546.0,1.0,3355.47,2269.09,1086.38,920.97,0.676
977,40,27.1,25.35,0.01989,0.87,408.0,1.0,3182.01,1994.5,1187.51,944.85,0.627
978,40,27.0,24.11,0.01788,0.79,240.0,1.0,2765.28,1773.07,992.2,767.54,0.641
979,40,27.4,25.07,0.01926,0.83,71.0,0.5,1820.52,1040.6,779.92,644.42,0.572
980,40,27.8,25.01,0.01899,0.8,2.0,0.05,938.1,482.79,455.31,409.98,0.515
981,40,27.0,24.83,0.01901,0.84,0.0,0.05,910.13,453.89,456.24,397.91,0.499
982,40,25.0,25.0,0.02014,1.0,0.0,0.05,901.02,387.71,513.31,410.87,0.43
983,40,25.4,24.89,0.01977,0.96,0.0,0.05,893.69,399.1,494.59,402.52,0.447
984,41,26.0,24.56,0.01899,0.89,0.0,0.05,872.64,417.53,455.11,381.01,0.478
985,41,26.0,24.56,0.01899,0.89,0.0,0.05,871.93,416.82,455.11,381.01,0.478
986,41,25.3,24.41,0.01905,0.93,0.0,0.05,851.74,393.25,458.5,372.47,0.462
987,41,25.0,24.24,0.01891,0.94,0.0,0.05,833.85,382.44,451.41,362.09,0.459
988,41,25.0,24.24,0.01891,0.94,0.0,0.05,832.83,381.42,451.41,362.09,0.458
989,41,24.8,24.17,0.01889,0.95,0.0,0.05,824.06,373.97,450.09,357.84,0.454
990,41,25.0,24.24,0.01891,0.94,0.0,0.05,831.06,379.65,451.41,362.09,0.457
991,41,25.0,24.24,0.01889,0.94,0.0,0.05,829.44,379.01,450.44,361.32,0.457
992,41,24.7,23.95,0.01855,0.94,12.0,0.05,817.0,384.0,433.0,342.77,0.47
993,41,26.0,24.56,0.01899,0.89,200.0,0.15,1294.44,771.48,522.96,428.1,0.596
994,41,28.0,25.79,0.02017,0.84,462.0,0.15,1765.96,1177.36,588.6,517.05,0.667
995,41,28.8,25.66,0.01961,0.78,701.0,0.15,2070.42,1513.2,557.22,506.11,0.731
996,41,30.0,26.31,0.02022,0.75,588.0,0.15,2003.16,1411.74,591.42,555.3,0.705
997,41,31.0,26.41,0.02,0.7,989.0,0.15,2542.2,1963.15,579.05,563.31,0.772
998,41,31.4,26.26,0.01959,0.67,887.0,0.15,2405.18,1848.8,556.38,552.21,0.769
999,41,32.0,26.8,0.02029,0.67,968.0,0.15,2571.26,1976.05,595.21,594.34,0.769
1000,41,30.0,25.5,0.01889,0.7,831.0,0.05,2071.27,1620.99,450.28,441.24,0.783
1001,41,29.7,26.34,0.0205,0.77,409.0,0.05,1602.1,1070.77,531.33,500.32,0.668
1002,41,28.0,25.79,0.02023,0.84,240.0,0.05,1316.9,798.83,518.07,462.65,0.607
1003,41,27.0,26.21,0.02137,0.94,71.0,0.05,1124.27,548.72,575.54,491.95,0.488
1004,41,27.0,24.83,0.01901,0.84,2.0,0.05,915.38,459.14,456.24,397.91,0.502
1005,41,27.0,25.53,0.02018,0.89,0.0,0.05,970.87,455.64,515.23,444.41,0.469
1006,41,26.0,25.22,0.02007,0.94,0.0,0.05,931.7,422.03,509.68,424.02,0.453
1007,41,26.2,25.29,0.02007,0.93,0.0,0.05,937.09,427.27,509.82,427.34,0.456
1008,42,25.9,25.13,0.01995,0.94,0.0,0.05,919.92,416.41,503.5,417.55,0.453
1009,42,25.7,25.06,0.01992,0.95,0.0,0.05,910.97,408.79,502.18,413.31,0.449
1010,42,25.4,24.89,0.01977,0.96,0.0,0.05,892.49,397.9,494.59,402.52,0.446
1011,42,25.0,24.24,0.01888,0.94,0.0,0.05,833.15,383.69,449.46,360.55,0.461
1012,42,25.0,24.24,0.01888,0.94,0.0,0.05,831.96,382.5,449.46,360.55,0.46
1013,42,25.1,24.6,0.01943,0.96,0.0,0.05,862.13,384.75,477.38,384.15,0.446
1014,42,25.0,25.0,0.02012,1.0,0.0,0.05,892.91,380.64,512.27,410.05,0.426
1015,42,25.0,25.0,0.0201,1.0,0.0,0.05,891.1,379.87,511.23,409.23,0.426
1016,42,25.4,24.89,0.01975,0.96,12.0,0.05,901.28,407.71,493.57,401.72,0.452
1017,42,27.0,25.53,0.02014,0.89,133.0,0.15,1308.05,721.41,586.65,497.49,0.552
1018,42,28.2,26.27,0.02088,0.86,308.0,0.15,1615.94,988.33,627.61,552.13,0.612
1019,42,29.4,26.83,0.02135,0.82,467.0,0.15,1889.52,1235.38,654.14,595.13,0.654
1020,42,31.0,26.41,0.01996,0.7,589.0,0.15,2026.24,1449.45,576.78,561.48,0.715
1021,42,31.0,26.41,0.01996,0.7,661.0,0.15,2121.25,1544.46,576.78,561.48,0.728
1022,42,27.4,26.47,0.02161,0.93,677.0,0.15,2110.46,1442.06,668.41,570.66,0.683
1023,42,27.0,25.8,0.02065,0.91,639.0,0.15,1994.04,1379.15,614.89,520.28,0.692
1024,42,26.6,25.14,0.01969,0.89,548.0,0.05,1633.28,1142.5,490.78,418.73,0.7
1025,42,26.2,24.62,0.01902,0.88,410.0,0.05,1408.32,951.71,456.61,385.4,0.676
1026,42,27.0,24.12,0.01786,0.79,241.0,0.05,1158.74,760.36,398.38,352.31,0.656
1027,42,26.0,24.56,0.01901,0.89,72.0,0.05,966.66,510.57,456.09,381.78,0.528
1028,42,26.1,24.93,0.01955,0.91,2.0,0.05,906.59,423.26,483.33,404.86,0.467
1029,42,27.0,25.53,0.02016,0.89,0.0,0.05,963.77,449.59,514.19,443.58,0.466
1030,42,27.0,25.53,0.02016,0.89,0.0,0.05,963.79,449.6,514.19,443.58,0.466
1031,42,26.3,25.12,0.01975,0.91,0.0,0.05,920.05,426.65,493.4,415.99,0.464
1032,43,26.0,25.22,0.02005,0.94,0.0,0.05,925.03,416.39,508.64,423.2,0.45
1033,43,26.0,25.22,0.02005,0.94,0.0,0.05,924.47,415.83,508.64,423.2,0.45
1034,43,26.1,25.32,0.02019,0.94,0.0,0.05,934.52,418.63,515.88,430.51,0.448
1035,43,24.9,24.4,0.01917,0.96,0.0,0.05,843.32,378.92,464.4,370.72,0.449
1036,43,23.6,23.36,0.01807,0.98,0.0,0.05,750.52,341.62,408.9,312.57,0.455
1037,43,22.4,22.28,0.01695,0.99,0.0,0.05,671.88,319.75,352.13,267.82,0.476
1038,43,23.0,22.27,0.01668,0.94,0.0,0.05,666.27,327.6,338.67,257.21,0.492
1039,43,22.9,22.42,0.01694,0.96,0.0,0.05,676.11,324.36,351.75,267.52,0.48
1040,43,22.9,22.42,0.01692,0.96,5.0,0.525,1431.16,806.24,624.92,423.48,0.563
1041,43,23.0,23.0,0.01776,1.0,134.0,1.0,2429.22,1449.04,980.18,652.41,0.597
1042,43,24.0,23.26,0.01773,0.94,310.0,1.0,2667.98,1690.61,977.37,649.92,0.634
1043,43,25.0,23.46,0.0176,0.88,179.0,1.0,2538.77,1573.95,964.83,673.56,0.62
1044,43,26.0,24.02,0.01807,0.85,438.0,1.0,2968.87,1958.19,1010.68,749.18,0.66
1045,43,27.0,24.83,0.01899,0.84,663.0,1.0,3399.33,2299.39,1099.94,863.43,0.676
1046,43,27.3,24.98,0.0191,0.83,258.0,1.0,2907.53,1796.85,1110.68,883.42,0.618
1047,43,28.0,25.79,0.02019,0.84,640.0,1.0,3541.27,2324.43,1216.84,1002.28,0.656
1048,43,29.0,25.99,0.02015,0.79,548.0,1.0,3471.95,2259.73,1212.22,1032.97,0.651
1049,43,28.0,25.64,0.01999,0.83,411.0,1.0,3231.18,2034.48,1196.7,984.35,0.63
1050,43,27.0,25.53,0.0202,0.89,241.0,1.0,2983.43,1766.0,1217.42,967.99,0.592
1051,43,27.0,25.53,0.02018,0.89,108.0,0.5,1911.05,1064.16,846.89,691.57,0.557
1052,43,26.0,25.22,0.02009,0.94,2.0,0.05,927.96,417.25,510.71,424.84,0.45
1053,43,26.0,25.22,0.02007,0.94,0.0,0.05,924.04,414.36,509.68,424.02,0.448
1054,43,26.0,25.22,0.02007,0.94,0.0,0.05,923.76,414.08,509.68,424.02,0.448
1055,43,26.0,25.22,0.02005,0.94,0.0,0.05,922.48,413.84,508.64,423.2,0.449
1056,44,26.0,25.22,0.02005,0.94,0.0,0.05,922.27,413.63,508.64,423.2,0.448
1057,44,26.0,25.22,0.02007,0.94,0.0,0.05,923.13,413.45,509.68,424.02,0.448
1058,44,25.6,24.96,0.0198,0.95,0.0,0.05,896.22,400.18,496.04,406.87,0.447
1059,44,25.8,24.9,0.01961,0.93,0.0,0.05,892.73,406.35,486.38,402.45,0.455
1060,44,26.0,25.22,0.02007,0.94,0.0,0.05,922.39,412.71,509.68,424.02,0.447
1061,44,25.5,24.86,0.0197,0.95,0.0,0.05,887.21,396.25,490.95,401.26,0.447
1062,44,25.2,24.82,0.01974,0.97,0.0,0.05,879.06,386.05,493.01,398.08,0.439
1063,44,25.0,24.24,0.01888,0.94,0.0,0.05,828.46,378.99,449.46,360.55,0.457
1064,44,25.5,24.99,0.01989,0.96,12.0,0.525,1745.31,901.2,844.11,649.05,0.516
1065,44,28.0,25.79,0.02015,0.84,134.0,1.0,2890.33,1677.5,1212.83,998.71,0.58
1066,44,28.0,25.79,0.02015,0.84,310.0,1.0,3117.5,1904.67,1212.83,998.71,0.611
1067,44,28.5,25.68,0.01973,0.8,470.0,1.0,3308.38,2136.93,1171.46,979.29,0.646
1068,44,30.0,26.31,0.0202,0.75,591.0,1.0,3588.67,2370.91,1217.76,1072.71,0.661
1069,44,30.2,26.01,0.01962,0.72,663.0,1.0,3636.83,2475.7,1161.13,1029.27,0.681
1070,44,30.5,25.96,0.0194,0.7,681.0,1.0,3655.87,2516.22,1139.66,1020.6,0.688
1071,44,30.0,26.31,0.02024,0.75,961.0,1.0,4073.23,2851.45,1221.79,1076.29,0.7
1072,44,27.0,26.21,0.02135,0.94,548.0,1.0,3497.59,2168.18,1329.41,1067.66,0.62
1073,44,26.5,25.85,0.02096,0.95,411.0,1.0,3257.36,1965.91,1291.45,1016.47,0.604
1074,44,27.0,25.53,0.02018,0.89,241.0,1.0,2988.12,1772.71,1215.41,966.2,0.593
1075,44,26.0,25.22,0.02009,0.94,72.0,0.5,1822.46,982.06,840.4,661.12,0.539
1076,44,26.0,25.22,0.02007,0.94,2.0,0.05,931.31,421.63,509.68,424.02,0.453
1077,44,26.0,25.22,0.02007,0.94,0.0,0.05,927.83,418.15,509.68,424.02,0.451
1078,44,26.0,25.22,0.02005,0.94,0.0,0.05,926.0,417.36,508.64,423.2,0.451
1079,44,26.1,24.93,0.01949,0.91,0.0,0.05,900.27,419.95,480.31,402.47,0.466
1080,45,26.0,25.22,0.02003,0.94,0.0,0.05,923.75,416.14,507.61,422.39,0.45
1081,45,26.0,25.22,0.02003,0.94,0.0,0.05,923.23,415.62,507.61,422.39,0.45
1082,45,25.8,24.77,0.01935,0.92,0.0,0.05,882.02,408.61,473.41,392.23,0.463
1083,45,26.0,24.56,0.01895,0.89,0.0,0.05,867.82,414.66,453.16,379.47,0.478
1084,45,26.0,24.56,0.01897,0.89,0.0,0.05,868.47,414.34,454.13,380.24,0.477
1085,45,25.5,24.6,0.01925,0.93,0.0,0.05,866.03,397.66,468.37,383.46,0.459
1086,45,25.0,24.24,0.01888,0.94,0.0,0.05,830.17,380.71,449.46,360.55,0.459
1087,45,26.0,24.56,0.01895,0.89,0.0,0.05,865.88,412.73,453.16,379.47,0.477
1088,45,25.8,24.37,0.01872,0.89,12.0,0.525,1672.84,915.29,757.55,582.64,0.547
1089,45,27.0,24.83,0.01895,0.84,135.0,1.0,2724.78,1628.6,1096.17,860.08,0.598
1090,45,28.0,25.79,0.02013,0.84,310.0,1.0,3116.1,1905.28,1210.83,996.92,0.611
1091,45,28.5,25.07,0.01871,0.76,471.0,1.0,3211.41,2138.73,1072.68,891.37,0.666
1092,45,30.0,25.51,0.0188,0.7,593.0,1.0,3454.91,2373.92,1080.99,950.98,0.687
1093,45,29.0,25.23,0.01877,0.74,665.0,1.0,3495.63,2416.73,1078.9,914.32,0.691
1094,45,29.9,26.38,0.02036,0.76,681.0,1.0,3717.87,2484.84,1233.03,1082.82,0.668
1095,45,30.0,24.84,0.01773,0.66,644.0,1.0,3421.2,2444.1,977.1,858.52,0.714
1096,45,30.0,25.5,0.01883,0.7,551.0,1.0,3410.94,2326.22,1084.72,954.3,0.682
1097,45,29.7,25.55,0.01907,0.72,413.0,1.0,3242.26,2134.94,1107.33,963.98,0.658
1098,45,29.0,25.23,0.01881,0.74,242.0,1.0,2962.97,1880.33,1082.63,917.64,0.635
1099,45,27.0,24.83,0.01899,0.84,72.0,0.5,1788.36,1027.73,760.63,618.01,0.575
1100,45,26.8,24.64,0.01876,0.84,2.0,0.05,895.63,451.92,443.71,384.83,0.505
1101,45,26.0,24.56,0.01897,0.89,0.0,0.05,876.27,422.14,454.13,380.24,0.482
1102,45,26.0,24.56,0.01895,0.89,0.0,0.05,873.96,420.81,453.16,379.47,0.481
1103,45,26.3,24.85,0.01928,0.89,0.0,0.05,899.31,429.5,469.81,397.4,0.478
1104,46,26.0,24.56,0.01895,0.89,0.0,0.05,872.0,418.84,453.16,379.47,0.48
1105,46,26.0,24.56,0.01895,0.89,0.0,0.05,871.11,417.96,453.16,379.47,0.48
1106,46,25.5,24.34,0.0188,0.91,0.0,0.05,846.65,400.79,445.87,365.72,0.473
1107,46,25.0,24.24,0.01886,0.94,0.0,0.05,831.9,383.41,448.49,359.78,0.461
1108,46,26.0,24.56,0.01897,0.89,0.0,0.05,869.2,415.06,454.13,380.24,0.478
1109,46,25.7,24.54,0.01906,0.91,0.0,0.05,863.38,404.85,458.53,378.9,0.469
1110,46,25.8,24.5,0.01895,0.9,0.0,0.05,861.09,407.62,453.47,376.51,0.473
1111,46,26.0,24.56,0.01895,0.89,0.0,0.05,866.96,413.8,453.16,379.47,0.477
1112,46,25.9,24.46,0.01883,0.89,12.0,0.525,1686.45,920.44,766.01,592.42,0.546
1113,46,27.4,25.07,0.01918,0.83,135.0,1.0,2768.22,1650.11,1118.12,893.53,0.596
1114,46,29.0,26.0,0.02006,0.79,311.0,1.0,3163.38,1959.16,1204.22,1025.85,0.619
1115,46,29.3,25.82,0.01961,0.76,472.0,1.0,3342.52,2182.78,1159.74,996.7,0.653
1116,46,30.0,26.31,0.02018,0.75,888.0,1.0,3969.86,2754.1,1215.76,1070.93,0.694
1117,46,31.0,25.74,0.01876,0.66,998.0,1.0,4026.61,2948.61,1078.0,983.12,0.732
1118,46,30.6,24.86,0.01749,0.63,685.0,1.0,3482.69,2528.67,954.02,858.86,0.726
1119,46,31.0,25.73,0.0188,0.66,965.0,1.0,3991.84,2910.11,1081.72,986.44,0.729
1120,46,31.0,25.21,0.01792,0.63,828.0,1.0,3732.28,2736.05,996.23,910.35,0.733
1121,46,30.0,23.63,0.01582,0.59,629.0,1.0,3221.85,2430.63,791.22,693.09,0.754
1122,46,29.0,24.59,0.01777,0.7,364.0,1.0,3020.67,2039.73,980.94,827.13,0.675
1123,46,28.0,25.06,0.01895,0.79,109.0,0.5,1877.42,1119.41,758.0,640.68,0.596
1124,46,27.1,24.5,0.01844,0.81,3.0,0.05,893.34,465.84,427.51,376.86,0.521
1125,46,27.0,24.83,0.01899,0.84,0.0,0.05,912.81,457.55,455.26,397.14,0.501
1126,46,26.0,24.56,0.01895,0.89,0.0,0.05,876.83,423.68,453.16,379.47,0.483
1127,46,26.2,24.62,0.01894,0.88,0.0,0.05,881.4,428.7,452.7,382.31,0.486
1128,47,26.0,24.56,0.01893,0.89,0.0,0.05,873.11,420.93,452.18,378.7,0.482
1129,47,26.0,24.56,0.01893,0.89,0.0,0.05,871.94,419.76,452.18,378.7,0.481
1130,47,25.6,24.17,0.01847,0.89,0.0,0.05,834.75,405.62,429.12,354.12,0.486
1131,47,26.0,24.56,0.01895,0.89,0.0,0.05,870.78,417.62,453.16,379.47,0.48
1132,47,26.0,24.56,0.01895,0.89,0.0,0.05,870.06,416.9,453.16,379.47,0.479
1133,47,25.5,24.47,0.01904,0.92,0.0,0.05,857.48,399.88,457.6,374.97,0.466
1134,47,25.0,24.24,0.01888,0.94,0.0,0.05,832.09,382.62,449.46,360.55,0.46
1135,47,25.0,24.24,0.01888,0.94,0.0,0.05,831.04,381.58,449.46,360.55,0.459
1136,47,25.8,24.77,0.01939,0.92,12.0,0.525,1723.16,916.1,807.06,624.99,0.532
1137,47,27.0,24.83,0.01899,0.84,135.0,1.0,2729.24,1629.3,1099.94,863.43,0.597
1138,47,29.0,25.23,0.01879,0.74,435.0,1.0,3198.59,2117.82,1080.77,915.97,0.662
1139,47,29.0,25.23,0.01879,0.74,709.0,1.0,3551.73,2470.96,1080.77,915.97,0.696
1140,47,30.0,25.99,0.01967,0.73,827.0,1.0,3841.06,2675.38,1165.68,1026.36,0.697
1141,47,31.0,25.73,0.0188,0.66,667.0,1.0,3605.34,2523.62,1081.72,986.44,0.7
1142,47,30.7,26.31,0.01992,0.71,683.0,1.0,3721.09,2530.91,1190.18,1072.53,0.68
1143,47,31.0,25.73,0.0188,0.66,645.0,1.0,3581.12,2499.4,1081.72,986.44,0.698
1144,47,31.0,25.73,0.01882,0.66,553.0,1.0,3466.68,2383.09,1083.59,988.1,0.687
1145,47,29.8,24.99,0.0181,0.68,414.0,1.0,3157.88,2144.34,1013.54,883.99,0.679
1146,47,29.0,24.59,0.01777,0.7,243.0,1.0,2865.18,1884.24,980.94,827.13,0.658
1147,47,28.0,24.61,0.01821,0.76,73.0,0.5,1777.18,1072.99,704.19,594.79,0.604
1148,47,27.0,24.41,0.01829,0.81,2.0,0.05,881.07,461.06,420.0,369.35,0.523
1149,47,26.6,24.31,0.01831,0.83,0.0,0.05,865.0,444.18,420.82,363.59,0.514
1150,47,26.3,24.44,0.01863,0.86,0.0,0.05,870.03,433.06,436.98,371.52,0.498
1151,47,25.9,24.46,0.01881,0.89,0.0,0.05,865.01,418.64,446.37,372.52,0.484
1152,48,25.8,24.37,0.01872,0.89,0.0,0.05,855.54,414.0,441.55,367.12,0.484
1153,48,25.7,24.4,0.01882,0.9,0.0,0.05,856.14,409.47,446.67,369.55,0.478
1154,48,25.6,24.31,0.01871,0.9,0.0,0.05,845.93,405.05,440.88,363.39,0.479
1155,48,25.3,24.28,0.0188,0.92,0.0,0.05,840.06,394.17,445.9,362.54,0.469
1156,48,24.9,24.01,0.01855,0.93,0.0,0.05,813.2,379.95,433.25,346.16,0.467
1157,48,24.6,23.85,0.01842,0.94,0.0,0.05,795.22,368.92,426.3,335.89,0.464
1158,48,24.6,23.85,0.01842,0.94,0.0,0.05,794.01,367.71,426.3,335.89,0.463
1159,48,24.7,23.95,0.01851,0.94,0.0,0.05,801.02,369.93,431.09,341.26,0.462
1160,48,24.7,23.95,0.01851,0.94,12.0,0.05,815.57,384.48,431.09,341.26,0.471
1161,48,26.1,24.66,0.01905,0.89,136.0,0.15,1219.44,693.28,526.16,432.48,0.569
1162,48,27.4,25.07,0.01918,0.83,313.0,0.15,1499.26,965.78,533.48,461.78,0.644
1163,48,28.8,25.81,0.0198,0.79,473.0,0.15,1788.95,1220.73,568.22,515.0,0.682
1164,48,30.0,25.51,0.0188,0.7,596.0,0.15,1934.32,1422.0,512.32,491.47,0.735
1165,48,30.0,25.5,0.01881,0.7,668.0,0.15,2029.99,1516.61,513.38,492.33,0.747
1166,48,30.3,25.44,0.01861,0.68,685.0,0.15,2052.67,1550.8,501.87,488.43,0.756
1167,48,31.0,25.73,0.0188,0.66,968.0,0.15,2452.77,1940.03,512.74,509.79,0.791
1168,48,30.0,25.5,0.01885,0.7,829.0,0.05,2065.07,1616.74,448.33,439.7,0.783
1169,48,29.0,24.91,0.01831,0.72,415.0,0.05,1474.83,1054.05,420.79,401.98,0.715
1170,48,28.3,24.58,0.01804,0.74,244.0,0.05,1219.47,812.11,407.36,380.19,0.666
1171,48,27.7,24.48,0.01813,0.77,73.0,0.05,984.8,572.98,411.83,374.11,0.582
1172,48,27.0,24.26,0.01808,0.8,2.0,0.05,867.67,458.47,409.2,360.83,0.528
1173,48,26.7,24.26,0.01819,0.82,0.0,0.05,860.13,445.22,414.91,360.53,0.518
1174,48,26.5,24.36,0.0184,0.84,0.0,0.05,863.43,437.74,425.68,365.82,0.507
1175,48,26.2,24.35,0.01852,0.86,0.0,0.05,858.26,426.99,431.27,365.42,0.498
1176,49,26.1,24.39,0.0186,0.87,0.0,0.05,858.5,422.73,435.77,367.36,0.492
1177,49,25.9,24.33,0.0186,0.88,0.0,0.05,850.64,415.26,435.37,363.85,0.488
1178,49,25.8,24.37,0.0187,0.89,0.0,0.05,851.66,411.07,440.59,366.36,0.483
1179,49,25.6,24.31,0.01871,0.9,0.0,0.05,844.54,403.67,440.88,363.39,0.478
1180,49,25.4,24.24,0.01871,0.91,0.0,0.05,837.28,396.25,441.03,360.31,0.473
1181,49,25.2,24.18,0.01869,0.92,0.0,0.05,828.91,388.82,440.09,356.36,0.469
1182,49,25.1,24.08,0.01858,0.92,0.0,0.05,818.99,384.67,434.32,350.21,0.47
1183,49,25.0,24.24,0.01888,0.94,0.0,0.05,830.04,380.57,449.46,360.55,0.459
1184,49,25.9,24.33,0.01862,0.88,12.0,0.05,861.05,424.72,436.33,364.61,0.493
1185,49,26.9,24.31,0.01816,0.81,136.0,0.15,1199.91,722.61,477.29,407.44,0.602
1186,49,28.0,25.06,0.0189,0.79,314.0,0.15,1507.63,989.73,517.9,460.0,0.656
1187,49,29.2,24.78,0.01792,0.7,475.0,0.15,1703.18,1239.14,464.04,438.12,0.728
1188,49,30.5,24.95,0.01765,0.64,597.0,0.15,1891.59,1442.58,449.0,449.36,0.763
1189,49,31.0,25.22,0.01791,0.63,670.0,0.15,2018.92,1555.92,463.0,469.65,0.771
1190,49,30.5,24.94,0.01769,0.64,687.0,0.15,2013.64,1562.65,451.0,450.97,0.776
1191,49,30.7,24.95,0.01761,0.63,648.0,0.15,1967.92,1521.26,446.66,451.07,0.773
1192,49,31.0,25.21,0.01794,0.63,555.0,0.05,1702.06,1299.74,402.32,419.45,0.764
1193,49,30.0,24.84,0.01774,0.66,416.0,0.05,1482.57,1090.19,392.38,395.6,0.735
1194,49,29.0,24.43,0.01751,0.69,204.0,0.05,1166.45,786.17,380.28,370.06,0.674
1195,49,28.1,24.24,0.01756,0.73,46.0,0.05,937.07,553.97,383.1,357.87,0.591
1196,49,27.1,23.92,0.01747,0.77,1.0,0.05,841.31,462.88,378.43,338.18,0.55
1197,49,27.0,23.97,0.01758,0.78,0.0,0.05,841.13,457.21,383.92,340.91,0.544
1198,49,26.8,23.93,0.0176,0.79,0.0,0.05,834.45,449.63,384.82,338.41,0.539
1199,49,26.7,23.98,0.0177,0.8,0.0,0.05,835.39,445.35,390.05,340.93,0.533
1200,50,26.6,24.03,0.01784,0.81,0.0,0.05,838.12,441.13,396.99,344.8,0.526
1201,50,26.4,23.98,0.01785,0.82,0.0,0.05,831.14,433.71,397.43,341.95,0.522
1202,50,26.3,24.03,0.01796,0.83,0.0,0.05,832.77,429.55,403.21,344.91,0.516
1203,50,26.0,23.88,0.01787,0.84,0.0,0.05,817.67,418.89,398.78,336.61,0.512
1204,50,26.0,23.88,0.01789,0.84,0.0,0.05,817.7,418.0,399.7,337.33,0.511
1205,50,25.8,23.96,0.01811,0.86,0.0,0.05,821.29,410.67,410.63,342.74,0.5
1206,50,25.9,24.06,0.01822,0.86,0.0,0.05,829.37,413.15,416.22,348.75,0.498
1207,50,25.9,23.92,0.01798,0.85,0.0,0.05,816.82,412.53,404.29,339.35,0.505
1208,50,26.0,24.02,0.01809,0.85,12.0,0.525,1637.49,926.33,711.15,548.05,0.566
1209,50,27.0,24.26,0.01804,0.8,137.0,1.0,2641.21,1633.54,1007.67,781.31,0.618
1210,50,28.0,24.46,0.01793,0.75,315.0,1.0,2910.6,1913.74,996.86,806.49,0.658
1211,50,29.0,24.76,0.01797,0.71,476.0,1.0,3173.7,2172.72,1000.98,844.97,0.685
1212,50,29.3,24.71,0.01778,0.69,598.0,1.0,3328.73,2346.06,982.67,839.11,0.705
1213,50,29.7,24.74,0.01769,0.67,671.0,1.0,3434.88,2461.7,973.17,844.58,0.717
1214,50,30.0,24.67,0.01745,0.65,688.0,1.0,3450.68,2500.42,950.26,834.63,0.725
1215,50,29.8,24.32,0.01699,0.64,649.0,1.0,3347.0,2441.5,905.5,787.83,0.729
1216,50,29.7,24.06,0.01662,0.63,556.0,1.0,3187.57,2318.15,869.42,752.24,0.727
1217,50,29.5,23.72,0.01617,0.62,417.0,1.0,2956.43,2130.43,826.01,706.64,0.721
1218,50,28.6,23.75,0.0166,0.67,245.0,1.0,2731.68,1864.0,867.68,712.4,0.682
1219,50,27.7,23.87,0.01718,0.73,73.0,0.5,1687.5,1058.36,629.14,523.32,0.627
1220,50,26.8,23.78,0.0174,0.78,2.0,0.05,827.53,452.49,375.05,330.71,0.547
1221,50,26.6,23.88,0.01765,0.8,0.0,0.05,829.68,442.32,387.37,337.22,0.533
1222,50,26.3,23.89,0.01776,0.82,0.0,0.05,824.34,431.45,392.89,336.77,0.523
1223,50,26.1,23.97,0.01796,0.84,0.0,0.05,827.17,423.81,403.36,341.82,0.512
1224,51,26.0,23.88,0.01787,0.84,0.0,0.05,818.25,419.48,398.78,336.61,0.513
1225,51,25.9,23.92,0.01798,0.85,0.0,0.05,819.51,415.22,404.29,339.35,0.507
1226,51,25.8,23.96,0.01809,0.86,0.0,0.05,820.73,411.04,409.69,342.01,0.501
1227,51,25.7,23.86,0.018,0.86,0.0,0.05,811.98,406.92,405.07,336.76,0.501
1228,51,25.7,23.86,0.018,0.86,0.0,0.05,811.19,406.13,405.07,336.76,0.501
1229,51,25.6,23.77,0.01789,0.86,0.0,0.05,801.7,402.16,399.53,330.8,0.502
1230,51,25.8,23.82,0.01789,0.85,0.0,0.05,807.76,408.07,399.69,334.12,0.505
1231,51,26.0,23.88,0.01787,0.84,0.0,0.05,812.97,414.19,398.78,336.61,0.509
1232,51,25.8,23.96,0.01809,0.86,12.0,0.525,1627.5,916.55,710.95,542.79,0.563
1233,51,26.6,24.31,0.01829,0.83,137.0,1.0,2643.44,1611.62,1031.82,788.87,0.61
1234,51,27.4,24.49,0.01824,0.79,315.0,1.0,2908.85,1881.42,1027.43,812.82,0.647
1235,51,28.2,24.79,0.0184,0.76,476.0,1.0,3172.0,2129.89,1042.11,853.72,0.671
1236,51,30.0,24.84,0.01771,0.66,599.0,1.0,3356.98,2381.63,975.35,856.96,0.709
1237,51,31.0,25.21,0.01792,0.63,672.0,1.0,3525.15,2528.92,996.23,910.35,0.717
1238,51,30.0,24.67,0.01747,0.65,689.0,1.0,3453.51,2501.52,951.99,836.17,0.724
1239,51,29.8,24.49,0.01726,0.65,650.0,1.0,3374.65,2442.62,932.03,811.44,0.724
1240,51,29.6,24.31,0.01706,0.65,557.0,1.0,3226.41,2314.13,912.28,786.91,0.717
1241,51,29.4,24.13,0.01688,0.65,417.0,1.0,3019.5,2125.08,894.42,764.04,0.704
1242,51,28.0,24.3,0.01772,0.74,245.0,1.0,2809.28,1832.82,976.46,788.33,0.652
1243,51,28.0,24.3,0.01772,0.74,73.0,0.5,1738.7,1070.31,668.39,564.26,0.616
1244,51,26.9,24.45,0.01841,0.82,2.0,0.05,881.57,455.47,426.1,372.55,0.517
1245,51,27.0,24.83,0.01899,0.84,0.0,0.05,910.5,455.24,455.26,397.14,0.5
1246,51,26.6,24.31,0.01829,0.83,0.0,0.05,861.25,441.37,419.88,362.85,0.512
1247,51,26.3,24.17,0.01816,0.84,0.0,0.05,844.15,430.63,413.53,353.03,0.51
1248,52,26.2,24.07,0.01807,0.84,0.0,0.05,835.28,426.38,408.9,347.78,0.51
1249,52,26.1,23.97,0.01796,0.84,0.0,0.05,825.57,422.21,403.36,341.82,0.511
1250,52,26.0,24.02,0.01807,0.85,0.0,0.05,826.99,418.09,408.9,344.59,0.506
1251,52,25.9,23.92,0.01798,0.85,0.0,0.05,818.31,414.03,404.29,339.35,0.506
1252,52,25.9,24.06,0.0182,0.86,0.0,0.05,828.56,413.28,415.28,348.01,0.499
1253,52,25.8,23.96,0.01809,0.86,0.0,0.05,819.06,409.36,409.69,342.01,0.5
1254,52,25.9,24.06,0.01818,0.86,0.0,0.05,826.37,412.03,414.34,347.27,0.499
1255,52,26.0,23.88,0.01785,0.84,0.0,0.05,812.7,414.84,397.86,335.88,0.51
1256,52,25.5,23.94,0.01815,0.88,12.0,0.525,1619.82,904.45,715.37,538.95,0.558
1257,52,26.5,24.36,0.01839,0.84,138.0,1.0,2649.2,1608.04,1041.17,793.71,0.607
1258,52,27.6,24.83,0.01869,0.8,316.0,1.0,2963.71,1893.22,1070.49,858.1,0.639
1259,52,28.6,25.17,0.0188,0.76,477.0,1.0,3233.84,2152.11,1081.73,902.91,0.665
1260,52,29.3,25.35,0.01883,0.73,599.0,1.0,3430.09,2346.01,1084.08,929.37,0.684
1261,52,30.0,24.84,0.01771,0.66,672.0,1.0,3452.66,2477.32,975.35,856.96,0.718
1262,52,30.7,25.64,0.01876,0.67,688.0,1.0,3613.52,2535.74,1077.78,972.49,0.702
1263,52,31.0,25.73,0.0188,0.66,649.0,1.0,3584.88,2503.16,1081.72,986.44,0.698
1264,52,30.3,25.11,0.01804,0.66,556.0,1.0,3357.54,2349.63,1007.9,896.38,0.7
1265,52,29.6,24.65,0.0176,0.67,417.0,1.0,3101.17,2136.41,964.76,833.61,0.689
1266,52,28.7,24.48,0.01769,0.71,245.0,1.0,2843.45,1869.94,973.51,810.08,0.658
1267,52,27.9,24.36,0.01784,0.75,73.0,0.5,1744.59,1067.43,677.16,569.25,0.612
1268,52,27.0,24.26,0.01806,0.8,2.0,0.05,868.07,459.8,408.27,360.1,0.53
1269,52,26.7,24.27,0.01817,0.82,0.0,0.05,860.35,446.37,413.98,359.79,0.519
1270,52,26.3,24.17,0.01818,0.84,0.0,0.05,846.64,432.18,414.46,353.77,0.51
1271,52,26.0,24.15,0.01827,0.86,0.0,0.05,840.18,421.16,419.01,352.56,0.501
1272,53,25.9,24.19,0.01838,0.87,0.0,0.05,841.07,416.68,424.39,355.19,0.495
1273,53,25.7,24.14,0.01839,0.88,0.0,0.05,833.95,409.02,424.93,352.41,0.49
1274,53,25.6,24.17,0.01849,0.89,0.0,0.05,834.74,404.66,430.07,354.87,0.485
1275,53,25.6,24.17,0.01849,0.89,0.0,0.05,833.74,403.67,430.07,354.87,0.484
1276,53,25.5,24.21,0.01861,0.9,0.0,0.05,835.61,399.53,436.08,358.0,0.478
1277,53,25.5,24.21,0.01861,0.9,0.0,0.05,834.81,398.73,436.08,358.0,0.478
1278,53,25.3,24.15,0.01858,0.91,0.0,0.05,825.78,391.47,434.31,353.41,0.474
1279,53,25.2,24.18,0.01867,0.92,0.0,0.05,826.6,387.47,439.13,355.61,0.469
1280,53,25.0,24.11,0.01863,0.93,13.0,0.525,1634.2,883.16,751.04,556.75,0.54
1281,53,26.5,24.5,0.01861,0.85,193.0,1.0,2740.09,1677.0,1063.08,813.22,0.612
1282,53,28.0,25.06,0.01888,0.79,474.0,1.0,3204.08,2115.16,1088.91,888.42,0.66
1283,53,29.7,25.4,0.01872,0.71,478.0,1.0,3282.58,2209.22,1073.36,933.75,0.673
1284,53,30.3,25.45,0.01857,0.68,836.0,1.0,3760.46,2701.49,1058.97,941.83,0.718
1285,53,31.0,25.74,0.01878,0.66,1007.0,1.0,4039.0,2959.14,1079.86,984.78,0.733
1286,53,30.9,25.65,0.01869,0.66,689.0,1.0,3619.42,2548.41,1071.01,973.42,0.704
1287,53,32.0,25.37,0.01776,0.59,651.0,1.0,3538.96,2558.38,980.59,931.24,0.723
1288,53,30.8,25.38,0.01831,0.65,556.0,1.0,3410.95,2376.96,1033.99,936.99,0.697
1289,53,29.7,25.06,0.01827,0.69,417.0,1.0,3172.83,2143.2,1029.63,894.83,0.675
1290,53,28.9,24.98,0.01844,0.73,245.0,1.0,2928.19,1881.73,1046.46,881.96,0.643
1291,53,28.0,24.91,0.01871,0.78,73.0,0.5,1813.06,1073.0,740.05,625.37,0.592
1292,53,27.2,24.74,0.01877,0.82,2.0,0.05,911.73,467.63,444.09,391.54,0.513
1293,53,26.9,24.74,0.01888,0.84,0.0,0.05,903.63,454.16,449.47,390.97,0.503
1294,53,26.7,24.83,0.01909,0.86,0.0,0.05,906.6,446.48,460.11,396.16,0.492
1295,53,26.4,24.81,0.01917,0.88,0.0,0.05,899.97,435.56,464.41,394.74,0.484
1296,54,26.3,24.85,0.0193,0.89,0.0,0.05,901.96,431.15,470.81,398.18,0.478
1297,54,26.1,24.79,0.01929,0.9,0.0,0.05,893.71,423.55,470.16,394.47,0.474
1298,54,26.0,24.69,0.01917,0.9,0.0,0.05,883.49,419.26,464.24,388.2,0.475
1299,54,26.0,24.69,0.01919,0.9,0.0,0.05,883.54,418.31,465.23,388.98,0.473
1300,54,26.0,24.56,0.01897,0.89,0.0,0.05,871.63,417.5,454.13,380.24,0.479
1301,54,25.4,24.5,0.01915,0.93,0.0,0.05,860.53,397.11,463.42,377.96,0.461
1302,54,25.3,24.41,0.01902,0.93,0.0,0.05,849.38,392.85,456.53,370.92,0.463
1303,54,25.1,24.34,0.01899,0.94,0.0,0.05,840.71,385.38,455.34,366.78,0.458
1304,54,25.0,24.37,0.01906,0.95,13.0,0.525,1667.1,884.13,782.97,584.06,0.53
1305,54,26.5,24.91,0.01931,0.88,139.0,1.0,2739.41,1608.57,1130.84,873.53,0.587
1306,54,28.0,25.79,0.02013,0.84,317.0,1.0,3125.32,1914.5,1210.83,996.92,0.613
1307,54,29.4,25.75,0.01947,0.75,478.0,1.0,3341.39,2194.36,1147.03,988.88,0.657
1308,54,30.0,25.5,0.01881,0.7,601.0,1.0,3467.78,2384.93,1082.85,952.64,0.688
1309,54,30.9,26.15,0.01957,0.69,672.0,1.0,3680.61,2524.39,1156.22,1049.26,0.686
1310,54,31.8,26.27,0.01942,0.65,689.0,1.0,3736.4,2594.89,1141.51,1067.5,0.694
1311,54,31.0,25.73,0.01882,0.66,650.0,1.0,3589.67,2506.08,1083.59,988.1,0.698
1312,54,30.0,26.31,0.02026,0.75,555.0,1.0,3558.09,2334.29,1223.8,1078.09,0.656
1313,54,30.0,25.5,0.01889,0.7,417.0,1.0,3248.44,2158.09,1090.35,959.31,0.664
1314,54,29.0,25.38,0.01911,0.75,244.0,1.0,2997.19,1885.28,1111.91,943.69,0.629
1315,54,28.1,25.3,0.01936,0.8,73.0,0.5,1864.2,1076.95,787.25,668.11,0.578
1316,54,27.1,25.21,0.01961,0.86,2.0,0.05,951.02,464.23,486.8,423.6,0.488
1317,54,26.9,25.16,0.01959,0.87,0.0,0.05,939.58,453.98,485.59,419.44,0.483
1318,54,26.7,25.1,0.01958,0.88,0.0,0.05,931.58,446.33,485.25,415.97,0.479
1319,54,26.5,25.05,0.01955,0.89,0.0,0.05,922.45,438.71,483.74,411.58,0.476
1320,55,26.4,25.08,0.01966,0.9,0.0,0.05,923.51,434.38,489.13,414.23,0.47
1321,55,26.3,25.12,0.01977,0.91,0.0,0.05,924.55,430.14,494.42,416.8,0.465
1322,55,26.2,25.16,0.01989,0.92,0.0,0.05,926.59,425.96,500.63,420.09,0.46
1323,55,26.0,25.22,0.02009,0.94,0.0,0.05,929.27,418.56,510.71,424.84,0.45
1324,55,26.0,25.22,0.02009,0.94,0.0,0.05,928.43,417.71,510.71,424.84,0.45
1325,55,25.4,24.89,0.01981,0.96,0.0,0.05,893.93,397.29,496.64,404.14,0.444
1326,55,25.2,24.82,0.01976,0.97,0.0,0.05,883.76,389.73,494.03,398.88,0.441
1327,55,25.0,25.0,0.02014,1.0,0.0,0.05,895.48,382.17,513.31,410.87,0.427
1328,55,25.3,25.05,0.02009,0.98,13.0,0.05,918.56,407.7,510.86,413.75,0.444
1329,55,27.0,25.53,0.02016,0.89,209.0,0.15,1408.34,820.55,587.79,498.41,0.583
1330,55,28.4,26.6,0.02143,0.87,442.0,0.15,1826.72,1168.61,658.12,580.35,0.64
1331,55,29.9,27.45,0.0223,0.83,477.0,0.15,1973.58,1266.97,706.61,646.47,0.642
1332,55,30.6,27.19,0.02153,0.77,599.0,0.15,2113.85,1449.86,664.0,624.67,0.686
1333,55,31.4,27.11,0.02108,0.72,672.0,0.15,2212.47,1573.53,638.94,618.84,0.711
1334,55,32.1,26.89,0.02041,0.67,689.0,0.15,2223.89,1622.09,601.8,601.46,0.729
1335,55,33.0,26.98,0.0202,0.63,649.0,0.15,2195.01,1604.6,590.41,608.45,0.731
1336,55,32.0,26.8,0.02033,0.67,556.0,0.05,1860.09,1337.03,523.05,530.62,0.719
1337,55,30.2,25.68,0.01914,0.7,417.0,0.05,1564.05,1101.42,462.62,454.17,0.704
1338,55,29.0,25.22,0.01887,0.74,244.0,0.05,1289.72,840.53,449.19,424.37,0.652
1339,55,28.0,25.79,0.02023,0.84,73.0,0.05,1106.03,587.96,518.07,462.65,0.532
1340,55,27.6,25.55,0.01997,0.85,2.0,0.05,987.74,482.79,504.95,445.91,0.489
1341,55,27.4,25.5,0.01995,0.86,0.0,0.05,976.47,472.56,503.91,441.88,0.484
1342,55,27.1,25.49,0.02007,0.88,0.0,0.05,971.19,461.65,509.54,441.52,0.475
1343,55,26.9,25.43,0.02006,0.89,0.0,0.05,963.04,453.97,509.07,437.95,0.471
1344,56,26.7,25.37,0.02004,0.9,0.0,0.05,954.77,446.33,508.45,434.26,0.467
1345,56,26.4,25.22,0.01991,0.91,0.0,0.05,936.96,435.42,501.54,424.01,0.465
1346,56,26.2,25.16,0.01991,0.92,0.0,0.05,929.41,427.75,501.66,420.9,0.46
1347,56,26.3,25.12,0.01981,0.91,0.0,0.05,926.42,429.95,496.46,418.41,0.464
1348,56,26.3,24.99,0.01958,0.9,0.0,0.05,914.21,429.08,485.13,409.47,0.469
1349,56,26.4,24.95,0.0195,0.89,0.0,0.05,912.38,431.61,480.78,407.64,0.473
1350,56,26.0,24.56,0.01903,0.89,0.0,0.05,874.97,417.9,457.08,382.56,0.478
1351,56,26.0,24.56,0.01901,0.89,0.0,0.05,873.23,417.14,456.09,381.78,0.478
1352,56,26.1,24.92,0.01957,0.91,13.0,0.05,920.78,436.44,484.34,405.65,0.474
1353,56,27.5,25.31,0.01959,0.84,140.0,0.15,1308.61,752.09,556.52,482.17,0.575
1354,56,29.0,25.84,0.01986,0.78,319.0,0.15,1605.71,1034.3,571.41,521.16,0.644
1355,56,30.4,26.19,0.01987,0.72,480.0,0.15,1862.89,1290.83,572.06,546.88,0.693
1356,56,31.0,26.41,0.02,0.7,601.0,0.15,2047.96,1468.91,579.05,563.31,0.717
1357,56,31.3,26.34,0.01978,0.68,674.0,0.15,2141.74,1575.09,566.65,558.7,0.735
1358,56,31.6,26.44,0.01984,0.67,690.0,0.15,2178.37,1608.06,570.31,567.05,0.738
1359,56,31.0,26.41,0.02006,0.7,650.0,0.15,2120.26,1537.8,582.46,566.06,0.725
1360,56,31.0,25.73,0.01888,0.66,835.0,0.05,2111.83,1662.14,449.69,456.79,0.787
1361,56,30.1,25.75,0.01932,0.71,417.0,0.05,1569.63,1097.55,472.08,460.02,0.699
1362,56,29.0,25.38,0.01915,0.75,244.0,0.05,1303.42,839.96,463.46,435.62,0.644
1363,56,28.0,25.05,0.01901,0.79,73.0,0.05,1043.85,587.47,456.38,414.03,0.563
1364,56,27.7,24.77,0.01867,0.79,2.0,0.05,924.85,485.64,439.21,395.69,0.525
1365,56,27.3,24.83,0.01892,0.82,0.0,0.05,920.77,468.98,451.79,399.2,0.509
1366,56,26.9,24.88,0.01915,0.85,0.0,0.05,917.9,454.76,463.14,401.75,0.495
1367,56,26.5,24.91,0.01935,0.88,0.0,0.05,913.75,440.44,473.3,403.35,0.482
1368,57,26.3,24.85,0.01936,0.89,0.0,0.05,906.4,432.6,473.8,400.54,0.477
1369,57,26.1,24.92,0.01957,0.91,0.0,0.05,909.15,424.81,484.34,405.65,0.467
1370,57,25.9,24.86,0.01955,0.92,0.0,0.05,900.48,417.06,483.42,401.72,0.463
1371,57,25.9,24.73,0.01933,0.91,0.0,0.05,888.27,415.91,472.36,393.0,0.468
1372,57,25.8,24.5,0.01899,0.9,0.0,0.05,867.06,411.63,455.43,378.06,0.475
1373,57,25.8,24.37,0.0188,0.89,0.0,0.05,856.13,410.71,445.42,370.17,0.48
1374,57,26.0,24.56,0.01901,0.89,0.0,0.05,872.56,416.47,456.09,381.78,0.477
1375,57,26.0,24.56,0.01901,0.89,0.0,0.05,872.0,415.91,456.09,381.78,0.477
1376,57,25.9,24.33,0.01867,0.88,13.0,0.525,1677.67,923.54,754.13,582.26,0.55
1377,57,27.0,24.69,0.01878,0.83,141.0,1.0,2717.89,1638.73,1079.16,844.93,0.603
1378,57,28.1,25.0,0.01882,0.78,320.0,1.0,3008.71,1925.37,1083.34,886.94,0.64
1379,57,29.2,25.25,0.01875,0.73,481.0,1.0,3266.5,2189.56,1076.93,919.53,0.67
1380,57,30.0,25.5,0.01885,0.7,603.0,1.0,3475.41,2388.81,1086.59,955.97,0.687
1381,57,31.0,25.73,0.01884,0.66,675.0,1.0,3620.01,2534.54,1085.46,989.77,0.7
1382,57,32.3,26.0,0.01876,0.61,692.0,1.0,3703.55,2625.59,1077.96,1028.34,0.709
1383,57,31.6,25.56,0.01832,0.62,652.0,1.0,3575.36,2540.83,1034.53,965.33,0.711
1384,57,31.0,25.21,0.01798,0.63,558.0,1.0,3392.74,2391.16,1001.58,915.11,0.705
1385,57,30.4,25.02,0.01794,0.65,418.0,1.0,3179.76,2181.87,997.89,890.94,0.686
1386,57,29.6,24.97,0.01818,0.69,245.0,1.0,2940.32,1919.38,1020.94,883.61,0.653
1387,57,28.7,24.79,0.01826,0.73,72.0,0.5,1810.17,1102.67,707.5,615.05,0.609
1388,57,27.9,24.66,0.01839,0.77,2.0,0.05,917.35,492.55,424.8,387.53,0.537
1389,57,27.5,24.73,0.01865,0.8,0.0,0.05,914.1,475.96,438.14,391.64,0.521
1390,57,27.0,24.69,0.01878,0.83,0.0,0.05,903.0,458.53,444.47,388.63,0.508
1391,57,26.6,24.59,0.01878,0.85,0.0,0.05,888.95,444.21,444.74,382.44,0.5
1392,58,26.5,24.49,0.01867,0.85,0.0,0.05,878.65,439.65,439.0,376.31,0.5
1393,58,26.4,24.4,0.01856,0.85,0.0,0.05,868.48,435.19,433.29,370.21,0.501
1394,58,26.3,24.44,0.01867,0.86,0.0,0.05,869.74,430.84,438.9,373.03,0.495
1395,58,26.0,24.15,0.01835,0.86,0.0,0.05,842.79,420.0,422.79,355.53,0.498
1396,58,25.8,24.1,0.01834,0.87,0.0,0.05,834.91,412.4,422.52,352.12,0.494
1397,58,25.5,23.81,0.01801,0.87,0.0,0.05,807.23,401.53,405.7,334.06,0.497
1398,58,25.5,23.81,0.01801,0.87,0.0,0.05,806.16,400.46,405.7,334.06,0.497
1399,58,25.4,23.71,0.0179,0.87,0.0,0.05,796.41,396.25,400.16,328.09,0.498
1400,58,25.4,23.84,0.01811,0.88,13.0,0.525,1614.73,902.08,712.64,534.07,0.559
1401,58,26.6,24.31,0.01833,0.83,142.0,1.0,2654.21,1618.76,1035.45,792.11,0.61
1402,58,27.8,24.72,0.01848,0.78,321.0,1.0,2961.05,1910.39,1050.66,847.41,0.645
1403,58,29.0,25.23,0.01879,0.74,482.0,1.0,3260.43,2179.66,1080.77,915.97,0.669
1404,58,30.0,25.5,0.01885,0.7,604.0,1.0,3475.82,2389.22,1086.59,955.97,0.687
1405,58,31.0,25.73,0.01884,0.66,676.0,1.0,3620.54,2535.07,1085.46,989.77,0.7
1406,58,30.4,25.7,0.01904,0.69,692.0,1.0,3631.62,2526.89,1104.73,986.03,0.696
1407,58,31.0,25.73,0.01886,0.66,652.0,1.0,3595.46,2508.12,1087.34,991.44,0.698
1408,58,30.0,25.66,0.01917,0.71,412.0,1.0,3267.8,2150.4,1117.4,983.39,0.658
1409,58,29.1,25.31,0.01898,0.74,158.0,1.0,2878.26,1779.03,1099.23,935.89,0.618
1410,58,29.0,25.22,0.01885,0.74,244.0,1.0,2970.76,1884.38,1086.38,920.97,0.634
1411,58,27.7,25.21,0.01938,0.82,53.0,0.5,1823.05,1033.84,789.21,659.82,0.567
1412,58,27.0,24.97,0.01926,0.85,1.0,0.05,927.76,458.74,469.02,407.98,0.494
1413,58,26.3,24.71,0.01913,0.88,0.0,0.05,895.92,433.44,462.48,391.62,0.484
1414,58,25.7,24.54,0.01907,0.91,0.0,0.05,871.93,412.41,459.52,379.68,0.473
1415,58,25.4,24.5,0.01915,0.93,0.0,0.05,864.46,401.04,463.42,377.96,0.464
1416,59,25.4,24.63,0.01936,0.94,0.0,0.05,873.67,399.52,474.15,386.41,0.457
1417,59,25.6,24.83,0.0196,0.94,0.0,0.05,890.97,404.77,486.2,399.11,0.454
1418,59,25.8,25.03,0.01984,0.94,0.0,0.05,908.72,410.33,498.39,411.92,0.452
1419,59,25.8,25.03,0.01986,0.94,0.0,0.05,909.0,409.58,499.42,412.73,0.451
1420,59,25.7,24.93,0.01974,0.94,0.0,0.05,898.95,405.66,493.3,406.31,0.451
1421,59,25.4,24.76,0.0196,0.95,0.0,0.05,881.08,395.19,485.89,395.66,0.449
1422,59,25.1,24.6,0.01945,0.96,0.0,0.05,863.01,384.63,478.38,384.94,0.446
1423,59,25.0,24.24,0.01889,0.94,0.0,0.05,830.98,380.54,450.44,361.32,0.458
1424,59,25.5,24.47,0.01906,0.92,13.0,0.525,1686.28,903.82,782.46,596.33,0.536
1425,59,26.0,25.22,0.02007,0.94,118.0,1.0,2759.64,1554.93,1204.72,921.87,0.563
1426,59,26.0,25.22,0.02007,0.94,202.0,1.0,2867.4,1662.68,1204.72,921.87,0.58
1427,59,27.2,25.45,0.01991,0.87,183.0,1.0,2889.57,1700.25,1189.32,949.94,0.588
1428,59,28.0,26.5,0.02141,0.89,228.0,1.0,3135.6,1800.01,1335.59,1107.97,0.574
1429,59,29.0,26.0,0.0201,0.79,256.0,1.0,3096.89,1888.68,1208.21,1029.41,0.61
1430,59,29.0,26.45,0.02091,0.82,262.0,1.0,3185.01,1897.99,1287.02,1099.54,0.596
1431,59,30.0,26.31,0.02026,0.75,247.0,1.0,3155.55,1931.75,1223.8,1078.09,0.612
1432,59,30.0,26.31,0.02026,0.75,211.0,1.0,3111.2,1887.4,1223.8,1078.09,0.607
1433,59,28.0,25.05,0.01897,0.79,158.0,1.0,2816.09,1717.79,1098.3,896.78,0.61
1434,59,28.0,25.79,0.02021,0.84,92.0,1.0,2852.11,1633.25,1218.85,1004.07,0.573
1435,59,27.0,25.53,0.0202,0.89,27.0,0.5,1815.13,966.73,848.4,692.85,0.533
1436,59,25.4,24.5,0.01917,0.93,1.0,0.05,866.29,401.88,464.41,378.74,0.464
1437,59,25.0,24.24,0.01889,0.94,0.0,0.05,836.45,386.02,450.44,361.32,0.461
1438,59,26.0,24.56,0.01899,0.89,0.0,0.05,872.43,417.32,455.11,381.01,0.478
1439,59,25.6,24.44,0.01896,0.91,0.0,0.05,857.16,403.51,453.65,373.45,0.471
1440,60,26.0,24.56,0.01897,0.89,0.0,0.05,869.93,415.8,454.13,380.24,0.478
1441,60,26.0,24.56,0.01897,0.89,0.0,0.05,869.46,415.33,454.13,380.24,0.478
1442,60,25.3,24.54,0.01923,0.94,0.0,0.05,859.13,391.95,467.18,379.31,0.456
1443,60,25.0,24.24,0.01889,0.94,0.0,0.05,831.76,381.32,450.44,361.32,0.458
1444,60,25.0,24.37,0.01912,0.95,0.0,0.05,842.34,380.45,461.89,370.34,0.452
1445,60,25.0,24.5,0.01933,0.96,0.0,0.05,852.07,379.7,472.37,378.6,0.446
1446,60,25.0,25.0,0.02014,1.0,0.0,0.05,892.36,379.05,513.31,410.87,0.425
1447,60,25.0,25.0,0.02014,1.0,0.0,0.05,891.8,378.49,513.31,410.87,0.424
1448,60,25.3,25.05,0.02009,0.98,5.0,0.525,1742.28,883.35,858.93,656.64,0.507
1449,60,26.0,25.22,0.02007,0.94,54.0,1.0,2675.9,1471.18,1204.72,921.87,0.55
1450,60,26.0,25.22,0.02007,0.94,122.0,1.0,2763.36,1558.64,1204.72,921.87,0.564
1451,60,26.4,25.62,0.02054,0.94,183.0,1.0,2908.61,1657.73,1250.88,976.89,0.57
1452,60,26.0,25.22,0.02007,0.94,229.0,1.0,2901.23,1696.51,1204.72,921.87,0.585
1453,60,27.0,25.53,0.02016,0.89,256.0,1.0,2996.27,1782.87,1213.4,964.41,0.595
1454,60,26.4,25.62,0.02058,0.94,262.0,1.0,3015.31,1760.33,1254.98,980.53,0.584
1455,60,27.0,25.53,0.0202,0.89,247.0,1.0,2989.72,1772.3,1217.42,967.99,0.593
1456,60,27.0,26.21,0.02137,0.94,211.0,1.0,3058.26,1726.72,1331.54,1069.56,0.565
1457,60,26.6,25.68,0.02065,0.93,157.0,1.0,2898.68,1637.32,1261.36,993.17,0.565
1458,60,27.0,26.21,0.02137,0.94,91.0,1.0,2905.04,1573.49,1331.54,1069.56,0.542
1459,60,25.0,24.24,0.01889,0.94,27.0,0.5,1630.45,876.75,753.7,562.27,0.538
1460,60,24.4,24.15,0.01901,0.98,1.0,0.05,818.33,362.15,456.18,356.23,0.443
1461,60,24.0,24.0,0.01892,1.0,0.0,0.05,798.07,346.61,451.46,346.11,0.434
1462,60,24.0,24.0,0.01892,1.0,0.0,0.05,796.84,345.38,451.46,346.11,0.433
1463,60,24.4,23.9,0.01857,0.96,0.0,0.05,791.52,357.43,434.09,338.82,0.452
1464,61,25.0,24.24,0.01888,0.94,0.0,0.05,825.91,376.45,449.46,360.55,0.456
1465,61,24.7,24.07,0.01873,0.95,0.0,0.05,808.69,366.4,442.3,350.1,0.453
1466,61,24.5,24.0,0.01872,0.96,0.0,0.05,801.28,359.47,441.81,346.51,0.449
1467,61,25.0,24.24,0.01889,0.94,0.0,0.05,825.87,375.43,450.44,361.32,0.455
1468,61,24.0,24.0,0.01895,1.0,0.0,0.05,795.97,342.56,453.41,347.65,0.43
1469,61,24.5,24.25,0.01917,0.98,0.0,0.05,822.37,358.28,464.1,364.08,0.436
1470,61,24.0,24.0,0.01895,1.0,0.0,0.05,795.01,341.59,453.41,347.65,0.43
1471,61,24.0,24.0,0.01895,1.0,0.0,0.05,794.46,341.04,453.41,347.65,0.429
1472,61,25.0,24.11,0.01871,0.93,13.0,0.525,1632.98,876.31,756.67,561.56,0.537
1473,61,26.0,24.56,0.01899,0.89,142.0,1.0,2679.52,1579.86,1099.65,828.36,0.59
1474,61,27.0,24.83,0.01899,0.84,322.0,1.0,2963.1,1863.16,1099.94,863.43,0.629
1475,61,28.8,25.66,0.01961,0.78,483.0,1.0,3323.64,2163.88,1159.76,979.32,0.651
1476,61,30.0,26.94,0.02134,0.79,229.0,1.0,3230.49,1902.25,1328.23,1171.03,0.589
1477,61,29.0,26.0,0.0201,0.79,257.0,1.0,3097.48,1889.26,1208.21,1029.41,0.61
1478,61,30.0,26.31,0.02026,0.75,1037.0,1.0,4166.9,2943.09,1223.8,1078.09,0.706
1479,61,30.0,25.5,0.01887,0.7,247.0,1.0,3020.32,1931.85,1088.47,957.64,0.64
1480,61,29.0,25.99,0.02015,0.79,211.0,1.0,3048.11,1835.89,1212.22,1032.97,0.602
1481,61,29.0,25.99,0.02015,0.79,157.0,1.0,2979.79,1767.57,1212.22,1032.97,0.593
1482,61,29.0,25.99,0.02015,0.79,92.0,1.0,2897.23,1685.01,1212.22,1032.97,0.582
1483,61,28.0,25.79,0.02021,0.84,27.0,0.5,1858.66,1009.19,849.47,718.68,0.543
1484,61,27.0,25.67,0.02045,0.9,2.0,0.05,986.09,456.92,529.17,455.39,0.463
1485,61,27.0,25.53,0.02018,0.89,0.0,0.05,968.96,453.73,515.23,444.41,0.468
1486,61,26.0,25.22,0.02007,0.94,0.0,0.05,930.05,420.37,509.68,424.02,0.452
1487,61,26.0,25.22,0.02007,0.94,0.0,0.05,928.96,419.28,509.68,424.02,0.451
1488,62,26.0,25.22,0.02007,0.94,0.0,0.05,928.01,418.33,509.68,424.02,0.451
1489,62,26.0,25.22,0.02007,0.94,0.0,0.05,927.19,417.52,509.68,424.02,0.45
1490,62,25.3,24.66,0.01946,0.95,0.0,0.05,872.68,393.84,478.83,388.5,0.451
1491,62,25.1,24.72,0.01966,0.97,0.0,0.05,875.17,386.24,488.94,393.26,0.441
1492,62,25.0,25.0,0.02016,1.0,0.0,0.05,896.28,381.93,514.35,411.69,0.426
1493,62,24.9,24.65,0.01964,0.98,0.0,0.05,865.94,377.7,488.25,389.52,0.436
1494,62,25.0,24.24,0.01891,0.94,0.0,0.05,831.51,380.09,451.41,362.09,0.457
1495,62,25.0,24.24,0.01891,0.94,0.0,0.05,830.8,379.39,451.41,362.09,0.457
1496,62,25.0,24.24,0.01891,0.94,5.0,0.05,836.61,385.2,451.41,362.09,0.46
1497,62,26.0,24.56,0.01899,0.89,54.0,0.15,1107.64,584.68,522.96,428.1,0.528
1498,62,27.0,25.53,0.02016,0.89,122.0,0.15,1294.65,706.86,587.79,498.41,0.546
1499,62,29.0,26.0,0.0201,0.79,184.0,0.15,1441.56,856.73,584.83,532.0,0.594
1500,62,30.0,26.31,0.02022,0.75,230.0,0.15,1543.84,952.42,591.42,555.3,0.617
1501,62,31.0,26.41,0.02,0.7,257.0,0.15,1603.16,1024.11,579.05,563.31,0.639
1502,62,31.0,26.41,0.02,0.7,263.0,0.15,1613.45,1034.4,579.05,563.31,0.641
1503,62,31.0,26.41,0.02002,0.7,247.0,0.15,1596.29,1016.11,580.18,564.22,0.637
1504,62,31.0,26.41,0.02002,0.7,211.0,0.05,1364.88,857.62,507.26,502.16,0.628
1505,62,30.2,26.17,0.01996,0.73,415.0,0.05,1599.05,1094.72,504.33,487.05,0.685
1506,62,30.0,25.5,0.01889,0.7,241.0,0.05,1316.19,865.91,450.28,441.24,0.658
1507,62,28.0,25.05,0.01899,0.79,70.0,0.05,1037.04,581.64,455.39,413.25,0.561
1508,62,27.7,25.07,0.01914,0.81,2.0,0.05,946.76,483.93,462.82,414.3,0.511
1509,62,27.0,24.83,0.01901,0.84,0.0,0.05,913.9,457.66,456.24,397.91,0.501
1510,62,27.0,24.83,0.01901,0.84,0.0,0.05,912.82,456.58,456.24,397.91,0.5
1511,62,26.3,24.44,0.01865,0.86,0.0,0.05,870.62,432.68,437.94,372.27,0.497
1512,63,26.0,24.56,0.01897,0.89,0.0,0.05,875.73,421.6,454.13,380.24,0.481
1513,63,25.0,24.24,0.01888,0.94,0.0,0.05,836.99,387.53,449.46,360.55,0.463
1514,63,25.5,24.08,0.01842,0.89,0.0,0.05,828.5,402.22,426.28,350.28,0.485
1515,63,25.0,24.24,0.01889,0.94,0.0,0.05,835.09,384.65,450.44,361.32,0.461
1516,63,25.0,24.24,0.01889,0.94,0.0,0.05,833.77,383.33,450.44,361.32,0.46
1517,63,24.9,24.01,0.01859,0.93,0.0,0.05,814.07,378.91,435.16,347.68,0.465
1518,63,25.0,23.59,0.01786,0.89,0.0,0.05,779.37,381.14,398.23,320.17,0.489
1519,63,25.0,24.24,0.01889,0.94,0.0,0.05,830.73,380.29,450.44,361.32,0.458
1520,63,25.0,23.85,0.01826,0.91,13.0,0.05,814.39,396.24,418.15,335.87,0.487
1521,63,26.0,24.56,0.01897,0.89,144.0,0.15,1222.68,700.8,521.88,427.23,0.573
1522,63,28.0,25.79,0.02015,0.84,323.0,0.15,1587.51,1000.05,587.46,516.13,0.63
1523,63,29.0,25.38,0.01902,0.75,485.0,0.15,1768.49,1243.95,524.54,483.34,0.703
1524,63,30.0,25.5,0.01881,0.7,607.0,0.15,1950.36,1436.98,513.38,492.33,0.737
1525,63,30.5,25.46,0.01852,0.67,679.0,0.15,2046.13,1548.87,497.27,488.31,0.757
1526,63,31.1,25.48,0.01832,0.64,695.0,0.15,2078.6,1592.42,486.18,490.16,0.766
1527,63,31.0,25.21,0.01794,0.63,654.0,0.15,2003.62,1538.59,465.03,471.29,0.768
1528,63,30.0,24.84,0.01776,0.66,558.0,0.05,1663.57,1270.28,393.29,396.32,0.764
1529,63,30.0,25.17,0.01834,0.68,415.0,0.05,1510.07,1087.85,422.22,419.12,0.72
1530,63,29.0,24.59,0.01778,0.7,241.0,0.05,1227.09,832.71,394.37,381.16,0.679
1531,63,28.0,23.68,0.01675,0.7,70.0,0.05,923.01,580.69,342.32,324.13,0.629
1532,63,27.1,24.36,0.01819,0.8,2.0,0.05,878.15,463.42,414.73,366.79,0.528
1533,63,27.0,24.83,0.01899,0.84,0.0,0.05,911.83,456.57,455.26,397.14,0.501
1534,63,27.0,24.83,0.01899,0.84,0.0,0.05,910.9,455.64,455.26,397.14,0.5
1535,63,26.4,24.54,0.01872,0.86,0.0,0.05,876.89,435.15,441.75,376.88,0.496
1536,64,26.0,24.56,0.01895,0.89,0.0,0.05,874.11,420.95,453.16,379.47,0.482
1537,64,26.0,24.56,0.01897,0.89,0.0,0.05,873.91,419.78,454.13,380.24,0.48
1538,64,26.3,24.72,0.01909,0.88,0.0,0.05,889.11,428.61,460.5,390.06,0.482
1539,64,26.0,24.56,0.01897,0.89,0.0,0.05,872.21,418.08,454.13,380.24,0.479
1540,64,25.8,24.37,0.01876,0.89,0.0,0.05,854.22,410.73,443.48,368.64,0.481
1541,64,25.6,24.17,0.01853,0.89,0.0,0.05,835.35,403.37,431.98,356.37,0.483
1542,64,25.0,24.24,0.01888,0.94,0.0,0.05,832.33,382.87,449.46,360.55,0.46
1543,64,25.0,24.24,0.01888,0.94,0.0,0.05,831.26,381.79,449.46,360.55,0.459
1544,64,26.0,24.56,0.01897,0.89,14.0,0.525,1703.24,927.29,775.95,603.46,0.544
1545,64,27.0,24.83,0.01899,0.84,145.0,1.0,2742.35,1642.41,1099.94,863.43,0.599
1546,64,28.0,25.06,0.01892,0.79,325.0,1.0,3018.02,1925.37,1092.66,891.75,0.638
1547,64,28.5,25.68,0.01973,0.8,485.0,1.0,3328.88,2157.42,1171.46,979.29,0.648
1548,64,29.0,26.0,0.02008,0.79,607.0,1.0,3547.13,2340.91,1206.22,1027.63,0.66
1549,64,30.0,24.84,0.01773,0.66,680.0,1.0,3464.6,2487.5,977.1,858.52,0.718
1550,64,30.2,25.52,0.0188,0.69,694.0,1.0,3598.67,2517.56,1081.12,958.06,0.7
1551,64,31.0,25.73,0.01882,0.66,653.0,1.0,3591.51,2507.92,1083.59,988.1,0.698
1552,64,31.0,25.73,0.01882,0.66,557.0,1.0,3470.31,2386.72,1083.59,988.1,0.688
1553,64,29.8,25.32,0.01865,0.7,415.0,1.0,3211.18,2144.32,1066.86,931.44,0.668
1554,64,29.0,25.22,0.01883,0.74,241.0,1.0,2965.05,1880.55,1084.5,919.3,0.634
1555,64,28.0,25.79,0.02021,0.84,69.0,0.5,1916.35,1066.89,849.47,718.68,0.557
1556,64,27.0,24.97,0.01924,0.85,2.0,0.05,928.24,460.22,468.02,407.19,0.496
1557,64,26.5,25.18,0.01978,0.9,0.0,0.05,935.37,440.17,495.19,420.61,0.471
1558,64,26.0,25.22,0.02007,0.94,0.0,0.05,932.2,422.53,509.68,424.02,0.453
1559,64,26.1,25.19,0.01995,0.93,0.0,0.05,928.08,424.42,503.66,420.88,0.457
1560,65,27.0,25.53,0.02016,0.89,0.0,0.05,967.0,452.81,514.19,443.58,0.468
1561,65,26.6,25.28,0.0199,0.9,0.0,0.05,940.55,439.27,501.29,427.01,0.467
1562,65,26.3,25.12,0.01977,0.91,0.0,0.05,923.23,428.81,494.42,416.8,0.464
1563,65,26.1,24.93,0.01953,0.91,0.0,0.05,903.86,421.53,482.32,404.06,0.466
1564,65,25.8,24.77,0.01939,0.92,0.0,0.05,886.35,410.95,475.4,393.8,0.464
1565,65,25.6,24.7,0.01937,0.93,0.0,0.05,877.9,403.55,474.34,389.76,0.46
1566,65,26.0,25.22,0.02007,0.94,0.0,0.05,925.51,415.84,509.68,424.02,0.449
1567,65,26.0,25.22,0.02007,0.94,0.0,0.05,925.03,415.36,509.68,424.02,0.449
1568,65,25.7,24.93,0.01968,0.94,14.0,0.525,1744.68,915.91,828.77,641.01,0.525
1569,65,28.0,25.79,0.02015,0.84,190.0,1.0,2965.48,1752.65,1212.83,998.71,0.591
1570,65,29.0,26.0,0.02008,0.79,470.0,1.0,3370.6,2164.38,1206.22,1027.63,0.642
1571,65,29.3,26.43,0.02069,0.8,728.0,1.0,3777.7,2512.25,1265.45,1090.79,0.665
1572,65,30.0,25.5,0.01881,0.7,912.0,1.0,3868.69,2785.83,1082.85,952.64,0.72
1573,65,30.7,25.97,0.01934,0.69,1018.0,1.0,4093.54,2959.61,1133.93,1022.47,0.723
1574,65,31.4,26.44,0.01987,0.68,1040.0,1.0,4211.49,3025.84,1185.66,1092.87,0.718
1575,65,32.0,26.1,0.01902,0.63,248.0,1.0,3146.1,2042.96,1103.14,1040.31,0.649
1576,65,31.0,25.73,0.01884,0.66,211.0,1.0,3031.52,1946.06,1085.46,989.77,0.642
1577,65,30.4,25.7,0.01906,0.69,157.0,1.0,2953.7,1847.08,1106.63,987.72,0.625
1578,65,30.0,24.84,0.01776,0.66,91.0,1.0,2723.11,1742.48,980.62,861.65,0.64
1579,65,28.0,25.05,0.01897,0.79,26.0,0.5,1774.13,1014.72,759.41,641.88,0.572
1580,65,27.0,24.83,0.01901,0.84,1.0,0.05,917.76,461.52,456.24,397.91,0.503
1581,65,27.0,24.83,0.01899,0.84,0.0,0.05,914.07,458.81,455.26,397.14,0.502
1582,65,26.0,24.56,0.01897,0.89,0.0,0.05,878.9,424.77,454.13,380.24,0.483
1583,65,26.4,24.68,0.01897,0.87,0.0,0.05,890.25,436.2,454.05,386.58,0.49
1584,66,26.0,24.56,0.01895,0.89,0.0,0.05,875.02,421.86,453.16,379.47,0.482
1585,66,26.0,24.56,0.01897,0.89,0.0,0.05,874.7,420.57,454.13,380.24,0.481
1586,66,25.9,24.6,0.01907,0.9,0.0,0.05,875.5,416.17,459.33,382.74,0.475
1587,66,26.0,24.56,0.01897,0.89,0.0,0.05,872.55,418.42,454.13,380.24,0.48
1588,66,25.0,24.24,0.01888,0.94,0.0,0.05,834.24,384.78,449.46,360.55,0.461
1589,66,25.0,24.24,0.01889,0.94,0.0,0.05,833.88,383.44,450.44,361.32,0.46
1590,66,25.0,24.24,0.01888,0.94,0.0,0.05,831.75,382.29,449.46,360.55,0.46
1591,66,25.0,24.24,0.01888,0.94,0.0,0.05,830.75,381.29,449.46,360.55,0.459
1592,66,25.4,24.5,0.01913,0.93,14.0,0.525,1689.63,901.53,788.1,598.61,0.534
1593,66,26.7,25.1,0.01956,0.88,146.0,1.0,2783.2,1627.46,1155.74,902.64,0.585
1594,66,28.0,25.79,0.02017,0.84,326.0,1.0,3140.64,1925.81,1214.83,1000.49,0.613
1595,66,29.5,25.85,0.01961,0.75,487.0,1.0,3371.15,2210.87,1160.28,1004.15,0.656
1596,66,31.0,25.73,0.0188,0.66,609.0,1.0,3528.4,2446.68,1081.72,986.44,0.693
1597,66,31.0,25.73,0.0188,0.66,680.0,1.0,3622.07,2540.34,1081.72,986.44,0.701
1598,66,31.5,25.65,0.01848,0.63,695.0,1.0,3637.5,2587.62,1049.88,975.5,0.711
1599,66,31.0,25.73,0.01884,0.66,653.0,1.0,3595.66,2510.19,1085.46,989.77,0.698
1600,66,31.0,25.21,0.01798,0.63,558.0,1.0,3391.54,2389.96,1001.58,915.11,0.705
1601,66,30.0,24.67,0.0175,0.65,415.0,1.0,3111.8,2156.34,955.46,839.26,0.693
1602,66,29.0,24.59,0.01778,0.7,240.0,1.0,2863.56,1880.86,982.7,828.7,0.657
1603,66,28.0,25.05,0.01897,0.79,68.0,0.5,1826.39,1066.98,759.41,641.88,0.584
1604,66,27.0,24.83,0.01903,0.84,2.0,0.05,918.63,461.41,457.22,398.68,0.502
1605,66,27.0,24.83,0.01901,0.84,0.0,0.05,913.85,457.61,456.24,397.91,0.501
1606,66,26.0,24.56,0.01897,0.89,0.0,0.05,877.86,423.73,454.13,380.24,0.483
1607,66,26.0,24.56,0.01897,0.89,0.0,0.05,876.31,422.18,454.13,380.24,0.482
1608,67,26.0,24.56,0.01897,0.89,0.0,0.05,874.97,420.84,454.13,380.24,0.481
1609,67,26.0,24.56,0.01897,0.89,0.0,0.05,873.81,419.68,454.13,380.24,0.48
1610,67,25.3,24.01,0.0184,0.9,0.0,0.05,821.31,395.72,425.59,346.53,0.482
1611,67,25.0,24.24,0.01889,0.94,0.0,0.05,835.01,384.57,450.44,361.32,0.461
1612,67,25.0,24.24,0.01889,0.94,0.0,0.05,833.7,383.26,450.44,361.32,0.46
1613,67,24.9,24.14,0.0188,0.94,0.0,0.05,824.41,378.85,445.56,355.87,0.46
1614,67,24.9,23.75,0.01818,0.91,0.0,0.05,792.19,377.81,414.38,331.3,0.477
1615,67,25.0,23.59,0.01786,0.89,0.0,0.05,778.42,380.19,398.23,320.17,0.488
1616,67,24.9,24.01,0.01857,0.93,14.0,0.525,1626.28,879.48,746.8,550.58,0.541
1617,67,27.0,24.83,0.01899,0.84,56.0,1.0,2626.31,1526.37,1099.94,863.43,0.581
1618,67,28.0,24.3,0.0177,0.74,124.0,1.0,2640.62,1665.91,974.7,786.77,0.631
1619,67,29.1,24.85,0.0181,0.71,186.0,1.0,2816.66,1803.45,1013.21,859.33,0.64
1620,67,30.0,24.84,0.01773,0.66,232.0,1.0,2887.76,1910.66,977.1,858.52,0.662
1621,67,31.0,25.21,0.01792,0.63,259.0,1.0,2995.2,1998.97,996.23,910.35,0.667
1622,67,31.3,25.12,0.01768,0.61,264.0,1.0,2996.05,2023.29,972.76,899.9,0.675
1623,67,32.0,24.04,0.01563,0.52,983.0,1.0,3757.6,2983.96,773.64,747.05,0.794
1624,67,32.0,25.37,0.01782,0.59,846.0,1.0,3796.52,2810.63,985.89,935.95,0.74
1625,67,30.8,24.86,0.01748,0.62,621.0,1.0,3415.15,2462.18,952.97,864.89,0.721
1626,67,30.0,24.84,0.01778,0.66,347.0,1.0,3052.87,2070.48,982.39,863.23,0.678
1627,67,28.0,24.3,0.01774,0.74,89.0,0.5,1764.91,1095.2,669.71,565.38,0.621
1628,67,27.3,24.4,0.01819,0.79,2.0,0.05,887.24,472.37,414.87,370.1,0.532
1629,67,27.0,24.12,0.01785,0.79,0.0,0.05,856.22,458.75,397.46,351.58,0.536
1630,67,27.0,24.12,0.01783,0.79,0.0,0.05,854.07,457.53,396.54,350.86,0.536
1631,67,26.4,24.26,0.01831,0.84,0.0,0.05,857.78,436.78,421.0,360.52,0.509
1632,68,26.0,23.88,0.01787,0.84,0.0,0.05,821.14,422.37,398.78,336.61,0.514
1633,68,26.0,24.56,0.01897,0.89,0.0,0.05,875.13,421.0,454.13,380.24,0.481
1634,68,25.3,23.75,0.01798,0.88,0.0,0.05,801.2,396.86,404.34,329.79,0.495
1635,68,25.1,23.69,0.01797,0.89,0.0,0.05,792.62,388.84,403.78,326.14,0.491
1636,68,24.9,23.75,0.01818,0.91,0.0,0.05,795.28,380.9,414.38,331.3,0.479
1637,68,24.7,23.82,0.01837,0.93,0.0,0.05,796.71,373.02,423.69,335.43,0.468
1638,68,24.0,23.26,0.01777,0.94,0.0,0.05,742.22,348.79,393.43,300.37,0.47
1639,68,24.0,24.0,0.01893,1.0,0.0,0.05,799.7,347.26,452.44,346.88,0.434
1640,68,24.8,24.17,0.01885,0.95,20.0,0.525,1649.41,882.23,767.18,565.47,0.535
1641,68,27.0,24.83,0.01899,0.84,203.0,1.0,2814.17,1714.23,1099.94,863.43,0.609
1642,68,28.0,25.06,0.01893,0.79,440.0,1.0,3165.19,2070.65,1094.54,893.42,0.654
1643,68,28.9,25.44,0.01918,0.76,641.0,1.0,3494.84,2376.25,1118.6,946.17,0.68
1644,68,31.0,25.22,0.01791,0.63,801.0,1.0,3686.01,2691.55,994.45,908.77,0.73
1645,68,31.0,25.73,0.0188,0.66,891.0,1.0,3891.5,2809.78,1081.72,986.44,0.722
1646,68,31.5,25.83,0.01878,0.64,910.0,1.0,3941.61,2862.35,1079.25,1001.65,0.726
1647,68,31.0,26.41,0.02,0.7,942.0,1.0,4078.05,2879.99,1198.07,1089.99,0.706
1648,68,31.0,26.41,0.02002,0.7,832.0,1.0,3940.7,2740.64,1200.06,1091.76,0.695
1649,68,30.7,26.3,0.01998,0.71,625.0,1.0,3657.29,2461.15,1196.14,1077.83,0.673
1650,68,30.0,26.31,0.02026,0.75,361.0,1.0,3311.32,2087.52,1223.8,1078.09,0.63
1651,68,28.0,25.06,0.01895,0.79,102.0,0.5,1869.09,1111.08,758.0,640.68,0.594
1652,68,27.3,24.4,0.01817,0.79,2.0,0.05,885.61,471.68,413.93,369.37,0.533
1653,68,27.0,24.83,0.01899,0.84,0.0,0.05,913.42,458.16,455.26,397.14,0.502
1654,68,27.0,24.83,0.01899,0.84,0.0,0.05,912.27,457.01,455.26,397.14,0.501
1655,68,26.5,24.77,0.01908,0.87,0.0,0.05,899.51,439.62,459.89,392.78,0.489
1656,69,27.0,24.83,0.01899,0.84,0.0,0.05,910.11,454.85,455.26,397.14,0.5
1657,69,26.6,24.73,0.01897,0.86,0.0,0.05,895.31,441.03,454.28,389.96,0.493
1658,69,26.3,24.72,0.01907,0.88,0.0,0.05,889.86,430.33,459.52,389.29,0.484
1659,69,26.2,24.75,0.0192,0.89,0.0,0.05,892.01,426.13,465.88,392.7,0.478
1660,69,26.0,24.56,0.01897,0.89,0.0,0.05,872.84,418.71,454.13,380.24,0.48
1661,69,25.9,24.6,0.01909,0.9,0.0,0.05,874.88,414.56,460.32,383.51,0.474
1662,69,25.4,24.37,0.01892,0.92,0.0,0.05,849.08,397.34,451.73,368.74,0.468
1663,69,25.0,24.24,0.01888,0.94,0.0,0.05,832.67,383.21,449.46,360.55,0.46
1664,69,26.0,24.96,0.01961,0.92,22.0,0.05,929.53,443.11,486.42,405.69,0.477
1665,69,27.0,25.53,0.02014,0.89,224.0,0.15,1427.65,841.0,586.65,497.49,0.589
1666,69,29.0,26.0,0.02008,0.79,489.0,0.15,1834.5,1250.81,583.69,531.08,0.682
1667,69,29.3,25.97,0.01989,0.77,708.0,0.15,2116.76,1543.68,573.08,527.91,0.729
1668,69,30.0,25.5,0.01881,0.7,864.0,0.15,2283.02,1769.63,513.38,492.33,0.775
1669,69,31.0,25.73,0.0188,0.66,932.0,0.15,2406.11,1893.38,512.74,509.79,0.787
1670,69,31.8,26.28,0.0194,0.65,910.0,0.15,2440.82,1895.1,545.72,550.8,0.776
1671,69,32.0,25.37,0.01778,0.59,924.0,0.15,2378.45,1922.35,456.1,482.07,0.808
1672,69,32.0,26.1,0.01904,0.63,817.0,0.05,2128.92,1671.02,457.91,479.27,0.785
1673,69,31.0,26.41,0.02004,0.7,617.0,0.05,1891.81,1383.52,508.29,502.98,0.731
1674,69,30.0,26.31,0.02026,0.75,358.0,0.05,1539.05,1019.46,519.59,495.87,0.662
1675,69,29.0,25.22,0.01883,0.74,101.0,0.05,1104.46,657.22,447.24,422.84,0.595
1676,69,27.6,25.12,0.01923,0.82,2.0,0.05,951.13,483.87,467.25,416.2,0.509
1677,69,27.0,24.83,0.01899,0.84,0.0,0.05,915.64,460.38,455.26,397.14,0.503
1678,69,27.0,24.83,0.01899,0.84,0.0,0.05,914.19,458.93,455.26,397.14,0.502
1679,69,27.0,25.25,0.01967,0.87,0.0,0.05,947.25,457.68,489.57,424.18,0.483
1680,70,27.0,24.83,0.01897,0.84,0.0,0.05,910.88,456.6,454.28,396.36,0.501
1681,70,26.7,24.83,0.01909,0.86,0.0,0.05,905.93,445.82,460.11,396.16,0.492
1682,70,26.5,25.05,0.01955,0.89,0.0,0.05,922.01,438.26,483.74,411.58,0.475
1683,70,26.3,24.99,0.01954,0.9,0.0,0.05,913.82,430.72,483.11,407.88,0.471
1684,70,26.0,24.83,0.01943,0.91,0.0,0.05,897.23,419.9,477.33,398.52,0.468
1685,70,25.8,24.9,0.01963,0.93,0.0,0.05,899.7,412.31,487.39,403.25,0.458
1686,70,26.0,25.22,0.02009,0.94,0.0,0.05,928.57,417.85,510.71,424.84,0.45
1687,70,26.0,25.22,0.02009,0.94,0.0,0.05,927.82,417.1,510.71,424.84,0.45
1688,70,26.0,25.22,0.02007,0.94,6.0,0.05,933.82,424.15,509.68,424.02,0.454
1689,70,27.0,24.83,0.01899,0.84,57.0,0.15,1151.26,628.14,523.12,446.22,0.546
1690,70,28.0,25.06,0.01892,0.79,125.0,0.15,1269.26,750.29,518.97,460.86,0.591
1691,70,29.0,25.23,0.01877,0.74,186.0,0.15,1375.19,864.06,511.13,472.52,0.628
1692,70,30.0,26.31,0.02022,0.75,232.0,0.15,1550.53,959.11,591.42,555.3,0.619
1693,70,31.0,26.41,0.01998,0.7,258.0,0.15,1606.87,1028.96,577.91,562.39,0.64
1694,70,31.3,26.17,0.01946,0.67,695.0,0.15,2150.96,1602.04,548.93,544.39,0.745
1695,70,30.0,26.94,0.02138,0.79,544.0,0.15,2020.8,1365.13,655.67,607.15,0.676
1696,70,30.0,26.93,0.0214,0.79,350.0,0.05,1582.09,1004.95,577.15,541.24,0.635
1697,70,25.2,23.78,0.01812,0.89,157.0,0.05,1011.93,600.71,411.22,333.61,0.594
1698,70,25.0,24.24,0.01893,0.94,150.0,0.05,1035.27,582.87,452.39,362.86,0.563
1699,70,26.0,25.22,0.02013,0.94,55.0,0.05,1004.51,491.71,512.8,426.48,0.49
1700,70,25.4,24.5,0.01917,0.93,1.0,0.05,865.97,401.56,464.41,378.74,0.464
1701,70,26.0,24.56,0.01899,0.89,0.0,0.05,873.66,418.55,455.11,381.01,0.479
1702,70,26.0,25.22,0.02007,0.94,0.0,0.05,927.38,417.7,509.68,424.02,0.45
1703,70,25.9,24.99,0.01973,0.93,0.0,0.05,906.14,413.69,492.45,408.84,0.457
1704,71,26.0,25.22,0.02007,0.94,0.0,0.05,925.95,416.28,509.68,424.02,0.45
1705,71,25.8,25.03,0.01982,0.94,0.0,0.05,906.54,409.18,497.36,411.11,0.451
1706,71,25.7,24.93,0.0197,0.94,0.0,0.05,896.57,405.31,491.26,404.7,0.452
1707,71,25.6,24.7,0.01939,0.93,0.0,0.05,876.8,401.45,475.34,390.55,0.458
1708,71,25.4,24.5,0.01915,0.93,0.0,0.05,857.76,394.34,463.42,377.96,0.46
1709,71,25.3,24.41,0.01905,0.93,0.0,0.05,848.95,390.45,458.5,372.47,0.46
1710,71,25.0,24.24,0.01889,0.94,0.0,0.05,830.46,380.02,450.44,361.32,0.458
1711,71,25.0,24.24,0.01889,0.94,0.0,0.05,829.77,379.33,450.44,361.32,0.457
1712,71,25.1,24.34,0.01901,0.94,15.0,0.525,1667.6,888.46,779.14,583.33,0.533
1713,71,27.0,24.83,0.01899,0.84,151.0,1.0,2747.65,1647.71,1099.94,863.43,0.6
1714,71,29.0,26.0,0.0201,0.79,330.0,1.0,3189.52,1981.31,1208.21,1029.41,0.621
1715,71,29.2,24.94,0.01822,0.71,492.0,1.0,3226.87,2201.35,1025.51,873.76,0.682
1716,71,31.0,25.73,0.0188,0.66,612.0,1.0,3531.68,2449.96,1081.72,986.44,0.694
1717,71,31.0,25.73,0.0188,0.66,682.0,1.0,3624.13,2542.41,1081.72,986.44,0.702
1718,71,32.0,24.62,0.01656,0.55,698.0,1.0,3480.51,2616.85,863.67,827.18,0.752
1719,71,31.0,25.21,0.01796,0.63,738.0,1.0,3618.95,2619.16,999.79,913.52,0.724
1720,71,32.0,24.81,0.01687,0.56,685.0,1.0,3498.16,2604.42,893.74,853.94,0.745
1721,71,31.0,24.5,0.01682,0.59,541.0,1.0,3259.41,2370.15,889.26,815.15,0.727
1722,71,30.0,24.15,0.01667,0.62,325.0,1.0,2917.42,2042.61,874.8,767.47,0.7
1723,71,28.0,23.68,0.01675,0.7,93.0,0.5,1698.83,1100.64,598.19,504.4,0.648
1724,71,27.2,24.16,0.01785,0.78,2.0,0.05,866.81,469.35,397.46,354.78,0.541
1725,71,27.0,24.83,0.01901,0.84,0.0,0.05,915.16,458.92,456.24,397.91,0.501
1726,71,26.0,24.56,0.01897,0.89,0.0,0.05,878.99,424.86,454.13,380.24,0.483
1727,71,26.5,24.36,0.01842,0.84,0.0,0.05,866.19,439.56,426.63,366.56,0.507
1728,72,26.0,24.56,0.01897,0.89,0.0,0.05,876.13,422.0,454.13,380.24,0.482
1729,72,26.0,24.56,0.01897,0.89,0.0,0.05,874.82,420.68,454.13,380.24,0.481
1730,72,25.9,24.33,0.01863,0.88,0.0,0.05,853.56,416.27,437.29,365.36,0.488
1731,72,25.9,24.33,0.01865,0.88,0.0,0.05,853.47,415.22,438.25,366.12,0.487
1732,72,26.0,24.56,0.01899,0.89,0.0,0.05,872.71,417.6,455.11,381.01,0.479
1733,72,25.4,24.37,0.01894,0.92,0.0,0.05,849.91,397.2,452.71,369.51,0.467
1734,72,25.0,24.24,0.01889,0.94,0.0,0.05,833.52,383.08,450.44,361.32,0.46
1735,72,25.0,24.24,0.01888,0.94,0.0,0.05,831.44,381.97,449.46,360.55,0.459
1736,72,25.6,24.31,0.01872,0.9,15.0,0.525,1669.82,911.85,757.97,577.93,0.546
1737,72,27.0,24.83,0.01899,0.84,152.0,1.0,2751.21,1651.28,1099.94,863.43,0.6
1738,72,28.0,24.3,0.01768,0.74,332.0,1.0,2907.2,1934.25,972.95,785.21,0.665
1739,72,30.0,24.84,0.01771,0.66,493.0,1.0,3220.35,2245.01,975.35,856.96,0.697
1740,72,31.0,25.22,0.01791,0.63,614.0,1.0,3448.41,2453.96,994.45,908.77,0.712
1741,72,31.0,25.21,0.01792,0.63,683.0,1.0,3541.17,2544.94,996.23,910.35,0.719
1742,72,31.6,25.74,0.01856,0.63,696.0,1.0,3653.29,2594.71,1058.57,986.72,0.71
1743,72,32.0,26.1,0.01902,0.63,652.0,1.0,3664.27,2561.13,1103.14,1040.31,0.699
1744,72,31.0,25.21,0.01794,0.63,555.0,1.0,3385.28,2387.27,998.01,911.93,0.705
1745,72,30.0,24.67,0.01749,0.65,412.0,1.0,3107.21,2153.49,953.72,837.71,0.693
1746,72,29.0,24.59,0.01778,0.7,253.0,1.0,2881.1,1898.4,982.7,828.7,0.659
1747,72,28.0,24.3,0.01774,0.74,74.0,0.5,1745.13,1075.42,669.71,565.38,0.616
1748,72,27.2,24.3,0.01806,0.79,2.0,0.05,877.03,468.62,408.41,363.41,0.534
1749,72,27.0,24.12,0.01783,0.79,0.0,0.05,854.83,458.29,396.54,350.86,0.536
1750,72,27.0,24.12,0.01783,0.79,0.0,0.05,853.67,457.12,396.54,350.86,0.535
1751,72,26.4,24.12,0.01807,0.83,0.0,0.05,845.17,436.43,408.74,350.86,0.516
1752,73,26.0,23.88,0.01785,0.84,0.0,0.05,819.92,422.07,397.86,335.88,0.515
1753,73,26.0,23.88,0.01785,0.84,0.0,0.05,818.6,420.74,397.86,335.88,0.514
1754,73,26.1,23.97,0.01798,0.84,0.0,0.05,827.17,422.88,404.29,342.55,0.511
1755,73,25.9,24.06,0.0182,0.86,0.0,0.05,830.67,415.39,415.28,348.01,0.5
1756,73,25.7,24.0,0.01819,0.87,0.0,0.05,822.91,407.9,415.0,344.59,0.496
1757,73,25.5,24.08,0.01842,0.89,0.0,0.05,826.69,400.42,426.28,350.28,0.484
1758,73,25.0,24.24,0.01888,0.94,0.0,0.05,832.55,383.09,449.46,360.55,0.46
1759,73,25.0,23.59,0.01784,0.89,0.0,0.05,779.29,381.98,397.31,319.44,0.49
1760,73,26.0,24.29,0.01853,0.87,20.0,0.525,1678.68,935.15,743.53,575.74,0.557
1761,73,28.0,25.06,0.01892,0.79,200.0,1.0,2857.36,1764.71,1092.66,891.75,0.618
1762,73,30.0,25.51,0.0188,0.7,436.0,1.0,3252.69,2171.7,1080.99,950.98,0.668
1763,73,30.0,25.18,0.01822,0.68,647.0,1.0,3469.96,2444.52,1025.44,901.54,0.704
1764,73,31.0,25.74,0.01876,0.66,803.0,1.0,3776.09,2698.1,1078.0,983.12,0.715
1765,73,32.0,26.1,0.01898,0.63,893.0,1.0,3966.75,2867.38,1099.37,1036.95,0.723
1766,73,32.1,25.46,0.01785,0.59,912.0,1.0,3888.38,2899.47,988.9,942.12,0.746
1767,73,33.0,26.24,0.01882,0.59,892.0,1.0,4006.4,2922.54,1083.86,1057.96,0.729
1768,73,32.0,26.1,0.01902,0.63,783.0,1.0,3836.78,2733.64,1103.14,1040.31,0.712
1769,73,31.9,26.19,0.01924,0.64,593.0,1.0,3610.71,2486.33,1124.38,1055.73,0.689
1770,73,30.0,25.5,0.01885,0.7,353.0,1.0,3168.31,2081.72,1086.59,955.97,0.657
1771,73,29.0,25.23,0.01879,0.74,24.0,0.5,1802.91,1056.6,746.31,655.62,0.586
1772,73,27.5,25.02,0.01909,0.82,1.0,0.05,941.34,480.91,460.43,409.22,0.511
1773,73,27.0,24.83,0.01899,0.84,0.0,0.05,916.96,461.7,455.26,397.14,0.504
1774,73,27.0,24.83,0.01897,0.84,0.0,0.05,914.35,460.07,454.28,396.36,0.503
1775,73,27.0,25.12,0.01942,0.86,0.0,0.05,935.47,458.67,476.8,414.12,0.49
1776,74,27.0,25.53,0.02012,0.89,0.0,0.05,969.56,457.45,512.11,441.95,0.472
1777,74,27.0,25.53,0.02014,0.89,0.0,0.05,969.54,456.4,513.15,442.76,0.471
1778,74,26.9,25.02,0.01932,0.86,0.0,0.05,924.08,452.21,471.87,408.63,0.489
1779,74,26.0,24.56,0.01897,0.89,0.0,0.05,875.97,421.84,454.13,380.24,0.482
1780,74,26.0,24.69,0.01919,0.9,0.0,0.05,885.77,420.54,465.23,388.98,0.475
1781,74,26.1,24.93,0.01953,0.91,0.0,0.05,905.03,422.71,482.32,404.06,0.467
1782,74,26.0,25.09,0.01985,0.93,0.0,0.05,917.07,418.52,498.55,415.25,0.456
1783,74,26.0,25.22,0.02007,0.94,0.0,0.05,927.36,417.68,509.68,424.02,0.45
1784,74,26.0,24.29,0.01853,0.87,16.0,0.525,1676.67,933.14,743.53,575.74,0.557
1785,74,27.0,25.11,0.01944,0.86,154.0,1.0,2800.14,1656.79,1143.34,902.06,0.592
1786,74,28.0,25.79,0.02013,0.84,333.0,1.0,3148.91,1938.08,1210.83,996.92,0.615
1787,74,29.7,25.88,0.01953,0.74,494.0,1.0,3385.68,2233.01,1152.67,1004.34,0.66
1788,74,31.0,25.74,0.01876,0.66,614.0,1.0,3533.67,2455.68,1078.0,983.12,0.695
1789,74,31.0,25.74,0.01878,0.66,682.0,1.0,3625.0,2545.14,1079.86,984.78,0.702
1790,74,31.5,25.66,0.01846,0.63,696.0,1.0,3638.88,2590.84,1048.05,973.87,0.712
1791,74,32.0,26.1,0.01902,0.63,853.0,1.0,3923.15,2820.01,1103.14,1040.31,0.719
1792,74,32.0,26.1,0.01904,0.63,801.0,1.0,3860.36,2755.33,1105.03,1042.0,0.714
1793,74,31.7,25.83,0.01873,0.63,614.0,1.0,3576.47,2501.73,1074.74,1004.59,0.699
1794,74,30.0,25.5,0.01887,0.7,352.0,1.0,3167.73,2079.26,1088.47,957.64,0.656
1795,74,29.0,25.22,0.01883,0.74,96.0,0.5,1897.04,1147.94,749.1,658.0,0.605
1796,74,28.1,25.3,0.01932,0.8,2.0,0.05,972.77,501.0,471.76,427.76,0.515
1797,74,28.0,25.79,0.02017,0.84,0.0,0.05,1009.05,494.13,514.93,460.18,0.49
1798,74,28.0,25.79,0.02017,0.84,0.0,0.05,1008.1,493.17,514.93,460.18,0.489
1799,74,27.3,25.82,0.02051,0.89,0.0,0.05,1001.18,469.38,531.8,462.27,0.469
1800,75,27.0,25.53,0.02014,0.89,0.0,0.05,971.54,458.39,513.15,442.76,0.472
1801,75,27.0,26.21,0.02131,0.94,0.0,0.05,1029.44,457.21,572.23,489.33,0.444
1802,75,26.7,25.78,0.02069,0.93,0.0,0.05,987.52,446.35,541.17,460.05,0.452
1803,75,26.0,25.22,0.02007,0.94,0.0,0.05,932.0,422.32,509.68,424.02,0.453
1804,75,27.0,25.53,0.02016,0.89,0.0,0.05,967.95,453.77,514.19,443.58,0.469
1805,75,26.6,25.68,0.02059,0.93,0.0,0.05,975.99,440.09,535.89,454.29,0.451
1806,75,27.0,25.53,0.02016,0.89,0.0,0.05,966.68,452.49,514.19,443.58,0.468
1807,75,26.0,25.22,0.02007,0.94,0.0,0.05,928.98,419.31,509.68,424.02,0.451
1808,75,26.6,25.68,0.02057,0.93,16.0,0.525,1853.86,959.87,893.99,719.66,0.518
1809,75,28.0,25.79,0.02013,0.84,155.0,1.0,2922.1,1711.27,1210.83,996.92,0.586
1810,75,28.0,25.35,0.01939,0.81,334.0,1.0,3080.1,1941.36,1138.75,932.77,0.63
1811,75,28.0,25.06,0.0189,0.79,495.0,1.0,3239.08,2148.29,1090.78,890.08,0.663
1812,75,29.0,26.0,0.02008,0.79,613.0,1.0,3557.84,2351.62,1206.22,1027.63,0.661
1813,75,31.0,27.24,0.02146,0.75,680.0,1.0,3881.32,2541.7,1339.62,1215.97,0.655
1814,75,32.0,26.8,0.02027,0.67,694.0,1.0,3837.72,2613.32,1224.4,1148.23,0.681
1815,75,32.0,26.8,0.02029,0.67,650.0,1.0,3785.7,2559.28,1226.42,1150.03,0.676
1816,75,33.0,26.23,0.01888,0.59,553.0,1.0,3578.02,2488.53,1089.49,1062.97,0.696
1817,75,30.5,26.12,0.01977,0.71,408.0,1.0,3351.25,2175.94,1175.31,1052.33,0.649
1818,75,29.0,25.22,0.01885,0.74,234.0,1.0,2962.25,1875.87,1086.38,920.97,0.633
1819,75,29.0,25.22,0.01883,0.74,63.0,0.5,1853.72,1104.62,749.1,658.0,0.596
1820,75,28.7,25.41,0.01925,0.77,1.0,0.05,986.96,518.55,468.41,434.72,0.525
1821,75,28.0,25.79,0.02017,0.84,0.0,0.05,1008.69,493.76,514.93,460.18,0.49
1822,75,28.0,25.79,0.02015,0.84,0.0,0.05,1006.74,492.85,513.89,459.36,0.49
1823,75,28.0,25.79,0.02013,0.84,0.0,0.05,1004.92,492.07,512.85,458.54,0.49
1824,76,28.0,26.5,0.02137,0.89,0.0,0.05,1066.83,491.4,575.43,507.87,0.461
1825,76,27.7,26.21,0.02099,0.89,0.0,0.05,1037.04,480.97,556.07,487.8,0.464
1826,76,27.4,25.92,0.02063,0.89,0.0,0.05,1008.52,470.44,538.09,468.83,0.466
1827,76,27.0,26.21,0.02133,0.94,0.0,0.05,1029.86,456.53,573.33,490.2,0.443
1828,76,27.0,26.21,0.02133,0.94,0.0,0.05,1028.93,455.6,573.33,490.2,0.443
1829,76,26.5,25.72,0.02069,0.94,0.0,0.05,979.46,438.4,541.06,456.76,0.448
1830,76,26.0,25.22,0.02007,0.94,0.0,0.05,930.67,420.99,509.68,424.02,0.452
1831,76,26.0,25.22,0.02007,0.94,0.0,0.05,929.49,419.81,509.68,424.02,0.452
1832,76,26.6,25.82,0.02079,0.94,21.0,0.05,1011.79,465.42,546.37,462.55,0.46
1833,76,28.0,26.5,0.02139,0.89,203.0,0.15,1508.82,852.6,656.22,571.62,0.565
1834,76,30.0,26.31,0.02018,0.75,439.0,0.15,1814.45,1225.32,589.13,553.46,0.675
1835,76,31.1,26.84,0.02063,0.72,647.0,0.15,2145.82,1532.01,613.82,593.16,0.714
1836,76,32.0,26.1,0.01897,0.63,756.0,0.15,2226.94,1705.22,521.72,535.03,0.766
1837,76,33.0,27.71,0.02144,0.67,769.0,0.15,2418.1,1759.04,659.07,663.86,0.727
1838,76,31.5,26.36,0.01967,0.67,694.0,0.15,2173.85,1613.32,560.53,557.36,0.742
1839,76,29.0,25.23,0.01879,0.74,650.0,0.15,1983.48,1471.29,512.19,473.38,0.742
1840,76,30.0,25.5,0.01885,0.7,552.0,0.05,1716.05,1267.73,448.33,439.7,0.739
1841,76,27.7,25.5,0.01983,0.84,408.0,0.05,1505.57,1007.86,497.71,441.8,0.669
1842,76,28.0,25.79,0.02019,0.84,233.0,0.05,1308.03,792.06,515.97,461.0,0.606
1843,76,27.0,25.53,0.02016,0.89,63.0,0.05,1054.55,540.36,514.19,443.58,0.512
1844,76,26.5,25.18,0.01978,0.9,1.0,0.05,938.29,443.09,495.19,420.61,0.472
1845,76,26.0,24.56,0.01897,0.89,0.0,0.05,878.07,423.94,454.13,380.24,0.483
1846,76,27.0,24.83,0.01897,0.84,0.0,0.05,909.45,455.17,454.28,396.36,0.5
1847,76,26.4,25.08,0.01962,0.9,0.0,0.05,921.85,434.74,487.11,412.63,0.472
1848,77,26.0,25.22,0.02003,0.94,0.0,0.05,928.21,420.61,507.61,422.39,0.453
1849,77,26.0,25.22,0.02003,0.94,0.0,0.05,927.09,419.48,507.61,422.39,0.452
1850,77,25.9,25.0,0.01969,0.93,0.0,0.05,905.64,415.23,490.42,407.24,0.458
1851,77,26.0,25.22,0.02005,0.94,0.0,0.05,926.25,417.6,508.64,423.2,0.451
1852,77,25.7,24.93,0.01968,0.94,0.0,0.05,897.29,407.04,490.24,403.9,0.454
1853,77,25.4,24.63,0.01932,0.94,0.0,0.05,868.54,396.39,472.15,384.83,0.456
1854,77,24.7,24.33,0.01912,0.97,0.0,0.05,834.38,372.55,461.84,365.5,0.446
1855,77,24.0,24.0,0.0189,1.0,0.0,0.05,798.87,348.38,450.48,345.34,0.436
1856,77,24.1,23.85,0.01858,0.98,16.0,0.05,805.43,370.71,434.72,334.52,0.46
1857,77,25.0,23.59,0.01781,0.89,157.0,0.15,1139.78,682.26,457.52,357.3,0.599
1858,77,27.0,24.83,0.01895,0.84,337.0,0.15,1503.21,982.23,520.97,444.49,0.653
1859,77,29.4,26.07,0.01999,0.77,495.0,0.15,1847.74,1269.21,578.53,534.11,0.687
1860,77,30.0,26.31,0.02018,0.75,614.0,0.15,2034.06,1444.93,589.13,553.46,0.71
1861,77,32.0,25.37,0.01774,0.59,684.0,0.15,2060.66,1606.57,454.09,480.46,0.78
1862,77,32.3,25.82,0.01837,0.6,695.0,0.15,2123.2,1634.33,488.87,513.92,0.77
1863,77,32.0,25.37,0.01776,0.59,651.0,0.15,2025.51,1570.42,455.1,481.26,0.775
1864,77,32.0,25.37,0.01776,0.59,552.0,0.05,1722.86,1329.58,393.27,428.33,0.772
1865,77,30.8,24.68,0.01715,0.61,408.0,0.05,1470.09,1107.56,362.53,384.88,0.753
1866,77,30.0,24.84,0.01773,0.66,318.0,0.05,1358.36,966.9,391.46,394.88,0.712
1867,77,29.0,24.59,0.01775,0.7,92.0,0.05,1037.13,644.59,392.54,379.72,0.622
1868,77,28.0,25.2,0.01918,0.8,2.0,0.05,960.99,496.06,464.93,420.77,0.516
1869,77,28.0,25.06,0.01893,0.79,0.0,0.05,945.08,492.62,452.45,410.93,0.521
1870,77,27.0,24.83,0.01897,0.84,0.0,0.05,913.35,459.07,454.28,396.36,0.503
1871,77,27.3,25.12,0.0193,0.84,0.0,0.05,938.46,467.64,470.83,414.21,0.498
1872,78,27.0,25.53,0.02012,0.89,0.0,0.05,968.99,456.88,512.11,441.95,0.472
1873,78,26.6,25.28,0.01986,0.9,0.0,0.05,942.02,442.79,499.23,425.39,0.47
1874,78,26.2,24.89,0.0194,0.9,0.0,0.05,904.68,428.57,476.11,400.76,0.474
1875,78,26.1,24.93,0.01951,0.91,0.0,0.05,905.42,424.1,481.32,403.27,0.468
1876,78,25.9,25.0,0.01971,0.93,0.0,0.05,907.88,416.45,491.43,408.04,0.459
1877,78,25.8,25.03,0.01982,0.94,0.0,0.05,909.46,412.1,497.36,411.11,0.453
1878,78,26.0,25.22,0.02007,0.94,0.0,0.05,927.35,417.67,509.68,424.02,0.45
1879,78,26.0,24.56,0.01897,0.89,0.0,0.05,871.08,416.94,454.13,380.24,0.479
1880,78,26.4,25.08,0.01964,0.9,22.0,0.525,1782.75,957.08,825.66,656.14,0.537
1881,78,28.0,25.79,0.02015,0.84,206.0,1.0,2987.63,1774.8,1212.83,998.71,0.594
1882,78,30.0,26.31,0.0202,0.75,441.0,1.0,3397.95,2180.18,1217.76,1072.71,0.642
1883,78,30.6,26.87,0.02091,0.75,649.0,1.0,3766.57,2479.84,1286.74,1154.98,0.658
1884,78,31.0,26.41,0.01998,0.7,804.0,1.0,3897.38,2701.3,1196.08,1088.22,0.693
1885,78,32.0,26.81,0.02025,0.67,892.0,1.0,4090.15,2867.76,1222.38,1146.44,0.701
1886,78,32.0,26.1,0.01902,0.63,909.0,1.0,3995.04,2891.9,1103.14,1040.31,0.724
1887,78,32.0,26.1,0.01902,0.63,799.0,1.0,3855.96,2752.82,1103.14,1040.31,0.714
1888,78,31.2,25.91,0.01906,0.66,622.0,1.0,3593.35,2486.24,1107.11,1016.0,0.692
1889,78,30.5,25.79,0.01917,0.69,406.0,1.0,3291.66,2174.06,1117.6,1000.97,0.66
1890,78,30.0,26.31,0.02029,0.75,231.0,1.0,3150.05,1924.22,1225.83,1079.89,0.611
1891,78,29.0,25.23,0.01881,0.74,61.0,0.5,1850.89,1103.19,747.71,656.81,0.596
1892,78,29.0,26.0,0.02012,0.79,1.0,0.05,1041.9,529.37,512.53,474.3,0.508
1893,78,28.0,25.79,0.02017,0.84,0.0,0.05,1009.72,494.79,514.93,460.18,0.49
1894,78,28.0,25.79,0.02017,0.84,0.0,0.05,1008.68,493.75,514.93,460.18,0.49
1895,78,27.4,25.78,0.02041,0.88,0.0,0.05,1000.21,473.16,527.05,460.13,0.473
1896,79,27.0,25.53,0.02016,0.89,0.0,0.05,973.07,458.88,514.19,443.58,0.472
1897,79,27.0,25.53,0.02016,0.89,0.0,0.05,971.83,457.64,514.19,443.58,0.471
1898,79,26.6,25.41,0.02013,0.91,0.0,0.05,956.25,443.44,512.81,436.1,0.464
1899,79,26.0,25.22,0.02009,0.94,0.0,0.05,933.29,422.58,510.71,424.84,0.453
1900,79,26.0,25.22,0.02009,0.94,0.0,0.05,931.9,421.18,510.71,424.84,0.452
1901,79,25.9,25.13,0.01999,0.94,0.0,0.05,922.27,416.7,505.57,419.18,0.452
1902,79,26.0,25.22,0.02009,0.94,0.0,0.05,929.59,418.88,510.71,424.84,0.451
1903,79,26.0,24.56,0.01899,0.89,0.0,0.05,873.1,417.98,455.11,381.01,0.479
1904,79,25.8,25.03,0.01982,0.94,22.0,0.525,1771.85,932.66,839.19,652.46,0.526
1905,79,28.0,25.79,0.02017,0.84,195.0,1.0,2975.92,1761.09,1214.83,1000.49,0.592
1906,79,29.0,26.0,0.0201,0.79,381.0,1.0,3260.18,2051.97,1208.21,1029.41,0.629
1907,79,29.8,26.28,0.02024,0.76,496.0,1.0,3463.28,2241.98,1221.3,1068.9,0.647
1908,79,31.0,26.41,0.01998,0.7,614.0,1.0,3652.89,2456.81,1196.08,1088.22,0.673
1909,79,32.0,26.8,0.02027,0.67,682.0,1.0,3822.12,2597.72,1224.4,1148.23,0.68
1910,79,30.9,27.14,0.02137,0.75,692.0,1.0,3887.81,2556.21,1331.6,1205.35,0.657
1911,79,29.0,25.99,0.02015,0.79,648.0,1.0,3615.36,2403.13,1212.22,1032.97,0.665
1912,79,28.0,25.05,0.01899,0.79,550.0,1.0,3326.06,2225.86,1100.19,898.46,0.669
1913,79,28.2,25.09,0.01899,0.78,406.0,1.0,3150.9,2050.88,1100.02,905.27,0.651
1914,79,29.0,25.99,0.02017,0.79,230.0,1.0,3080.26,1866.02,1214.23,1034.76,0.606
1915,79,29.0,25.99,0.02017,0.79,61.0,0.5,1943.99,1097.97,846.01,740.65,0.565
1916,79,28.5,26.12,0.0206,0.83,1.0,0.05,1044.76,508.46,536.3,485.03,0.487
1917,79,28.0,25.79,0.02021,0.84,0.0,0.05,1007.6,490.59,517.02,461.83,0.487
1918,79,28.0,26.5,0.02144,0.89,0.0,0.05,1068.87,490.11,578.76,510.49,0.459
1919,79,27.5,26.01,0.0208,0.89,0.0,0.05,1019.86,473.3,546.56,477.1,0.464
1920,80,27.0,26.21,0.02135,0.94,0.0,0.05,1030.67,456.23,574.44,491.07,0.443
1921,80,27.0,26.21,0.02137,0.94,0.0,0.05,1030.89,455.35,575.54,491.95,0.442
1922,80,27.0,26.21,0.02137,0.94,0.0,0.05,1030.12,454.58,575.54,491.95,0.441
1923,80,26.7,25.91,0.02099,0.94,0.0,0.05,1000.11,444.08,556.03,471.77,0.444
1924,80,26.3,25.39,0.02026,0.93,0.0,0.05,949.35,430.19,519.16,436.3,0.453
1925,80,26.0,25.09,0.01989,0.93,0.0,0.05,920.05,419.45,500.61,416.87,0.456
1926,80,26.0,25.22,0.02011,0.94,0.0,0.05,930.23,418.48,511.75,425.66,0.45
1927,80,26.0,25.22,0.02011,0.94,0.0,0.05,929.4,417.64,511.75,425.66,0.449
1928,80,26.6,25.68,0.02061,0.93,17.0,0.525,1856.82,959.71,897.1,722.32,0.517
1929,80,29.0,26.74,0.02142,0.84,196.0,1.0,3150.41,1814.22,1336.19,1143.3,0.576
1930,80,30.0,26.31,0.02022,0.75,463.0,1.0,3429.36,2209.58,1219.77,1074.5,0.644
1931,80,30.5,26.77,0.02083,0.75,718.0,1.0,3843.09,2564.2,1278.89,1144.52,0.667
1932,80,32.0,27.49,0.0215,0.71,867.0,1.0,4178.52,2834.53,1343.99,1254.67,0.678
1933,80,32.0,26.8,0.02029,0.67,933.0,1.0,4148.11,2921.68,1226.42,1150.03,0.704
1934,80,32.3,27.59,0.02163,0.7,905.0,1.0,4259.89,2903.4,1356.49,1276.24,0.682
1935,80,31.0,27.87,0.02273,0.79,728.0,1.0,4075.33,2611.32,1464.0,1326.68,0.641
1936,80,26.0,24.56,0.01903,0.89,459.0,1.0,3112.65,2009.22,1103.44,831.73,0.645
1937,80,24.6,23.85,0.01849,0.94,154.0,1.0,2594.99,1543.46,1051.52,736.8,0.595
1938,80,26.0,24.56,0.01903,0.89,145.0,1.0,2704.76,1601.32,1103.44,831.73,0.592
1939,80,26.0,24.56,0.01903,0.89,50.0,0.5,1719.37,956.12,763.25,595.32,0.556
1940,80,25.5,24.47,0.0191,0.92,1.0,0.05,866.47,405.92,460.55,377.3,0.468
1941,80,25.0,24.24,0.01891,0.94,0.0,0.05,838.15,386.74,451.41,362.09,0.461
1942,80,25.0,24.24,0.01889,0.94,0.0,0.05,835.57,385.13,450.44,361.32,0.461
1943,80,25.1,24.6,0.01943,0.96,0.0,0.05,864.41,387.03,477.38,384.15,0.448
1944,81,25.0,25.0,0.02014,1.0,0.0,0.05,895.92,382.61,513.31,410.87,0.427
1945,81,25.0,25.0,0.02014,1.0,0.0,0.05,894.88,381.57,513.31,410.87,0.426
1946,81,25.5,24.99,0.01993,0.96,0.0,0.05,899.86,397.07,502.79,410.59,0.441
1947,81,25.7,25.06,0.01998,0.95,0.0,0.05,908.44,403.16,505.28,415.75,0.444
1948,81,26.0,25.22,0.02013,0.94,0.0,0.05,925.52,412.72,512.8,426.48,0.446
1949,81,26.0,25.22,0.02011,0.94,0.0,0.05,924.42,412.67,511.75,425.66,0.446
1950,81,26.0,24.96,0.01967,0.92,0.0,0.05,902.08,412.62,489.47,408.09,0.457
1951,81,26.0,24.83,0.01945,0.91,0.0,0.05,890.91,412.58,478.33,399.31,0.463
1952,81,26.0,24.56,0.01901,0.89,7.0,0.525,1696.0,917.18,778.82,605.91,0.541
1953,81,27.0,24.41,0.01831,0.81,61.0,1.0,2567.56,1533.69,1033.87,804.63,0.597
1954,81,28.0,24.3,0.0177,0.74,129.0,1.0,2647.82,1673.11,974.7,786.77,0.632
1955,81,28.6,24.7,0.01809,0.73,499.0,1.0,3192.65,2179.81,1012.84,841.6,0.683
1956,81,29.3,25.5,0.01915,0.74,616.0,1.0,3482.99,2367.37,1115.62,957.44,0.68
1957,81,30.0,26.31,0.02026,0.75,681.0,1.0,3712.28,2488.48,1223.8,1078.09,0.67
1958,81,30.4,26.03,0.01963,0.71,693.0,1.0,3688.37,2526.34,1162.03,1037.03,0.685
1959,81,31.0,25.73,0.01888,0.66,647.0,1.0,3589.34,2500.12,1089.22,993.11,0.697
1960,81,30.0,24.15,0.01671,0.62,550.0,1.0,3204.16,2326.05,878.12,770.42,0.726
1961,81,29.4,24.46,0.01746,0.67,404.0,1.0,3060.39,2108.87,951.52,814.86,0.689
1962,81,29.0,24.59,0.01784,0.7,229.0,1.0,2852.32,1864.3,988.02,833.43,0.654
1963,81,28.0,24.3,0.01777,0.74,59.0,0.5,1725.66,1053.32,672.34,567.63,0.61
1964,81,27.7,24.02,0.01746,0.74,1.0,0.05,859.13,481.27,377.86,347.33,0.56
1965,81,28.0,25.79,0.02021,0.84,0.0,0.05,1006.29,489.27,517.02,461.83,0.486
1966,81,27.0,25.53,0.02018,0.89,0.0,0.05,971.4,456.17,515.23,444.41,0.47
1967,81,26.8,25.61,0.0204,0.91,0.0,0.05,975.03,448.73,526.3,449.93,0.46
1968,82,27.0,25.53,0.02016,0.89,0.0,0.05,968.59,454.41,514.19,443.58,0.469
1969,82,26.8,25.34,0.01993,0.89,0.0,0.05,950.15,447.21,502.94,431.52,0.471
1970,82,26.6,25.0,0.01949,0.88,0.0,0.05,920.24,439.97,480.27,410.44,0.478
1971,82,26.3,25.12,0.01981,0.91,0.0,0.05,925.88,429.42,496.46,418.41,0.464
1972,82,26.1,25.32,0.02025,0.94,0.0,0.05,941.08,422.06,519.02,432.99,0.448
1973,82,25.8,25.29,0.02032,0.96,0.0,0.05,933.91,411.4,522.51,430.93,0.441
1974,82,25.9,25.26,0.02023,0.95,0.0,0.05,931.49,413.79,517.7,428.74,0.444
1975,82,26.0,25.22,0.02011,0.94,0.0,0.05,928.12,416.36,511.75,425.66,0.449
1976,82,27.1,25.76,0.02056,0.9,7.0,0.525,1860.23,966.88,893.34,731.81,0.52
1977,82,29.0,26.74,0.02144,0.84,241.0,1.0,3209.62,1871.3,1338.32,1145.21,0.583
1978,82,30.0,26.31,0.02022,0.75,510.0,1.0,3489.09,2269.31,1219.77,1074.5,0.65
1979,82,31.1,26.84,0.02069,0.72,498.0,1.0,3577.72,2312.49,1265.23,1153.25,0.646
1980,82,32.0,26.81,0.02025,0.67,615.0,1.0,3733.63,2511.25,1222.38,1146.44,0.673
1981,82,32.0,26.8,0.02027,0.67,681.0,1.0,3822.8,2598.4,1224.4,1148.23,0.68
1982,82,32.7,26.9,0.02018,0.64,692.0,1.0,3866.49,2650.79,1215.7,1164.85,0.686
1983,82,33.0,26.23,0.0189,0.59,647.0,1.0,3702.22,2610.85,1091.37,1064.64,0.705
1984,82,32.0,26.8,0.02035,0.67,546.0,1.0,3664.38,2431.87,1232.51,1155.45,0.664
1985,82,31.1,26.83,0.0208,0.72,402.0,1.0,3477.56,2201.98,1275.58,1162.46,0.633
1986,82,31.0,26.41,0.02008,0.7,227.0,1.0,3178.93,1972.87,1206.06,1097.11,0.621
1987,82,30.0,26.31,0.02031,0.75,59.0,0.5,2001.02,1144.83,856.19,774.24,0.572
1988,82,28.7,25.71,0.01983,0.79,1.0,0.05,1019.85,522.31,497.54,457.68,0.512
1989,82,28.0,26.5,0.02148,0.89,0.0,0.05,1077.99,497.01,580.98,512.24,0.461
1990,82,28.0,25.79,0.02021,0.84,0.0,0.05,1012.68,495.67,517.02,461.83,0.489
1991,82,28.0,26.07,0.02069,0.86,0.0,0.05,1035.56,494.5,541.06,480.77,0.478
1992,83,28.0,26.5,0.02141,0.89,0.0,0.05,1071.14,493.5,577.65,509.61,0.461
1993,83,27.7,26.35,0.0213,0.9,0.0,0.05,1054.47,482.79,571.68,500.11,0.458
1994,83,27.5,26.15,0.02106,0.9,0.0,0.05,1035.13,475.29,559.85,487.58,0.459
1995,83,27.1,26.17,0.02127,0.93,0.0,0.05,1031.4,461.23,570.17,489.31,0.447
1996,83,26.8,26.14,0.02135,0.95,0.0,0.05,1024.56,450.33,574.23,487.71,0.44
1997,83,26.4,26.14,0.02154,0.98,0.0,0.05,1019.88,436.11,583.77,488.83,0.428
1998,83,26.0,26.0,0.02144,1.0,0.0,0.05,1000.59,421.79,578.8,478.51,0.422
1999,83,26.0,26.0,0.02144,1.0,0.0,0.05,999.3,420.5,578.8,478.51,0.421
2000,83,26.5,25.98,0.02117,0.96,18.0,0.05,1024.02,458.88,565.14,475.74,0.448
2001,83,28.0,25.06,0.01893,0.79,162.0,0.15,1320.5,800.46,520.04,461.72,0.606
2002,83,29.0,26.74,0.02142,0.84,340.0,0.15,1721.71,1063.94,657.77,590.86,0.618
2003,83,30.6,26.87,0.02095,0.75,498.0,0.15,1955.17,1323.21,631.96,598.81,0.677
2004,83,32.0,27.49,0.0215,0.71,614.0,0.15,2184.73,1522.51,662.22,648.41,0.697
2005,83,31.0,26.41,0.01998,0.7,681.0,0.15,2154.02,1576.11,577.91,562.39,0.732
2006,83,28.9,25.13,0.01872,0.74,692.0,0.15,2026.77,1518.65,508.12,468.29,0.749
2007,83,29.0,25.99,0.02017,0.79,645.0,0.15,2050.08,1461.82,588.26,534.77,0.713
2008,83,27.0,25.53,0.02022,0.89,545.0,0.05,1675.01,1157.69,517.32,446.05,0.691
2009,83,27.4,24.78,0.01882,0.81,402.0,0.05,1432.65,986.17,446.47,396.61,0.688
2010,83,27.0,25.53,0.02022,0.89,226.0,0.05,1263.82,746.5,517.32,446.05,0.591
2011,83,27.0,25.53,0.0202,0.89,58.0,0.05,1046.34,530.07,516.27,445.23,0.507
2012,83,26.7,25.51,0.02032,0.91,1.0,0.05,968.46,446.3,522.16,445.07,0.461
2013,83,27.0,25.53,0.02018,0.89,0.0,0.05,969.2,453.97,515.23,444.41,0.468
2014,83,26.5,25.18,0.0198,0.9,0.0,0.05,933.2,436.99,496.21,421.41,0.468
2015,83,26.1,24.93,0.01955,0.91,0.0,0.05,906.39,423.06,483.33,404.86,0.467
2016,84,26.0,25.22,0.02007,0.94,0.0,0.05,928.5,418.82,509.68,424.02,0.451
2017,84,25.7,24.8,0.01951,0.93,0.0,0.05,889.45,408.1,481.35,396.89,0.459
2018,84,25.4,24.24,0.01873,0.91,0.0,0.05,839.31,397.31,442.0,361.07,0.473
2019,84,25.4,24.24,0.01875,0.91,0.0,0.05,839.26,396.3,442.97,361.83,0.472
2020,84,25.4,24.24,0.01875,0.91,0.0,0.05,838.39,395.43,442.97,361.83,0.472
2021,84,25.4,24.24,0.01877,0.91,0.0,0.05,838.61,394.67,443.94,362.6,0.471
2022,84,25.0,24.24,0.01891,0.94,0.0,0.05,832.31,380.9,451.41,362.09,0.458
2023,84,25.0,24.24,0.01891,0.94,0.0,0.05,831.5,380.09,451.41,362.09,0.457
2024,84,25.5,24.73,0.0195,0.94,18.0,0.05,900.04,418.88,481.16,393.54,0.465
2025,84,27.0,25.53,0.02016,0.89,163.0,0.15,1347.9,760.11,587.79,498.41,0.564
2026,84,28.0,25.79,0.02017,0.84,342.0,0.15,1613.79,1025.18,588.6,517.05,0.635
2027,84,29.3,26.28,0.02047,0.79,499.0,0.15,1877.96,1273.0,604.97,553.64,0.678
2028,84,30.0,26.94,0.02134,0.79,614.0,0.15,2099.95,1446.71,653.24,605.19,0.689
2029,84,31.0,27.24,0.02148,0.75,680.0,0.15,2229.14,1568.19,660.94,629.4,0.703
2030,84,31.7,26.71,0.02025,0.68,691.0,0.15,2201.7,1609.04,592.67,586.89,0.731
2031,84,31.0,27.24,0.0215,0.75,643.0,0.15,2187.78,1525.61,662.17,630.39,0.697
2032,84,30.0,26.93,0.0214,0.79,543.0,0.05,1829.16,1252.01,577.15,541.24,0.684
2033,84,28.4,26.17,0.02075,0.84,399.0,0.05,1559.7,1015.68,544.02,489.51,0.651
2034,84,28.0,26.5,0.0215,0.89,225.0,0.05,1361.21,779.12,582.1,513.12,0.572
2035,84,28.0,25.79,0.02025,0.84,57.0,0.05,1082.27,563.16,519.12,463.48,0.52
2036,84,27.5,25.31,0.01963,0.84,1.0,0.05,962.25,474.52,487.73,430.73,0.493
2037,84,27.0,25.53,0.02018,0.89,0.0,0.05,971.41,456.18,515.23,444.41,0.47
2038,84,27.0,26.21,0.02135,0.94,0.0,0.05,1029.74,455.3,574.44,491.07,0.442
2039,84,27.1,26.17,0.02124,0.93,0.0,0.05,1026.89,457.82,569.07,488.45,0.446
2040,85,27.0,26.21,0.02133,0.94,0.0,0.05,1027.28,453.95,573.33,490.2,0.442
2041,85,26.7,26.05,0.0212,0.95,0.0,0.05,1010.12,443.53,566.59,480.09,0.439
2042,85,26.4,25.88,0.02106,0.96,0.0,0.05,992.74,433.0,559.73,469.88,0.436
2043,85,26.2,25.94,0.02127,0.98,0.0,0.05,996.23,425.66,570.57,475.22,0.427
2044,85,26.0,26.0,0.02146,1.0,0.0,0.05,998.22,418.3,579.91,479.38,0.419
2045,85,26.4,26.01,0.02133,0.97,0.0,0.05,1004.01,430.61,573.4,480.65,0.429
2046,85,26.2,25.94,0.02127,0.98,0.0,0.05,994.17,423.6,570.57,475.22,0.426
2047,85,26.0,26.0,0.02144,1.0,0.0,0.05,995.32,416.52,578.8,478.51,0.418
2048,85,26.5,25.98,0.02119,0.96,18.0,0.525,1895.74,955.81,939.93,756.41,0.504
2049,85,27.0,25.53,0.02018,0.89,164.0,1.0,2884.48,1669.07,1215.41,966.2,0.579
2050,85,27.0,26.21,0.02133,0.94,342.0,1.0,3224.82,1897.54,1327.28,1065.76,0.588
2051,85,27.0,26.07,0.02112,0.93,499.0,1.0,3405.64,2099.06,1306.58,1047.34,0.616
2052,85,28.0,26.5,0.02144,0.89,614.0,1.0,3636.02,2298.29,1337.73,1109.87,0.632
2053,85,27.2,26.13,0.02116,0.92,680.0,1.0,3653.05,2342.39,1310.66,1057.93,0.641
2054,85,26.4,25.62,0.02061,0.94,689.0,1.0,3569.81,2312.77,1257.03,982.36,0.648
2055,85,26.0,25.22,0.02011,0.94,643.0,1.0,3441.46,2232.74,1208.72,925.43,0.649
2056,85,27.0,25.53,0.02022,0.89,543.0,1.0,3374.92,2155.49,1219.44,969.78,0.639
2057,85,27.5,25.59,0.02014,0.86,399.0,1.0,3208.07,1996.69,1211.38,980.01,0.622
2058,85,28.0,25.79,0.02025,0.84,224.0,1.0,3021.33,1798.43,1222.89,1007.66,0.595
2059,85,27.0,25.53,0.02022,0.89,57.0,0.5,1851.54,1001.64,849.9,694.14,0.541
2060,85,26.5,25.45,0.0203,0.92,1.0,0.05,956.13,434.87,521.26,441.15,0.455
2061,85,26.0,25.22,0.02011,0.94,0.0,0.05,928.59,416.84,511.75,425.66,0.449
2062,85,26.0,25.22,0.02009,0.94,0.0,0.05,926.94,416.22,510.71,424.84,0.449
2063,85,25.8,25.29,0.02028,0.96,0.0,0.05,929.53,409.13,520.4,429.27,0.44
2064,86,26.0,25.22,0.02009,0.94,0.0,0.05,925.82,415.11,510.71,424.84,0.448
2065,86,26.0,25.36,0.02033,0.95,0.0,0.05,937.64,414.73,522.91,434.45,0.442
2066,86,26.0,25.36,0.02033,0.95,0.0,0.05,937.31,414.4,522.91,434.45,0.442
2067,86,26.0,25.36,0.02033,0.95,0.0,0.05,937.03,414.12,522.91,434.45,0.442
2068,86,26.0,25.22,0.02011,0.94,0.0,0.05,925.62,413.87,511.75,425.66,0.447
2069,86,26.0,25.22,0.02011,0.94,0.0,0.05,925.41,413.66,511.75,425.66,0.447
2070,86,25.5,25.12,0.02015,0.97,0.0,0.05,910.69,397.07,513.61,419.12,0.436
2071,86,25.0,25.0,0.02016,1.0,0.0,0.05,894.55,380.2,514.35,411.69,0.425
2072,86,26.0,25.87,0.02122,0.99,19.0,0.525,1874.26,932.33,941.94,745.42,0.497
2073,86,27.5,26.01,0.0208,0.89,215.0,1.0,3032.54,1756.81,1275.73,1037.28,0.579
2074,86,29.0,26.0,0.0201,0.79,496.0,1.0,3403.81,2195.6,1208.21,1029.41,0.645
2075,86,30.2,26.81,0.02103,0.77,748.0,1.0,3880.58,2582.51,1298.08,1151.16,0.665
2076,86,31.0,27.24,0.02146,0.75,921.0,1.0,4187.57,2847.95,1339.62,1215.97,0.68
2077,86,31.0,26.41,0.02,0.7,1019.0,1.0,4174.17,2976.1,1198.07,1089.99,0.713
2078,86,32.0,26.09,0.01906,0.63,1035.0,1.0,4157.27,3050.34,1106.93,1043.68,0.734
2079,86,31.0,25.73,0.01886,0.66,931.0,1.0,3955.12,2867.78,1087.34,991.44,0.725
2080,86,30.5,25.95,0.01948,0.7,711.0,1.0,3708.68,2561.28,1147.4,1027.49,0.691
2081,86,30.0,25.98,0.01977,0.73,398.0,1.0,3310.48,2134.97,1175.51,1035.1,0.645
2082,86,30.0,26.3,0.02033,0.75,223.0,1.0,3140.91,1911.03,1229.88,1083.5,0.608
2083,86,29.0,25.99,0.02019,0.79,56.0,0.5,1941.76,1094.24,847.52,741.93,0.564
2084,86,28.4,26.02,0.02049,0.83,1.0,0.05,1038.63,507.5,531.14,479.36,0.489
2085,86,28.0,25.79,0.02023,0.84,0.0,0.05,1010.59,492.53,518.07,462.65,0.487
2086,86,28.0,25.79,0.02021,0.84,0.0,0.05,1008.81,491.79,517.02,461.83,0.487
2087,86,27.0,25.53,0.0202,0.89,0.0,0.05,974.62,458.35,516.27,445.23,0.47
2088,87,28.0,25.79,0.02021,0.84,0.0,0.05,1007.0,489.98,517.02,461.83,0.487
2089,87,27.0,25.53,0.0202,0.89,0.0,0.05,973.06,456.78,516.27,445.23,0.469
2090,87,27.2,25.86,0.0207,0.9,0.0,0.05,1004.16,462.38,541.77,468.53,0.46
2091,87,27.0,26.21,0.02139,0.94,0.0,0.05,1031.77,455.12,576.65,492.82,0.441
2092,87,27.0,25.53,0.02022,0.89,0.0,0.05,971.7,454.38,517.32,446.05,0.468
2093,87,26.8,25.74,0.02069,0.92,0.0,0.05,988.39,447.18,541.21,461.68,0.452
2094,87,27.0,26.21,0.02139,0.94,0.0,0.05,1029.72,453.07,576.65,492.82,0.44
2095,87,26.0,25.22,0.02011,0.94,0.0,0.05,931.56,419.81,511.75,425.66,0.451
2096,87,27.0,26.21,0.02137,0.94,7.0,0.525,1919.18,965.64,953.54,780.75,0.503
2097,87,29.0,26.74,0.02144,0.84,251.0,1.0,3224.96,1886.64,1338.32,1145.21,0.585
2098,87,30.0,26.94,0.02136,0.79,514.0,1.0,3606.98,2276.62,1330.36,1172.93,0.631
2099,87,31.0,27.24,0.02148,0.75,758.0,1.0,3984.46,2642.71,1341.76,1217.87,0.663
2100,87,31.0,27.24,0.02148,0.75,921.0,1.0,4195.47,2853.71,1341.76,1217.87,0.68
2101,87,32.0,27.49,0.02154,0.71,1017.0,1.0,4378.4,3030.12,1348.28,1258.49,0.692
2102,87,31.7,27.22,0.02121,0.71,688.0,1.0,3910.68,2594.69,1316.0,1219.31,0.663
2103,87,25.0,24.24,0.01895,0.94,642.0,1.0,3287.84,2191.53,1096.31,790.58,0.667
2104,87,26.0,25.22,0.02017,0.94,541.0,1.0,3325.54,2110.79,1214.75,930.8,0.635
2105,87,27.0,25.11,0.01956,0.86,397.0,1.0,3130.88,1975.89,1154.99,912.42,0.631
2106,87,26.0,25.22,0.02015,0.94,222.0,1.0,2911.62,1698.89,1212.74,929.01,0.583
2107,87,25.9,25.13,0.02003,0.94,55.0,0.5,1793.31,957.33,835.98,654.86,0.534
2108,87,25.8,25.03,0.01991,0.94,1.0,0.05,916.28,414.8,501.48,414.35,0.453
2109,87,25.7,24.93,0.01976,0.94,0.0,0.05,903.38,409.06,494.32,407.11,0.453
2110,87,25.6,24.83,0.01964,0.94,0.0,0.05,892.93,404.7,488.23,400.71,0.453
2111,87,25.5,24.73,0.0195,0.94,0.0,0.05,881.58,400.42,481.16,393.54,0.454
2112,88,25.0,24.24,0.01889,0.94,0.0,0.05,833.53,383.09,450.44,361.32,0.46
2113,88,25.0,24.24,0.01889,0.94,0.0,0.05,832.42,381.98,450.44,361.32,0.459
2114,88,25.0,23.85,0.01829,0.91,0.0,0.05,801.06,381.02,420.04,337.35,0.476
2115,88,25.0,23.59,0.01788,0.89,0.0,0.05,779.35,380.19,399.15,320.89,0.488
2116,88,25.0,23.85,0.01831,0.91,0.0,0.05,800.46,379.48,420.98,338.1,0.474
2117,88,25.0,24.24,0.01893,0.94,0.0,0.05,831.25,378.86,452.39,362.86,0.456
2118,88,25.0,24.24,0.01893,0.94,0.0,0.05,830.72,378.32,452.39,362.86,0.455
2119,88,25.0,24.24,0.01891,0.94,0.0,0.05,829.28,377.86,451.41,362.09,0.456
2120,88,25.0,24.24,0.01889,0.94,7.0,0.525,1643.26,872.71,770.55,573.43,0.531
2121,88,27.0,24.83,0.01901,0.84,63.0,1.0,2635.5,1533.67,1101.83,865.11,0.582
2122,88,28.0,25.79,0.02019,0.84,131.0,1.0,2890.29,1673.44,1216.84,1002.28,0.579
2123,88,30.2,27.43,0.02218,0.81,748.0,1.0,3990.13,2579.84,1410.28,1251.02,0.647
2124,88,31.6,27.46,0.02166,0.73,888.0,1.0,4193.64,2834.28,1359.36,1254.43,0.676
2125,88,33.0,27.7,0.02151,0.67,888.0,1.0,4254.55,2909.66,1344.89,1290.28,0.684
2126,88,29.2,26.49,0.02094,0.81,687.0,1.0,3749.04,2459.32,1289.72,1108.91,0.656
2127,88,29.1,26.69,0.02137,0.83,639.0,1.0,3724.73,2393.31,1331.41,1142.54,0.643
2128,88,29.0,26.74,0.02153,0.84,539.0,1.0,3607.36,2260.45,1346.92,1152.85,0.627
2129,88,24.7,23.82,0.01842,0.93,396.0,1.0,2900.19,1855.55,1044.64,734.16,0.64
2130,88,26.0,25.22,0.02017,0.94,221.0,1.0,2910.6,1695.85,1214.75,930.8,0.583
2131,88,26.0,24.56,0.01907,0.89,55.0,0.5,1726.07,959.98,766.08,597.74,0.556
2132,88,26.3,25.65,0.02077,0.95,1.0,0.05,975.07,429.96,545.12,456.76,0.441
2133,88,26.0,25.22,0.02015,0.94,0.0,0.05,931.97,418.13,513.84,427.3,0.449
2134,88,26.0,26.0,0.02146,1.0,0.0,0.05,997.26,417.34,579.91,479.38,0.418
2135,88,26.1,25.45,0.02045,0.95,0.0,0.05,949.14,419.94,529.2,441.01,0.442
2136,89,26.0,25.22,0.02009,0.94,0.0,0.05,926.85,416.13,510.71,424.84,0.449
2137,89,25.8,25.16,0.02008,0.95,0.0,0.05,919.48,409.05,510.43,421.41,0.445
2138,89,25.7,25.19,0.0202,0.96,0.0,0.05,921.44,405.2,516.24,424.39,0.44
2139,89,25.0,25.0,0.02018,1.0,0.0,0.05,897.07,381.68,515.4,412.52,0.425
2140,89,25.1,24.97,0.02012,0.99,0.0,0.05,896.19,384.04,512.14,411.56,0.429
2141,89,25.2,24.95,0.02003,0.98,0.0,0.05,894.34,386.59,507.75,409.7,0.432
2142,89,25.1,24.97,0.02012,0.99,0.0,0.05,894.89,382.74,512.14,411.56,0.428
2143,89,25.0,25.0,0.02018,1.0,0.0,0.05,894.3,378.91,515.4,412.52,0.424
2144,89,25.6,25.35,0.02051,0.98,20.0,0.525,1805.21,915.61,889.6,690.5,0.507
2145,89,28.0,25.79,0.02021,0.84,63.0,1.0,2805.28,1586.43,1218.85,1004.07,0.566
2146,89,29.0,26.74,0.02146,0.84,131.0,1.0,3067.13,1726.67,1340.47,1147.11,0.563
2147,89,30.0,26.94,0.02136,0.79,190.0,1.0,3186.16,1855.79,1330.36,1172.93,0.582
2148,89,32.0,28.16,0.0228,0.75,233.0,1.0,3486.99,2016.37,1470.62,1367.38,0.578
2149,89,32.0,27.49,0.02154,0.71,257.0,1.0,3398.6,2050.32,1348.28,1258.49,0.603
2150,89,32.0,26.8,0.02033,0.67,261.0,1.0,3288.65,2058.18,1230.48,1153.64,0.626
2151,89,30.0,26.93,0.02143,0.79,242.0,1.0,3269.73,1932.96,1336.78,1178.63,0.591
2152,89,28.0,26.5,0.02152,0.89,204.0,1.0,3128.12,1781.8,1346.32,1117.52,0.57
2153,89,28.0,27.19,0.02278,0.94,149.0,1.0,3178.89,1710.7,1468.2,1225.99,0.538
2154,89,25.0,24.24,0.01895,0.94,288.0,1.0,2830.01,1733.7,1096.31,790.58,0.613
2155,89,25.1,24.97,0.0201,0.99,20.0,0.5,1720.92,879.96,840.96,639.17,0.511
2156,89,25.4,25.15,0.02026,0.98,1.0,0.05,921.16,401.95,519.2,421.92,0.436
2157,89,25.6,25.22,0.02027,0.97,0.0,0.05,925.64,405.77,519.87,425.65,0.438
2158,89,25.8,25.16,0.02008,0.95,0.0,0.05,921.62,411.19,510.43,421.41,0.446
2159,89,25.9,25.26,0.02021,0.95,0.0,0.05,930.26,413.61,516.65,427.92,0.445
2160,90,26.0,25.22,0.02011,0.94,0.0,0.05,927.96,416.2,511.75,425.66,0.449
2161,90,26.0,25.22,0.02011,0.94,0.0,0.05,927.43,415.67,511.75,425.66,0.448
2162,90,26.0,25.09,0.01989,0.93,0.0,0.05,915.82,415.22,500.61,416.87,0.453
2163,90,25.9,24.99,0.01979,0.93,0.0,0.05,907.06,411.54,495.51,411.26,0.454
2164,90,25.9,24.99,0.01979,0.93,0.0,0.05,906.65,411.14,495.51,411.26,0.453
2165,90,26.0,25.09,0.01991,0.93,0.0,0.05,915.71,414.07,501.64,417.68,0.452
2166,90,26.0,25.09,0.01991,0.93,0.0,0.05,915.47,413.83,501.64,417.68,0.452
2167,90,26.0,25.22,0.02011,0.94,0.0,0.05,925.38,413.63,511.75,425.66,0.447
2168,90,25.9,25.39,0.02043,0.96,21.0,0.05,964.85,437.1,527.75,436.66,0.453
2169,90,27.0,26.21,0.02135,0.94,169.0,0.15,1423.05,769.14,653.91,551.77,0.54
2170,90,29.0,26.74,0.02142,0.84,346.0,0.15,1724.02,1066.25,657.77,590.86,0.618
2171,90,30.5,26.77,0.02085,0.75,501.0,0.15,1945.22,1318.92,626.3,592.44,0.678
2172,90,31.0,26.41,0.02,0.7,616.0,0.15,2065.26,1486.21,579.05,563.31,0.72
2173,90,32.0,26.8,0.02029,0.67,679.0,0.15,2199.38,1604.17,595.21,594.34,0.729
2174,90,32.2,26.63,0.01994,0.65,687.0,0.15,2199.71,1624.06,575.65,582.15,0.738
2175,90,30.0,26.31,0.02029,0.75,639.0,0.15,2083.27,1488.4,594.87,558.09,0.714
2176,90,27.0,24.83,0.01907,0.84,539.0,0.05,1609.37,1150.17,459.19,400.24,0.715
2177,90,25.5,24.99,0.01997,0.96,149.0,0.05,1104.33,599.47,504.86,412.22,0.543
2178,90,26.0,24.56,0.01903,0.89,220.0,0.05,1162.02,704.95,457.08,382.56,0.607
2179,90,26.0,24.56,0.01901,0.89,54.0,0.05,946.69,490.6,456.09,381.78,0.518
2180,90,25.7,24.93,0.01972,0.94,0.0,0.05,902.55,410.27,492.28,405.5,0.455
2181,90,25.0,24.24,0.01889,0.94,0.0,0.05,836.5,386.06,450.44,361.32,0.462
2182,90,25.0,24.24,0.01888,0.94,0.0,0.05,834.01,384.55,449.46,360.55,0.461
2183,90,25.0,24.5,0.01929,0.96,0.0,0.05,853.61,383.24,470.37,377.03,0.449
2184,91,25.0,24.24,0.01888,0.94,0.0,0.05,831.57,382.11,449.46,360.55,0.46
2185,91,25.0,24.24,0.01888,0.94,0.0,0.05,830.6,381.13,449.46,360.55,0.459
2186,91,25.1,24.6,0.01943,0.96,0.0,0.05,860.95,383.57,477.38,384.15,0.446
2187,91,25.0,24.24,0.01889,0.94,0.0,0.05,830.06,379.62,450.44,361.32,0.457
2188,91,25.0,25.0,0.02016,1.0,0.0,0.05,893.34,378.98,514.35,411.69,0.424
2189,91,25.2,24.57,0.01936,0.95,0.0,0.05,858.81,384.99,473.82,382.95,0.448
2190,91,25.0,24.24,0.01889,0.94,0.0,0.05,828.52,378.08,450.44,361.32,0.456
2191,91,25.0,24.24,0.01889,0.94,0.0,0.05,828.09,377.65,450.44,361.32,0.456
2192,91,25.5,24.73,0.01948,0.94,22.0,0.05,902.06,421.9,480.16,392.75,0.468
2193,91,25.0,24.24,0.01888,0.94,143.0,0.15,1179.83,663.07,516.76,405.11,0.562
2194,91,24.6,23.97,0.0186,0.95,220.0,0.15,1249.08,747.61,501.47,385.58,0.599
2195,91,24.1,23.61,0.01821,0.96,191.0,0.15,1172.46,692.49,479.97,359.23,0.591
2196,91,25.0,24.24,0.01886,0.94,234.0,0.15,1293.88,778.19,515.69,404.25,0.601
2197,91,25.0,24.24,0.01888,0.94,258.0,0.15,1325.63,808.87,516.76,405.11,0.61
2198,91,25.6,24.7,0.01939,0.93,261.0,0.15,1378.66,833.5,545.16,438.82,0.605
2199,91,27.0,24.12,0.01786,0.79,640.0,0.15,1829.35,1368.65,460.7,395.85,0.748
2200,91,29.0,24.59,0.0178,0.7,539.0,0.05,1594.8,1199.51,395.29,381.89,0.752
2201,91,28.2,24.33,0.01772,0.73,394.0,0.05,1380.65,989.49,391.16,365.82,0.717
2202,91,29.0,25.22,0.01883,0.74,219.0,0.05,1239.92,792.68,447.24,422.84,0.639
2203,91,28.0,25.05,0.01897,0.79,53.0,0.05,1003.08,548.67,454.41,412.48,0.547
2204,91,27.0,25.25,0.01971,0.87,1.0,0.05,941.64,450.03,491.61,425.79,0.478
2205,91,27.0,24.83,0.01899,0.84,0.0,0.05,904.14,448.88,455.26,397.14,0.496
2206,91,26.0,25.22,0.02007,0.94,0.0,0.05,925.86,416.18,509.68,424.02,0.45
2207,91,26.4,25.08,0.01964,0.9,0.0,0.05,916.9,428.78,488.12,413.43,0.468
2208,92,26.0,25.22,0.02007,0.94,0.0,0.05,925.13,415.45,509.68,424.02,0.449
2209,92,26.0,25.22,0.02007,0.94,0.0,0.05,924.7,415.03,509.68,424.02,0.449
2210,92,25.6,24.96,0.01982,0.95,0.0,0.05,898.6,401.53,497.07,407.68,0.447
2211,92,26.0,25.22,0.02009,0.94,0.0,0.05,924.8,414.09,510.71,424.84,0.448
2212,92,26.0,25.22,0.02009,0.94,0.0,0.05,924.56,413.85,510.71,424.84,0.448
2213,92,26.0,24.29,0.01857,0.87,0.0,0.05,847.52,413.64,433.88,364.28,0.488
2214,92,26.0,24.56,0.01899,0.89,0.0,0.05,868.57,413.46,455.11,381.01,0.476
2215,92,26.0,23.88,0.01789,0.84,0.0,0.05,813.0,413.3,399.7,337.33,0.508
2216,92,25.7,24.0,0.01821,0.87,22.0,0.525,1644.48,924.39,720.09,548.06,0.562
2217,92,27.0,24.83,0.01899,0.84,171.0,1.0,2775.08,1675.14,1099.94,863.43,0.604
2218,92,28.0,25.06,0.01893,0.79,349.0,1.0,3050.15,1955.62,1094.54,893.42,0.641
2219,92,30.2,26.33,0.02018,0.74,502.0,1.0,3482.33,2266.5,1215.84,1077.96,0.651
2220,92,32.0,26.81,0.02025,0.67,615.0,1.0,3729.03,2506.64,1222.38,1146.44,0.672
2221,92,32.0,25.37,0.01778,0.59,680.0,1.0,3575.49,2593.14,982.35,932.81,0.725
2222,92,32.4,25.9,0.01856,0.6,687.0,1.0,3683.08,2625.46,1057.62,1013.72,0.713
2223,92,31.0,25.73,0.01886,0.66,638.0,1.0,3580.28,2492.94,1087.34,991.44,0.696
2224,92,32.0,24.04,0.01567,0.52,540.0,1.0,3196.94,2420.2,776.74,749.81,0.757
2225,92,30.5,25.28,0.01833,0.66,392.0,1.0,3190.74,2154.75,1035.99,928.33,0.675
2226,92,29.0,25.99,0.02017,0.79,218.0,1.0,3069.01,1854.77,1214.23,1034.76,0.604
2227,92,29.0,25.99,0.02015,0.79,80.0,0.5,1970.44,1125.93,844.51,739.37,0.571
2228,92,28.2,25.83,0.02021,0.83,1.0,0.05,1018.39,501.71,516.68,464.76,0.493
2229,92,28.0,25.06,0.01895,0.79,0.0,0.05,946.51,493.07,453.43,411.7,0.521
2230,92,28.0,25.06,0.01893,0.79,0.0,0.05,944.72,492.26,452.45,410.93,0.521
2231,92,27.8,25.16,0.0192,0.81,0.0,0.05,950.68,485.0,465.68,418.16,0.51
2232,93,28.0,25.06,0.01893,0.79,0.0,0.05,943.28,490.83,452.45,410.93,0.52
2233,93,27.0,24.83,0.01899,0.84,0.0,0.05,912.78,457.52,455.26,397.14,0.501
2234,93,26.6,25.55,0.02038,0.92,0.0,0.05,968.74,443.33,525.4,446.02,0.458
2235,93,26.0,25.22,0.02009,0.94,0.0,0.05,933.2,422.48,510.71,424.84,0.453
2236,93,26.0,25.22,0.02011,0.94,0.0,0.05,932.86,421.1,511.75,425.66,0.451
2237,93,25.6,25.09,0.02007,0.96,0.0,0.05,916.8,406.79,510.02,417.88,0.444
2238,93,26.0,25.22,0.02011,0.94,0.0,0.05,930.38,418.63,511.75,425.66,0.45
2239,93,26.0,25.22,0.02011,0.94,0.0,0.05,929.53,417.77,511.75,425.66,0.449
2240,93,25.6,24.83,0.0196,0.94,23.0,0.525,1748.18,925.32,822.86,633.42,0.529
2241,93,28.0,25.79,0.02017,0.84,172.0,1.0,2946.14,1731.31,1214.83,1000.49,0.588
2242,93,28.9,25.9,0.01998,0.79,349.0,1.0,3202.08,2005.52,1196.57,1015.56,0.626
2243,93,29.9,26.06,0.01981,0.74,503.0,1.0,3435.12,2255.84,1179.28,1034.98,0.657
2244,93,32.0,26.1,0.019,0.63,616.0,1.0,3612.06,2510.8,1101.25,1038.63,0.695
2245,93,32.0,26.1,0.019,0.63,679.0,1.0,3695.6,2594.35,1101.25,1038.63,0.702
2246,93,33.3,24.52,0.01586,0.49,997.0,1.0,3867.06,3071.69,795.37,811.64,0.794
2247,93,33.0,24.27,0.0156,0.49,960.0,1.0,3782.11,3011.6,770.51,779.07,0.796
2248,93,32.0,26.09,0.01906,0.63,803.0,1.0,3867.82,2760.89,1106.93,1043.68,0.714
2249,93,31.7,26.18,0.01936,0.65,391.0,1.0,3354.55,2218.27,1136.28,1059.36,0.661
2250,93,30.0,26.31,0.02029,0.75,216.0,1.0,3132.88,1907.05,1225.83,1079.89,0.609
2251,93,29.0,25.22,0.01883,0.74,52.0,0.5,1842.54,1093.43,749.1,658.0,0.593
2252,93,28.6,25.47,0.01941,0.78,0.0,0.05,993.07,516.51,476.56,439.54,0.52
2253,93,28.0,25.06,0.01893,0.79,0.0,0.05,948.33,495.88,452.45,410.93,0.523
2254,93,28.0,25.06,0.01893,0.79,0.0,0.05,947.14,494.69,452.45,410.93,0.522
2255,93,28.0,25.35,0.01941,0.81,0.0,0.05,970.07,493.66,476.41,429.82,0.509
2256,94,28.0,25.79,0.02017,0.84,0.0,0.05,1007.7,492.77,514.93,460.18,0.489
2257,94,27.0,25.53,0.02016,0.89,0.0,0.05,973.38,459.19,514.19,443.58,0.472
2258,94,26.9,25.57,0.02029,0.9,0.0,0.05,975.44,454.62,520.82,447.21,0.466
2259,94,27.0,25.53,0.02018,0.89,0.0,0.05,971.96,456.73,515.23,444.41,0.47
2260,94,27.0,25.53,0.0202,0.89,0.0,0.05,972.05,455.77,516.27,445.23,0.469
2261,94,26.6,25.41,0.02019,0.91,0.0,0.05,957.77,441.83,515.94,438.56,0.461
2262,94,27.0,25.53,0.0202,0.89,0.0,0.05,970.26,453.99,516.27,445.23,0.468
2263,94,26.0,25.22,0.02011,0.94,0.0,0.05,932.36,420.6,511.75,425.66,0.451
2264,94,27.1,25.35,0.01983,0.87,23.0,0.525,1830.68,991.07,839.61,685.86,0.541
2265,94,28.0,26.5,0.02141,0.89,172.0,1.0,3069.95,1734.35,1335.59,1107.97,0.565
2266,94,29.0,26.74,0.02142,0.84,348.0,1.0,3348.21,2012.03,1336.19,1143.3,0.601
2267,94,31.0,26.58,0.02025,0.71,658.0,1.0,3736.48,2513.76,1222.72,1111.93,0.673
2268,94,31.0,25.73,0.0188,0.66,616.0,1.0,3543.63,2461.91,1081.72,986.44,0.695
2269,94,26.0,25.22,0.02007,0.94,1027.0,1.0,3937.54,2732.82,1204.72,921.87,0.694
2270,94,31.1,27.17,0.02131,0.74,682.0,1.0,3877.01,2551.86,1325.14,1206.57,0.658
2271,94,32.0,26.1,0.01904,0.63,953.0,1.0,4052.74,2947.7,1105.03,1042.0,0.727
2272,94,32.0,26.1,0.01904,0.63,801.0,1.0,3859.87,2754.84,1105.03,1042.0,0.714
2273,94,30.5,25.95,0.01946,0.7,389.0,1.0,3296.23,2150.77,1145.46,1025.76,0.652
2274,94,29.0,25.22,0.01885,0.74,216.0,1.0,2938.47,1852.09,1086.38,920.97,0.63
2275,94,29.0,25.22,0.01883,0.74,51.0,0.5,1837.73,1088.63,749.1,658.0,0.592
2276,94,28.0,25.35,0.01947,0.81,0.0,0.05,973.21,493.78,479.42,432.19,0.507
2277,94,28.0,25.79,0.02019,0.84,0.0,0.05,1008.85,492.88,515.97,461.0,0.489
2278,94,28.0,25.79,0.02019,0.84,0.0,0.05,1008.06,492.09,515.97,461.0,0.488
2279,94,27.5,25.45,0.01981,0.85,0.0,0.05,971.84,475.01,496.83,437.9,0.489
2280,95,27.0,25.53,0.02016,0.89,0.0,0.05,971.9,457.71,514.19,443.58,0.471
2281,95,27.0,25.53,0.02016,0.89,0.0,0.05,970.81,456.62,514.19,443.58,0.47
2282,95,26.4,25.35,0.02011,0.92,0.0,0.05,947.91,436.0,511.91,432.18,0.46
2283,95,26.0,25.22,0.02009,0.94,0.0,0.05,932.41,421.69,510.71,424.84,0.452
2284,95,26.0,25.22,0.02011,0.94,0.0,0.05,932.17,420.42,511.75,425.66,0.451
2285,95,25.5,24.99,0.01993,0.96,0.0,0.05,905.7,402.92,502.79,410.59,0.445
2286,95,25.0,25.0,0.02016,1.0,0.0,0.05,899.6,385.25,514.35,411.69,0.428
2287,95,25.0,25.0,0.02014,1.0,0.0,0.05,897.16,383.85,513.31,410.87,0.428
2288,95,26.0,25.49,0.02053,0.96,24.0,0.525,1833.22,941.89,891.33,702.13,0.514
2289,95,29.0,26.74,0.02142,0.84,173.0,1.0,3119.26,1783.07,1336.19,1143.3,0.572
2290,95,30.0,26.94,0.02134,0.79,349.0,1.0,3390.16,2061.93,1328.23,1171.03,0.608
2291,95,31.4,26.95,0.02076,0.71,502.0,1.0,3604.02,2332.35,1271.67,1169.42,0.647
2292,95,31.7,27.22,0.02113,0.71,614.0,1.0,3801.56,2494.02,1307.54,1211.79,0.656
2293,95,32.0,27.49,0.0215,0.71,675.0,1.0,3934.11,2590.12,1343.99,1254.67,0.658
2294,95,32.2,26.98,0.02051,0.67,682.0,1.0,3859.23,2611.66,1247.57,1175.82,0.677
2295,95,33.0,26.98,0.02018,0.63,949.0,1.0,4213.47,2997.48,1215.98,1175.55,0.711
2296,95,33.0,26.98,0.02023,0.63,798.0,1.0,4026.09,2806.07,1220.02,1179.14,0.697
2297,95,32.3,26.54,0.01974,0.64,388.0,1.0,3418.5,2246.01,1172.49,1112.48,0.657
2298,95,31.0,25.73,0.01888,0.66,215.0,1.0,3047.5,1958.28,1089.22,993.11,0.643
2299,95,29.0,25.99,0.02017,0.79,50.0,0.5,1938.29,1092.27,846.01,740.65,0.564
2300,95,28.4,25.88,0.02022,0.82,0.0,0.05,1028.38,511.16,517.21,468.38,0.497
2301,95,28.0,25.79,0.02021,0.84,0.0,0.05,1013.82,496.8,517.02,461.83,0.49
2302,95,28.0,25.79,0.02017,0.84,0.0,0.05,1010.42,495.49,514.93,460.18,0.49
2303,95,27.8,25.74,0.02018,0.85,0.0,0.05,1002.89,487.79,515.1,457.11,0.486
2304,96,28.0,25.79,0.02017,0.84,0.0,0.05,1008.17,493.24,514.93,460.18,0.489
2305,96,27.0,25.53,0.02016,0.89,0.0,0.05,973.79,459.6,514.19,443.58,0.472
2306,96,27.0,25.53,0.02016,0.89,0.0,0.05,972.44,458.26,514.19,443.58,0.471
2307,96,27.0,25.53,0.0202,0.89,0.0,0.05,973.37,457.1,516.27,445.23,0.47
2308,96,27.0,25.53,0.0202,0.89,0.0,0.05,972.37,456.09,516.27,445.23,0.469
2309,96,27.0,25.67,0.02045,0.9,0.0,0.05,984.39,455.22,529.17,455.39,0.462
2310,96,27.0,25.53,0.0202,0.89,0.0,0.05,970.75,454.48,516.27,445.23,0.468
2311,96,27.0,25.53,0.0202,0.89,0.0,0.05,970.1,453.83,516.27,445.23,0.468
2312,96,27.5,25.87,0.02058,0.88,24.0,0.525,1905.09,1010.22,894.87,743.28,0.53
2313,96,29.0,26.0,0.0201,0.79,66.0,1.0,2859.31,1651.09,1208.21,1029.41,0.577
2314,96,30.0,26.31,0.02022,0.75,350.0,1.0,3287.54,2067.77,1219.77,1074.5,0.629
2315,96,30.9,25.65,0.01867,0.66,504.0,1.0,3382.2,2313.05,1069.15,971.77,0.684
2316,96,32.0,26.1,0.019,0.63,615.0,1.0,3615.13,2513.88,1101.25,1038.63,0.695
2317,96,32.0,25.37,0.01778,0.59,678.0,1.0,3579.18,2596.83,982.35,932.81,0.726
2318,96,32.4,25.9,0.01854,0.6,683.0,1.0,3681.51,2625.73,1055.78,1012.08,0.713
2319,96,33.0,25.08,0.01691,0.53,636.0,1.0,3495.96,2598.26,897.71,892.28,0.743
2320,96,33.0,26.98,0.02023,0.63,531.0,1.0,3685.56,2465.54,1220.02,1179.14,0.669
2321,96,32.1,26.71,0.02016,0.66,386.0,1.0,3448.25,2234.81,1213.44,1141.96,0.648
2322,96,31.0,25.73,0.01888,0.66,213.0,1.0,3046.27,1957.05,1089.22,993.11,0.642
2323,96,30.0,26.31,0.02029,0.75,50.0,0.5,1989.81,1135.14,854.68,772.95,0.57
2324,96,28.5,25.67,0.01981,0.8,0.0,0.05,1012.55,516.06,496.48,453.65,0.51
2325,96,28.0,25.79,0.02019,0.84,0.0,0.05,1014.24,498.27,515.97,461.0,0.491
2326,96,28.0,25.79,0.02017,0.84,0.0,0.05,1011.68,496.75,514.93,460.18,0.491
2327,96,27.7,25.64,0.02005,0.85,0.0,0.05,994.57,485.6,508.98,450.68,0.488
2328,97,28.0,25.79,0.02017,0.84,0.0,0.05,1009.05,494.12,514.93,460.18,0.49
2329,97,27.0,25.53,0.02016,0.89,0.0,0.05,974.55,460.36,514.19,443.58,0.472
2330,97,27.5,25.88,0.02054,0.88,0.0,0.05,1008.62,475.32,533.3,466.66,0.471
2331,97,27.0,25.53,0.02018,0.89,0.0,0.05,973.21,457.98,515.23,444.41,0.471
2332,97,27.0,25.53,0.0202,0.89,0.0,0.05,973.13,456.85,516.27,445.23,0.469
2333,97,26.8,25.47,0.02019,0.9,0.0,0.05,964.98,449.32,515.66,441.54,0.466
2334,97,27.0,26.21,0.02137,0.94,0.0,0.05,1030.46,454.92,575.54,491.95,0.441
2335,97,27.0,25.53,0.0202,0.89,0.0,0.05,970.49,454.21,516.27,445.23,0.468
2336,97,27.0,25.94,0.02088,0.92,25.0,0.05,1036.39,485.67,550.73,472.39,0.469
2337,97,29.0,26.0,0.0201,0.79,175.0,0.15,1438.28,853.44,584.83,532.0,0.593
2338,97,29.0,26.0,0.0201,0.79,350.0,0.15,1663.54,1078.71,584.83,532.0,0.648
2339,97,30.1,26.56,0.02062,0.76,502.0,0.15,1926.24,1312.62,613.61,575.01,0.681
2340,97,30.0,26.31,0.02022,0.75,614.0,0.15,2045.5,1454.08,591.42,555.3,0.711
2341,97,26.3,24.44,0.01865,0.86,500.0,0.15,1684.29,1180.18,504.11,418.28,0.701
2342,97,22.7,22.46,0.01709,0.98,259.0,0.15,1185.56,767.8,417.76,307.22,0.648
2343,97,23.0,23.0,0.01778,1.0,240.0,0.15,1200.88,745.02,455.87,337.98,0.62
2344,97,24.0,23.26,0.01777,0.94,202.0,0.05,1003.31,609.88,393.43,300.37,0.608
2345,97,24.0,23.75,0.01854,0.98,146.0,0.05,968.99,536.25,432.74,331.36,0.553
2346,97,25.0,24.24,0.01888,0.94,212.0,0.05,1101.62,652.16,449.46,360.55,0.592
2347,97,25.0,24.24,0.01888,0.94,49.0,0.05,891.82,442.36,449.46,360.55,0.496
2348,97,24.6,24.1,0.01882,0.96,0.0,0.05,812.45,365.76,446.69,351.96,0.45
2349,97,25.0,24.24,0.01888,0.94,0.0,0.05,827.56,378.1,449.46,360.55,0.457
2350,97,25.0,24.24,0.01888,0.94,0.0,0.05,827.13,377.66,449.46,360.55,0.457
2351,97,24.7,24.45,0.01932,0.98,0.0,0.05,839.55,367.45,472.1,373.59,0.438
2352,98,25.0,24.24,0.01886,0.94,0.0,0.05,825.27,376.78,448.49,359.78,0.457
2353,98,25.0,24.24,0.01886,0.94,0.0,0.05,825.02,376.53,448.49,359.78,0.456
2354,98,25.1,24.47,0.01918,0.95,0.0,0.05,844.45,379.59,464.86,374.29,0.45
2355,98,25.0,24.24,0.01888,0.94,0.0,0.05,825.65,376.18,449.46,360.55,0.456
2356,98,25.0,25.0,0.02012,1.0,0.0,0.05,888.28,376.01,512.27,410.05,0.423
2357,98,25.1,24.6,0.01941,0.96,0.0,0.05,855.52,379.14,476.38,383.36,0.443
2358,98,25.0,24.37,0.01908,0.95,0.0,0.05,835.71,375.8,459.91,368.79,0.45
2359,98,25.0,24.24,0.01888,0.94,0.0,0.05,825.14,375.68,449.46,360.55,0.455
2360,98,25.2,24.31,0.0189,0.93,25.0,0.05,864.87,414.2,450.66,364.7,0.479
2361,98,27.0,24.83,0.01899,0.84,176.0,0.15,1296.43,773.31,523.12,446.22,0.596
2362,98,28.0,25.06,0.01893,0.79,351.0,0.15,1553.76,1033.72,520.04,461.72,0.665
2363,98,29.0,25.69,0.01958,0.77,503.0,0.15,1820.83,1265.09,555.74,508.52,0.695
2364,98,31.0,26.41,0.01998,0.7,614.0,0.15,2056.98,1479.06,577.91,562.39,0.719
2365,98,32.0,26.1,0.019,0.63,675.0,0.15,2118.95,1595.08,523.87,536.76,0.753
2366,98,31.6,26.27,0.0195,0.66,680.0,0.15,2141.96,1590.79,551.17,551.6,0.743
2367,98,31.0,26.41,0.02,0.7,630.0,0.15,2087.35,1508.31,579.05,563.31,0.723
2368,98,32.0,26.8,0.02029,0.67,529.0,0.05,1820.07,1299.12,520.95,528.96,0.714
2369,98,30.9,25.64,0.01873,0.66,384.0,0.05,1521.39,1079.23,442.16,449.25,0.709
2370,98,29.4,24.95,0.01821,0.7,294.0,0.05,1331.77,915.78,415.99,404.61,0.688
2371,98,28.0,24.3,0.01774,0.74,73.0,0.05,978.52,586.47,392.04,363.32,0.599
2372,98,27.2,24.59,0.01853,0.81,0.0,0.05,898.0,465.81,432.19,382.16,0.519
2373,98,27.0,25.53,0.02016,0.89,0.0,0.05,972.27,458.08,514.19,443.58,0.471
2374,98,27.0,25.53,0.02016,0.89,0.0,0.05,971.13,456.94,514.19,443.58,0.471
2375,98,26.7,24.96,0.01932,0.87,0.0,0.05,917.78,446.12,471.67,405.27,0.486
2376,99,27.0,24.83,0.01897,0.84,0.0,0.05,909.2,454.92,454.28,396.36,0.5
2377,99,27.0,24.83,0.01895,0.84,0.0,0.05,907.52,454.22,453.3,395.6,0.501
2378,99,26.4,25.35,0.02009,0.92,0.0,0.05,944.79,433.92,510.87,431.36,0.459
2379,99,26.0,25.22,0.02007,0.94,0.0,0.05,929.57,419.89,509.68,424.02,0.452
2380,99,26.0,25.22,0.02007,0.94,0.0,0.05,928.54,418.86,509.68,424.02,0.451
2381,99,26.3,25.39,0.02021,0.93,0.0,0.05,944.88,427.82,517.07,434.65,0.453
2382,99,26.0,25.22,0.02007,0.94,0.0,0.05,927.07,417.39,509.68,424.02,0.45
2383,99,26.0,25.22,0.02007,0.94,0.0,0.05,926.38,416.7,509.68,424.02,0.45
2384,99,27.0,25.94,0.02084,0.92,26.0,0.525,1901.42,987.33,914.09,747.01,0.519
2385,99,28.0,25.79,0.02013,0.84,176.0,1.0,2947.34,1736.51,1210.83,996.92,0.589
2386,99,29.0,26.0,0.02006,0.79,351.0,1.0,3217.53,2013.3,1204.22,1025.85,0.626
2387,99,30.2,26.34,0.02012,0.74,503.0,1.0,3481.27,2271.44,1209.83,1072.62,0.652
2388,99,32.0,26.81,0.02021,0.67,613.0,1.0,3725.61,2507.24,1218.36,1142.86,0.673
2389,99,30.0,24.84,0.01769,0.66,1012.0,1.0,3892.13,2918.53,973.6,855.4,0.75
2390,99,26.5,24.63,0.01886,0.86,680.0,1.0,3400.02,2313.14,1086.88,834.4,0.68
2391,99,27.0,24.83,0.01899,0.84,630.0,1.0,3373.5,2273.56,1099.94,863.43,0.674
2392,99,27.0,24.83,0.01899,0.84,528.0,1.0,3241.9,2141.96,1099.94,863.43,0.661
2393,99,27.2,25.17,0.01948,0.85,145.0,1.0,2807.64,1660.35,1147.3,912.54,0.591
2394,99,28.0,25.79,0.02017,0.84,210.0,1.0,2999.39,1784.56,1214.83,1000.49,0.595
2395,99,27.0,25.53,0.02016,0.89,48.0,0.5,1839.02,993.62,845.39,690.29,0.54
2396,99,26.9,24.88,0.01913,0.85,0.0,0.05,911.92,449.76,462.15,400.97,0.493
2397,99,27.0,24.83,0.01899,0.84,0.0,0.05,907.79,452.53,455.26,397.14,0.498
2398,99,27.0,24.83,0.01899,0.84,0.0,0.05,907.4,452.14,455.26,397.14,0.498
2399,99,26.5,24.91,0.01931,0.88,0.0,0.05,906.72,435.41,471.31,401.78,0.48
2400,100,26.0,25.22,0.02005,0.94,0.0,0.05,927.05,418.41,508.64,423.2,0.451
2401,100,26.0,25.22,0.02005,0.94,0.0,0.05,926.22,417.58,508.64,423.2,0.451
2402,100,25.8,24.77,0.01937,0.92,0.0,0.05,884.71,410.3,474.4,393.01,0.464
2403,100,26.0,25.22,0.02007,0.94,0.0,0.05,925.8,416.12,509.68,424.02,0.449
2404,100,26.0,25.22,0.02007,0.94,0.0,0.05,925.28,415.61,509.68,424.02,0.449
2405,100,25.5,25.25,0.02032,0.98,0.0,0.05,921.09,398.76,522.34,426.0,0.433
2406,100,26.0,25.22,0.02007,0.94,0.0,0.05,924.14,414.46,509.68,424.02,0.448
2407,100,26.0,25.22,0.02007,0.94,0.0,0.05,923.85,414.17,509.68,424.02,0.448
2408,100,25.8,25.29,0.02024,0.96,26.0,0.525,1804.32,934.49,869.83,678.67,0.518
2409,100,28.0,25.79,0.02015,0.84,265.0,1.0,3060.86,1848.03,1212.83,998.71,0.604
2410,100,29.0,26.0,0.02006,0.79,526.0,1.0,3439.72,2235.5,1204.22,1025.85,0.65
2411,100,30.1,26.56,0.02058,0.76,502.0,1.0,3517.64,2263.02,1254.62,1108.99,0.643
2412,100,31.0,26.41,0.01996,0.7,613.0,1.0,3647.97,2453.87,1194.09,1086.45,0.673
2413,100,31.0,25.74,0.01878,0.66,674.0,1.0,3614.29,2534.43,1079.86,984.78,0.701
2414,100,31.7,25.83,0.01867,0.63,679.0,1.0,3648.12,2578.96,1069.16,999.62,0.707
2415,100,32.0,26.8,0.02027,0.67,627.0,1.0,3754.3,2529.9,1224.4,1148.23,0.674
2416,100,32.0,26.8,0.02027,0.67,526.0,1.0,3626.8,2402.4,1224.4,1148.23,0.662
2417,100,30.1,25.76,0.01926,0.71,381.0,1.0,3246.68,2120.14,1126.55,995.01,0.653
2418,100,26.0,23.88,0.01787,0.84,209.0,1.0,2679.47,1688.29,991.18,731.83,0.63
2419,100,25.0,24.24,0.01889,0.94,47.0,0.5,1668.48,914.78,753.7,562.27,0.548
2420,100,25.9,24.46,0.01887,0.89,0.0,0.05,870.06,420.78,449.28,374.81,0.484
2421,100,26.0,24.56,0.01897,0.89,0.0,0.05,876.53,422.4,454.13,380.24,0.482
2422,100,26.0,24.56,0.01897,0.89,0.0,0.05,875.16,421.03,454.13,380.24,0.481
2423,100,26.0,24.29,0.01849,0.87,0.0,0.05,849.91,419.85,430.06,361.27,0.494
2424,101,26.0,23.88,0.01784,0.84,0.0,0.05,815.77,418.82,396.94,335.16,0.513
2425,101,25.8,23.83,0.01784,0.85,0.0,0.05,808.31,411.38,396.93,331.95,0.509
2426,101,25.6,23.77,0.01785,0.86,0.0,0.05,801.62,403.93,397.69,329.35,0.504
2427,101,26.0,23.88,0.01787,0.84,0.0,0.05,814.94,416.16,398.78,336.61,0.511
2428,101,26.0,24.56,0.01897,0.89,0.0,0.05,869.77,415.64,454.13,380.24,0.478
2429,101,25.4,24.11,0.01852,0.9,0.0,0.05,826.8,395.5,431.3,352.63,0.478
2430,101,25.0,24.24,0.01888,0.94,0.0,0.05,831.08,381.62,449.46,360.55,0.459
2431,101,26.0,24.56,0.01897,0.89,0.0,0.05,867.64,413.51,454.13,380.24,0.477
2432,101,26.3,24.44,0.01863,0.86,27.0,0.525,1707.16,956.31,750.85,589.62,0.56
2433,101,28.0,25.06,0.01892,0.79,178.0,1.0,2828.92,1736.26,1092.66,891.75,0.614
2434,101,29.0,26.0,0.02008,0.79,352.0,1.0,3218.37,2012.15,1206.22,1027.63,0.625
2435,101,30.4,26.84,0.02095,0.76,502.0,1.0,3568.89,2278.37,1290.51,1151.38,0.638
2436,101,31.0,25.74,0.01878,0.66,613.0,1.0,3533.8,2453.94,1079.86,984.78,0.694
2437,101,29.0,26.0,0.0201,0.79,671.0,1.0,3635.65,2427.43,1208.21,1029.41,0.668
2438,101,27.0,24.97,0.01922,0.85,257.0,1.0,2916.53,1793.93,1122.6,883.59,0.615
2439,101,26.6,25.14,0.01969,0.89,238.0,1.0,2916.65,1748.31,1168.34,910.38,0.599
2440,101,26.2,25.29,0.02013,0.93,199.0,1.0,2887.88,1676.88,1211.0,934.43,0.581
2441,101,25.8,25.54,0.02076,0.98,144.0,1.0,2856.73,1584.77,1271.96,974.76,0.555
2442,101,26.0,24.56,0.01901,0.89,208.0,1.0,2777.69,1676.15,1101.54,830.05,0.603
2443,101,27.0,24.83,0.01903,0.84,47.0,0.5,1752.27,988.81,763.46,620.42,0.564
2444,101,26.1,25.32,0.02023,0.94,0.0,0.05,938.45,420.47,517.97,432.16,0.448
2445,101,26.0,25.22,0.02007,0.94,0.0,0.05,926.27,416.59,509.68,424.02,0.45
2446,101,26.0,25.22,0.02007,0.94,0.0,0.05,925.69,416.01,509.68,424.02,0.449
2447,101,25.8,25.29,0.02026,0.96,0.0,0.05,928.3,408.95,519.36,428.45,0.441
2448,102,26.0,25.22,0.02007,0.94,0.0,0.05,924.62,414.95,509.68,424.02,0.449
2449,102,26.0,25.22,0.02007,0.94,0.0,0.05,924.27,414.59,509.68,424.02,0.449
2450,102,25.4,25.15,0.02019,0.98,0.0,0.05,910.66,394.6,516.06,419.45,0.433
2451,102,25.0,25.0,0.02014,1.0,0.0,0.05,894.14,380.83,513.31,410.87,0.426
2452,102,25.0,25.0,0.02014,1.0,0.0,0.05,893.34,380.03,513.31,410.87,0.425
2453,102,25.2,24.95,0.01999,0.98,0.0,0.05,891.58,385.9,505.68,408.06,0.433
2454,102,25.0,25.0,0.02014,1.0,0.0,0.05,892.17,378.86,513.31,410.87,0.425
2455,102,26.0,25.22,0.02007,0.94,0.0,0.05,920.81,411.13,509.68,424.02,0.446
2456,102,25.8,24.63,0.01915,0.91,27.0,0.525,1722.72,933.15,789.57,610.03,0.542
2457,102,27.0,24.83,0.01897,0.84,178.0,1.0,2780.62,1682.56,1098.05,861.75,0.605
2458,102,27.0,24.83,0.01897,0.84,352.0,1.0,3004.57,1906.51,1098.05,861.75,0.635
2459,102,29.5,25.21,0.01851,0.71,503.0,1.0,3283.59,2229.87,1053.72,909.31,0.679
2460,102,30.0,25.5,0.01881,0.7,613.0,1.0,3481.75,2398.89,1082.85,952.64,0.689
2461,102,31.0,25.73,0.0188,0.66,672.0,1.0,3610.04,2528.32,1081.72,986.44,0.7
2462,102,30.5,26.45,0.02026,0.73,675.0,1.0,3731.96,2508.84,1223.12,1094.88,0.672
2463,102,30.0,26.31,0.02024,0.75,625.0,1.0,3642.52,2420.74,1221.79,1076.29,0.665
2464,102,28.0,25.06,0.01895,0.79,524.0,1.0,3285.66,2189.24,1096.42,895.1,0.666
2465,102,23.9,22.4,0.0165,0.88,144.0,1.0,2351.34,1493.57,857.77,543.47,0.635
2466,102,26.0,25.22,0.02007,0.94,206.0,1.0,2880.03,1675.31,1204.72,921.87,0.582
2467,102,25.0,24.24,0.01888,0.94,46.0,0.5,1657.9,905.6,752.3,561.07,0.546
2468,102,24.7,23.56,0.0179,0.91,0.0,0.05,774.99,374.59,400.4,317.07,0.483
2469,102,25.0,24.24,0.01886,0.94,0.0,0.05,831.44,382.95,448.49,359.78,0.461
2470,102,25.0,24.24,0.01884,0.94,0.0,0.05,829.38,381.86,447.52,359.02,0.46
2471,102,25.1,24.85,0.01977,0.98,0.0,0.05,878.58,384.2,494.38,397.56,0.437
2472,103,25.0,25.0,0.02008,1.0,0.0,0.05,890.36,380.17,510.19,408.42,0.427
2473,103,25.0,25.0,0.0201,1.0,0.0,0.05,890.69,379.45,511.23,409.23,0.426
2474,103,25.3,24.79,0.01963,0.96,0.0,0.05,876.15,388.68,487.47,395.31,0.444
2475,103,25.6,24.96,0.01978,0.95,0.0,0.05,893.2,398.18,495.02,406.06,0.446
2476,103,26.0,25.22,0.02007,0.94,0.0,0.05,920.86,411.19,509.68,424.02,0.447
2477,103,25.4,25.15,0.02019,0.98,0.0,0.05,907.72,391.66,516.06,419.45,0.431
2478,103,25.0,25.0,0.02012,1.0,0.0,0.05,890.56,378.29,512.27,410.05,0.425
2479,103,26.0,25.22,0.02007,0.94,0.0,0.05,920.32,410.64,509.68,424.02,0.446
2480,103,26.0,25.74,0.02093,0.98,28.0,0.525,1863.26,942.45,920.81,727.35,0.506
2481,103,28.0,26.5,0.02137,0.89,178.0,1.0,3065.26,1733.92,1331.33,1104.18,0.566
2482,103,29.0,26.0,0.02006,0.79,352.0,1.0,3214.36,2010.13,1204.22,1025.85,0.625
2483,103,29.7,26.35,0.02035,0.77,502.0,1.0,3472.69,2240.51,1232.18,1075.1,0.645
2484,103,32.0,26.1,0.01897,0.63,612.0,1.0,3599.81,2502.32,1097.48,1035.28,0.695
2485,103,32.0,26.1,0.01898,0.63,671.0,1.0,3680.56,2581.19,1099.37,1036.95,0.701
2486,103,31.0,26.25,0.01966,0.69,674.0,1.0,3701.68,2536.19,1165.49,1061.0,0.685
2487,103,30.0,26.31,0.02022,0.75,623.0,1.0,3640.69,2420.92,1219.77,1074.5,0.665
2488,103,29.0,26.0,0.0201,0.79,522.0,1.0,3448.88,2240.66,1208.21,1029.41,0.65
2489,103,30.0,26.47,0.0205,0.76,377.0,1.0,3353.28,2106.42,1246.85,1098.6,0.628
2490,103,30.0,26.31,0.02022,0.75,205.0,1.0,3106.32,1886.55,1219.77,1074.5,0.607
2491,103,29.0,26.0,0.0201,0.79,45.0,0.5,1920.45,1078.93,841.52,736.81,0.562
2492,103,28.1,25.0,0.01878,0.78,0.0,0.05,940.04,495.34,444.7,406.43,0.527
2493,103,28.0,25.06,0.01892,0.79,0.0,0.05,942.92,491.44,451.48,410.17,0.521
2494,103,28.0,25.79,0.02013,0.84,0.0,0.05,1003.7,490.85,512.85,458.54,0.489
2495,103,28.3,26.08,0.0205,0.84,0.0,0.05,1031.54,500.19,531.36,477.93,0.485
2496,104,28.0,25.79,0.02013,0.84,0.0,0.05,1002.94,490.09,512.85,458.54,0.489
2497,104,28.0,25.79,0.02013,0.84,0.0,0.05,1002.53,489.68,512.85,458.54,0.488
2498,104,27.8,25.6,0.01989,0.84,0.0,0.05,983.45,482.77,500.68,445.74,0.491
2499,104,28.0,25.79,0.02015,0.84,0.0,0.05,1002.79,488.9,513.89,459.36,0.488
2500,104,27.0,25.53,0.02016,0.89,0.0,0.05,970.04,455.85,514.19,443.58,0.47
2501,104,26.7,25.38,0.02002,0.9,0.0,0.05,952.59,445.18,507.41,433.44,0.467
2502,104,27.0,25.53,0.02016,0.89,0.0,0.05,968.3,454.11,514.19,443.58,0.469
2503,104,27.0,25.53,0.02016,0.89,0.0,0.05,967.7,453.51,514.19,443.58,0.469
2504,104,27.4,25.92,0.02063,0.89,28.0,0.05,1040.12,502.03,538.09,468.83,0.483
2505,104,29.0,26.0,0.02008,0.79,268.0,0.15,1556.16,972.46,583.69,531.08,0.625
2506,104,30.0,26.31,0.02018,0.75,528.0,0.15,1930.71,1341.58,589.13,553.46,0.695
2507,104,29.7,26.03,0.01983,0.75,657.0,0.15,2067.33,1497.95,569.39,532.13,0.725
2508,104,32.0,26.1,0.01897,0.63,916.0,0.15,2432.86,1911.14,521.72,535.03,0.786
2509,104,32.0,26.81,0.02023,0.67,1002.0,0.15,2615.48,2023.72,591.76,591.55,0.774
2510,104,31.6,26.79,0.02039,0.69,672.0,0.15,2189.21,1588.47,600.73,591.6,0.726
2511,104,28.0,26.5,0.02141,0.89,930.0,0.15,2453.06,1795.63,657.43,572.6,0.732
2512,104,25.0,24.24,0.01888,0.94,521.0,0.05,1512.75,1063.28,449.46,360.55,0.703
2513,104,25.0,24.37,0.01908,0.95,143.0,0.05,1035.61,575.69,459.91,368.79,0.556
2514,104,25.0,24.24,0.01888,0.94,78.0,0.05,939.43,489.96,449.46,360.55,0.522
2515,104,24.0,24.0,0.01892,1.0,45.0,0.05,864.25,412.79,451.46,346.11,0.478
2516,104,24.2,23.58,0.01817,0.95,0.0,0.05,772.84,359.25,413.59,319.46,0.465
2517,104,25.0,24.24,0.01886,0.94,0.0,0.05,832.05,383.56,448.49,359.78,0.461
2518,104,25.0,24.24,0.01886,0.94,0.0,0.05,830.88,382.39,448.49,359.78,0.46
2519,104,24.8,24.17,0.01881,0.95,0.0,0.05,821.01,374.81,446.2,354.77,0.457
2520,105,25.0,24.24,0.01886,0.94,0.0,0.05,828.87,380.37,448.49,359.78,0.459
2521,105,25.0,24.24,0.01886,0.94,0.0,0.05,828.13,379.63,448.49,359.78,0.458
2522,105,24.6,24.1,0.0188,0.96,0.0,0.05,811.59,365.87,445.72,351.19,0.451
2523,105,25.0,24.24,0.01888,0.94,0.0,0.05,827.66,378.19,449.46,360.55,0.457
2524,105,25.0,24.24,0.01888,0.94,0.0,0.05,827.21,377.75,449.46,360.55,0.457
2525,105,24.5,24.0,0.01872,0.96,0.0,0.05,802.77,360.96,441.81,346.51,0.45
2526,105,25.0,24.24,0.01888,0.94,0.0,0.05,826.18,376.72,449.46,360.55,0.456
2527,105,25.0,24.24,0.01888,0.94,0.0,0.05,825.94,376.48,449.46,360.55,0.456
2528,105,25.5,24.99,0.01989,0.96,29.0,0.05,930.6,429.87,500.73,408.96,0.462
2529,105,27.0,26.21,0.02131,0.94,179.0,0.15,1429.42,777.94,651.48,549.81,0.544
2530,105,29.0,26.74,0.0214,0.84,352.0,0.15,1727.02,1070.46,656.55,589.88,0.62
2531,105,29.6,26.1,0.01998,0.76,502.0,0.15,1863.79,1285.89,577.91,537.2,0.69
2532,105,31.0,27.24,0.02143,0.75,609.0,0.15,2132.57,1474.07,658.51,627.43,0.691
2533,105,31.0,26.41,0.01998,0.7,668.0,0.15,2130.46,1552.54,577.91,562.39,0.729
2534,105,31.6,26.27,0.0195,0.66,672.0,0.15,2132.14,1580.96,551.17,551.6,0.741
2535,105,32.0,25.37,0.01778,0.59,623.0,0.15,1990.59,1534.49,456.1,482.07,0.771
2536,105,32.0,25.37,0.0178,0.59,780.0,0.05,2017.14,1622.03,395.11,429.77,0.804
2537,105,29.7,25.71,0.01938,0.73,375.0,0.05,1504.02,1029.13,474.89,455.83,0.684
2538,105,29.0,25.99,0.02015,0.79,304.0,0.05,1429.02,915.44,513.57,475.12,0.641
2539,105,29.0,25.23,0.01881,0.74,66.0,0.05,1056.29,610.02,446.27,422.07,0.578
2540,105,27.9,25.4,0.01958,0.82,0.0,0.05,974.11,489.15,484.96,434.96,0.502
2541,105,28.0,25.79,0.02017,0.84,0.0,0.05,1006.58,491.65,514.93,460.18,0.488
2542,105,28.0,25.79,0.02017,0.84,0.0,0.05,1005.96,491.03,514.93,460.18,0.488
2543,105,27.2,25.72,0.02038,0.89,0.0,0.05,989.8,464.25,525.55,455.74,0.469
2544,106,27.0,25.53,0.02016,0.89,0.0,0.05,970.92,456.73,514.19,443.58,0.47
2545,106,26.0,25.22,0.02007,0.94,0.0,0.05,932.65,422.97,509.68,424.02,0.454
2546,106,26.1,24.93,0.01953,0.91,0.0,0.05,907.13,424.8,482.32,404.06,0.468
2547,106,26.0,25.22,0.02007,0.94,0.0,0.05,930.01,420.34,509.68,424.02,0.452
2548,106,26.0,25.22,0.02007,0.94,0.0,0.05,928.92,419.25,509.68,424.02,0.451
2549,106,25.4,24.89,0.01977,0.96,0.0,0.05,893.21,398.62,494.59,402.52,0.446
2550,106,25.0,25.0,0.02012,1.0,0.0,0.05,896.58,384.31,512.27,410.05,0.429
2551,106,26.0,25.22,0.02007,0.94,0.0,0.05,925.52,415.84,509.68,424.02,0.449
2552,106,26.9,25.84,0.02071,0.92,29.0,0.525,1890.98,986.21,904.77,736.5,0.522
2553,106,29.0,26.74,0.0214,0.84,180.0,1.0,3126.59,1792.54,1334.05,1141.41,0.573
2554,106,31.0,27.24,0.02141,0.75,352.0,1.0,3453.15,2117.81,1335.35,1212.17,0.613
2555,106,31.3,26.01,0.0191,0.66,502.0,1.0,3438.59,2328.18,1110.42,1022.42,0.677
2556,106,32.0,26.81,0.02023,0.67,609.0,1.0,3724.25,2503.88,1220.37,1144.65,0.672
2557,106,33.0,26.24,0.01881,0.59,668.0,1.0,3715.61,2633.62,1082.0,1056.3,0.709
2558,106,32.3,25.07,0.01713,0.56,673.0,1.0,3525.83,2606.65,919.18,887.03,0.739
2559,106,32.0,26.1,0.019,0.63,620.0,1.0,3626.37,2525.12,1101.25,1038.63,0.696
2560,106,29.0,25.23,0.01881,0.74,518.0,1.0,3323.59,2240.96,1082.63,917.64,0.674
2561,106,28.9,25.44,0.01922,0.76,374.0,1.0,3172.92,2050.5,1122.41,949.56,0.646
2562,106,29.0,25.23,0.01879,0.74,202.0,1.0,2915.24,1834.47,1080.77,915.97,0.629
2563,106,27.0,24.12,0.01783,0.79,44.0,0.5,1672.7,996.52,676.18,545.99,0.596
2564,106,26.4,24.54,0.01876,0.86,0.0,0.05,883.98,440.3,443.68,378.4,0.498
2565,106,27.0,25.53,0.02016,0.89,0.0,0.05,972.4,458.21,514.19,443.58,0.471
2566,106,26.0,24.56,0.01895,0.89,0.0,0.05,877.41,424.25,453.16,379.47,0.484
2567,106,26.0,24.56,0.01893,0.89,0.0,0.05,874.81,422.63,452.18,378.7,0.483
2568,107,26.0,24.56,0.01895,0.89,0.0,0.05,874.39,421.23,453.16,379.47,0.482
2569,107,26.0,25.22,0.02005,0.94,0.0,0.05,928.66,420.02,508.64,423.2,0.452
2570,107,26.1,24.93,0.01951,0.91,0.0,0.05,903.57,422.25,481.32,403.27,0.467
2571,107,26.0,25.22,0.02007,0.94,0.0,0.05,927.81,418.13,509.68,424.02,0.451
2572,107,26.0,24.56,0.01897,0.89,0.0,0.05,871.47,417.34,454.13,380.24,0.479
2573,107,25.6,24.44,0.01894,0.91,0.0,0.05,856.21,403.54,452.67,372.68,0.471
2574,107,25.8,24.5,0.01895,0.9,0.0,0.05,862.73,409.26,453.47,376.51,0.474
2575,107,26.0,24.56,0.01897,0.89,0.0,0.05,869.35,415.22,454.13,380.24,0.478
2576,107,25.9,25.0,0.01969,0.93,29.0,0.525,1772.49,943.47,829.02,646.31,0.532
2577,107,28.0,25.79,0.02013,0.84,180.0,1.0,2950.68,1739.85,1210.83,996.92,0.59
2578,107,29.0,26.0,0.02004,0.79,352.0,1.0,3215.27,2013.04,1202.23,1024.08,0.626
2579,107,29.7,25.88,0.01953,0.74,501.0,1.0,3394.4,2241.73,1152.67,1004.34,0.66
2580,107,31.0,26.42,0.01994,0.7,608.0,1.0,3639.87,2447.76,1192.11,1084.69,0.672
2581,107,32.0,26.1,0.01897,0.63,667.0,1.0,3674.79,2577.31,1097.48,1035.28,0.701
2582,107,31.8,26.8,0.0203,0.68,669.0,1.0,3799.59,2572.14,1227.45,1143.99,0.677
2583,107,29.0,25.23,0.01879,0.74,619.0,1.0,3446.39,2365.62,1080.77,915.97,0.686
2584,107,28.0,25.06,0.01893,0.79,517.0,1.0,3277.8,2183.26,1094.54,893.42,0.666
2585,107,28.3,25.34,0.01928,0.79,372.0,1.0,3140.19,2012.2,1127.99,933.64,0.641
2586,107,29.0,26.0,0.0201,0.79,201.0,1.0,3036.9,1828.68,1208.21,1029.41,0.602
2587,107,28.0,26.5,0.02141,0.89,43.0,0.5,1969.73,1033.05,936.67,793.05,0.524
2588,107,28.4,25.88,0.02016,0.82,0.0,0.05,1017.25,503.17,514.08,465.91,0.495
2589,107,29.0,26.0,0.02008,0.79,0.0,0.05,1033.16,522.7,510.46,472.66,0.506
2590,107,28.0,25.79,0.02015,0.84,0.0,0.05,1004.03,490.14,513.89,459.36,0.488
2591,107,28.5,25.83,0.01998,0.81,0.0,0.05,1011.38,506.13,505.25,460.56,0.5
2592,108,28.0,25.79,0.02015,0.84,0.0,0.05,1003.57,489.68,513.89,459.36,0.488
2593,108,28.0,25.06,0.01893,0.79,0.0,0.05,941.78,489.33,452.45,410.93,0.52
2594,108,27.9,25.55,0.0198,0.83,0.0,0.05,982.12,485.74,496.38,443.95,0.495
2595,108,28.0,25.06,0.01893,0.79,0.0,0.05,941.15,488.7,452.45,410.93,0.519
2596,108,28.0,25.79,0.02017,0.84,0.0,0.05,1003.41,488.48,514.93,460.18,0.487
2597,108,27.5,25.45,0.01981,0.85,0.0,0.05,968.72,471.89,496.83,437.9,0.487
2598,108,27.0,25.53,0.02016,0.89,0.0,0.05,969.2,455.01,514.19,443.58,0.469
2599,108,28.0,25.79,0.02017,0.84,0.0,0.05,1002.03,487.1,514.93,460.18,0.486
2600,108,28.8,25.96,0.0201,0.8,43.0,0.525,1950.34,1090.48,859.86,746.37,0.559
2601,108,30.0,26.94,0.02129,0.79,274.0,1.0,3295.18,1971.19,1323.99,1167.25,0.598
2602,108,31.0,27.24,0.02141,0.75,527.0,1.0,3683.85,2348.5,1335.35,1212.17,0.638
2603,108,31.3,25.66,0.0185,0.64,657.0,1.0,3584.85,2532.37,1052.47,970.85,0.706
2604,108,32.0,26.81,0.02021,0.67,911.0,1.0,4114.27,2895.91,1218.36,1142.86,0.704
2605,108,32.0,26.81,0.02023,0.67,996.0,1.0,4227.13,3006.76,1220.37,1144.65,0.711
2606,108,30.7,25.47,0.01846,0.66,669.0,1.0,3569.72,2521.8,1047.92,945.91,0.706
2607,108,31.0,25.21,0.01792,0.63,927.0,1.0,3865.0,2868.77,996.23,910.35,0.742
2608,108,31.0,26.41,0.02,0.7,771.0,1.0,3867.4,2669.33,1198.07,1089.99,0.69
2609,108,31.0,25.21,0.01794,0.63,487.0,1.0,3303.63,2305.62,998.01,911.93,0.698
2610,108,31.0,25.73,0.01882,0.66,200.0,1.0,3021.57,1937.98,1083.59,988.1,0.641
2611,108,30.0,25.5,0.01885,0.7,43.0,0.5,1874.75,1124.09,750.66,684.25,0.6
2612,108,28.8,25.35,0.01911,0.76,0.0,0.05,985.27,524.12,461.15,430.6,0.532
2613,108,28.4,25.58,0.01965,0.8,0.0,0.05,998.5,510.03,488.47,445.73,0.511
2614,108,28.0,25.79,0.02017,0.84,0.0,0.05,1010.75,495.82,514.93,460.18,0.491
2615,108,27.9,25.84,0.02028,0.85,0.0,0.05,1011.57,491.36,520.21,462.74,0.486
2616,109,28.0,25.79,0.02017,0.84,0.0,0.05,1008.48,493.55,514.93,460.18,0.489
2617,109,28.0,25.79,0.02017,0.84,0.0,0.05,1007.61,492.68,514.93,460.18,0.489
2618,109,27.3,25.68,0.02029,0.88,0.0,0.05,989.79,468.95,520.83,453.63,0.474
2619,109,27.0,25.53,0.02018,0.89,0.0,0.05,973.25,458.02,515.23,444.41,0.471
2620,109,27.0,25.53,0.02018,0.89,0.0,0.05,972.12,456.89,515.23,444.41,0.47
2621,109,26.5,25.45,0.02026,0.92,0.0,0.05,958.67,439.51,519.16,439.5,0.458
2622,109,27.0,25.53,0.02018,0.89,0.0,0.05,969.99,454.76,515.23,444.41,0.469
2623,109,27.2,25.86,0.02066,0.9,0.0,0.05,1000.27,460.64,539.63,466.84,0.461
2624,109,27.5,26.43,0.0215,0.92,30.0,0.525,1981.34,1018.26,963.09,801.62,0.514
2625,109,30.0,26.94,0.02134,0.79,181.0,1.0,3178.73,1850.5,1328.23,1171.03,0.582
2626,109,31.0,26.41,0.01998,0.7,353.0,1.0,3320.17,2124.1,1196.08,1088.22,0.64
2627,109,32.0,26.81,0.02023,0.67,500.0,1.0,3586.43,2366.06,1220.37,1144.65,0.66
2628,109,32.0,24.81,0.01684,0.56,610.0,1.0,3399.74,2509.34,890.4,850.97,0.738
2629,109,33.0,25.67,0.01784,0.56,666.0,1.0,3622.79,2634.66,988.13,972.75,0.727
2630,109,33.2,26.03,0.0184,0.57,668.0,1.0,3692.18,2649.8,1042.38,1028.0,0.718
2631,109,33.0,26.24,0.01886,0.59,616.0,1.0,3662.46,2574.85,1087.61,1061.29,0.703
2632,109,33.0,26.98,0.0202,0.63,513.0,1.0,3662.39,2444.4,1218.0,1177.34,0.667
2633,109,31.5,26.18,0.01942,0.66,370.0,1.0,3326.95,2185.0,1141.95,1057.45,0.657
2634,109,31.0,25.73,0.01886,0.66,199.0,1.0,3027.51,1940.17,1087.34,991.44,0.641
2635,109,28.2,25.54,0.01966,0.81,42.0,0.5,1860.29,1050.73,809.57,689.63,0.565
2636,109,28.8,25.66,0.01965,0.78,0.0,0.05,1013.95,525.59,488.36,452.04,0.518
2637,109,28.0,25.79,0.02017,0.84,0.0,0.05,1013.11,498.18,514.93,460.18,0.492
2638,109,28.0,25.79,0.02017,0.84,0.0,0.05,1011.61,496.68,514.93,460.18,0.491
2639,109,28.2,25.54,0.01966,0.81,0.0,0.05,991.22,501.94,489.28,443.16,0.506
2640,110,28.0,25.79,0.02017,0.84,0.0,0.05,1009.31,494.38,514.93,460.18,0.49
2641,110,28.0,25.79,0.02017,0.84,0.0,0.05,1008.32,493.39,514.93,460.18,0.489
2642,110,27.3,25.26,0.0196,0.85,0.0,0.05,955.39,469.57,485.82,426.03,0.491
2643,110,27.0,24.83,0.01901,0.84,0.0,0.05,914.79,458.55,456.24,397.91,0.501
2644,110,27.0,25.53,0.0202,0.89,0.0,0.05,973.63,457.35,516.27,445.23,0.47
2645,110,26.4,24.95,0.0195,0.89,0.0,0.05,917.41,436.63,480.78,407.64,0.476
2646,110,26.0,25.22,0.02011,0.94,0.0,0.05,933.99,422.24,511.75,425.66,0.452
2647,110,26.0,25.22,0.02011,0.94,0.0,0.05,932.64,420.89,511.75,425.66,0.451
2648,110,27.1,26.17,0.02124,0.93,31.0,0.525,1945.66,1001.58,944.08,775.2,0.515
2649,110,30.0,26.94,0.02134,0.79,181.0,1.0,3177.56,1849.32,1328.23,1171.03,0.582
2650,110,31.0,26.41,0.01998,0.7,352.0,1.0,3317.87,2121.8,1196.08,1088.22,0.64
2651,110,31.1,26.5,0.0201,0.7,500.0,1.0,3526.28,2318.74,1207.54,1101.91,0.658
2652,110,32.0,26.1,0.019,0.63,910.0,1.0,3994.09,2892.83,1101.25,1038.63,0.724
2653,110,33.0,26.24,0.01884,0.59,664.0,1.0,3716.69,2630.96,1085.73,1059.63,0.708
2654,110,33.2,26.6,0.01944,0.6,666.0,1.0,3789.58,2646.25,1143.33,1117.85,0.698
2655,110,33.0,26.98,0.02023,0.63,614.0,1.0,3791.45,2571.43,1220.02,1179.14,0.678
2656,110,33.0,26.98,0.02023,0.63,512.0,1.0,3662.39,2442.38,1220.02,1179.14,0.667
2657,110,31.8,26.79,0.02043,0.68,368.0,1.0,3436.92,2197.28,1239.64,1154.83,0.639
2658,110,31.0,25.73,0.01888,0.66,198.0,1.0,3027.74,1938.52,1089.22,993.11,0.64
2659,110,30.0,25.5,0.01889,0.7,42.0,0.5,1878.96,1125.49,753.47,686.64,0.599
2660,110,28.9,25.6,0.01952,0.77,0.0,0.05,1011.84,529.72,482.12,448.73,0.524
2661,110,28.0,25.79,0.02021,0.84,0.0,0.05,1015.99,498.98,517.02,461.83,0.491
2662,110,28.0,25.79,0.02019,0.84,0.0,0.05,1013.34,497.36,515.97,461.0,0.491
2663,110,28.1,25.88,0.02034,0.84,0.0,0.05,1022.43,499.25,523.18,468.28,0.488
2664,111,28.0,25.79,0.02019,0.84,0.0,0.05,1010.8,494.83,515.97,461.0,0.49
2665,111,28.0,25.79,0.02019,0.84,0.0,0.05,1009.75,493.78,515.97,461.0,0.489
2666,111,27.5,25.73,0.02034,0.87,0.0,0.05,999.71,476.47,523.24,458.72,0.477
2667,111,27.0,25.53,0.0202,0.89,0.0,0.05,975.24,458.97,516.27,445.23,0.471
2668,111,27.0,25.53,0.0202,0.89,0.0,0.05,973.99,457.71,516.27,445.23,0.47
2669,111,26.8,25.74,0.02067,0.92,0.0,0.05,990.2,450.06,540.13,460.83,0.455
2670,111,27.0,25.53,0.02022,0.89,0.0,0.05,972.88,455.56,517.32,446.05,0.468
2671,111,26.0,25.22,0.02011,0.94,0.0,0.05,933.71,421.96,511.75,425.66,0.452
2672,111,27.4,25.64,0.02021,0.87,31.0,0.05,1023.39,506.34,517.05,452.24,0.495
2673,111,29.0,26.74,0.02144,0.84,181.0,0.15,1520.25,861.27,658.99,591.84,0.567
2674,111,30.0,26.31,0.02024,0.75,528.0,0.15,1934.49,1341.92,592.57,556.23,0.694
2675,111,31.5,26.35,0.01969,0.67,500.0,0.15,1921.12,1359.47,561.65,558.26,0.708
2676,111,32.0,26.81,0.02025,0.67,907.0,0.15,2493.88,1900.97,592.91,592.48,0.762
2677,111,33.0,26.24,0.01882,0.59,993.0,0.15,2562.11,2048.15,513.96,546.75,0.799
2678,111,33.1,26.7,0.01964,0.61,664.0,0.15,2190.97,1632.04,558.93,584.85,0.745
2679,111,33.0,26.23,0.01888,0.59,919.0,0.15,2474.97,1957.81,517.16,549.34,0.791
2680,111,33.0,26.23,0.01888,0.59,766.0,0.05,2094.98,1645.15,449.83,488.92,0.785
2681,111,32.5,26.17,0.019,0.61,481.0,0.05,1720.64,1264.73,455.91,485.71,0.735
2682,111,31.2,25.74,0.0188,0.65,233.0,0.05,1350.9,905.0,445.9,457.0,0.67
2683,111,30.0,25.5,0.01889,0.7,41.0,0.05,1069.72,619.44,450.28,441.24,0.579
2684,111,28.9,25.44,0.01926,0.76,0.0,0.05,999.01,530.09,468.92,438.32,0.531
2685,111,29.0,26.0,0.02012,0.79,0.0,0.05,1044.63,532.1,512.53,474.3,0.509
2686,111,28.0,25.79,0.02017,0.84,0.0,0.05,1013.19,498.26,514.93,460.18,0.492
2687,111,28.3,25.49,0.01953,0.8,0.0,0.05,989.13,506.59,482.54,439.45,0.512
2688,112,28.0,25.79,0.02017,0.84,0.0,0.05,1010.55,495.62,514.93,460.18,0.49
2689,112,28.0,25.79,0.02017,0.84,0.0,0.05,1009.39,494.46,514.93,460.18,0.49
2690,112,27.5,25.45,0.01983,0.85,0.0,0.05,974.91,477.06,497.85,438.71,0.489
2691,112,28.0,25.79,0.02019,0.84,0.0,0.05,1008.26,492.29,515.97,461.0,0.488
2692,112,27.0,25.53,0.02018,0.89,0.0,0.05,974.01,458.78,515.23,444.41,0.471
2693,112,26.9,25.84,0.02078,0.92,0.0,0.05,999.68,454.27,545.42,466.6,0.454
2694,112,27.0,26.21,0.02137,0.94,0.0,0.05,1031.96,456.42,575.54,491.95,0.442
2695,112,27.0,26.21,0.02133,0.94,0.0,0.05,1028.84,455.51,573.33,490.2,0.443
2696,112,27.4,26.06,0.02091,0.9,31.0,0.05,1059.95,507.61,552.34,480.07,0.479
2697,112,29.0,26.0,0.0201,0.79,182.0,0.15,1448.47,863.64,584.83,532.0,0.596
2698,112,30.0,26.31,0.0202,0.75,352.0,0.15,1707.38,1117.11,590.27,554.38,0.654
2699,112,31.5,26.36,0.01965,0.67,499.0,0.15,1918.43,1359.0,559.42,556.46,0.708
2700,112,32.0,26.1,0.019,0.63,605.0,0.15,2038.17,1514.3,523.87,536.76,0.743
2701,112,33.0,26.24,0.01882,0.59,661.0,0.15,2136.86,1622.9,513.96,546.75,0.759
2702,112,33.8,26.35,0.0187,0.56,664.0,0.15,2164.07,1656.92,507.16,555.66,0.766
2703,112,32.0,26.8,0.02027,0.67,611.0,0.15,2122.89,1528.84,594.06,593.41,0.72
2704,112,33.0,26.24,0.01886,0.59,510.0,0.05,1765.78,1316.92,448.86,488.15,0.746
2705,112,31.6,24.83,0.0171,0.58,367.0,0.05,1449.08,1089.1,359.98,395.68,0.752
2706,112,31.0,26.41,0.02002,0.7,196.0,0.05,1357.79,850.53,507.26,502.16,0.626
2707,112,30.0,26.31,0.02026,0.75,41.0,0.05,1138.51,618.93,519.59,495.87,0.544
2708,112,29.1,25.94,0.01998,0.78,0.0,0.05,1041.47,536.2,505.27,470.17,0.515
2709,112,29.0,26.0,0.0201,0.79,0.0,0.05,1043.33,531.84,511.49,473.48,0.51
2710,112,29.0,26.0,0.0201,0.79,0.0,0.05,1042.34,530.84,511.49,473.48,0.509
2711,112,28.5,25.97,0.02028,0.82,0.0,0.05,1033.78,513.58,520.21,472.34,0.497
2712,113,28.0,26.5,0.02141,0.89,0.0,0.05,1073.76,496.12,577.65,509.61,0.462
2713,113,28.0,25.79,0.02017,0.84,0.0,0.05,1009.82,494.89,514.93,460.18,0.49
2714,113,27.8,25.74,0.0202,0.85,0.0,0.05,1003.42,487.27,516.15,457.94,0.486
2715,113,28.0,25.06,0.01895,0.79,0.0,0.05,946.23,492.8,453.43,411.7,0.521
2716,113,27.0,25.53,0.0202,0.89,0.0,0.05,975.49,459.22,516.27,445.23,0.471
2717,113,27.3,25.12,0.0194,0.84,0.0,0.05,943.59,467.77,475.82,418.15,0.496
2718,113,27.0,25.53,0.0202,0.89,0.0,0.05,973.27,457.0,516.27,445.23,0.47
2719,113,28.0,25.79,0.02021,0.84,0.0,0.05,1005.83,488.81,517.02,461.83,0.486
2720,113,28.2,26.12,0.02071,0.85,44.0,0.525,1972.52,1067.92,904.6,769.38,0.541
2721,113,30.0,26.94,0.02134,0.79,272.0,1.0,3297.77,1969.53,1328.23,1171.03,0.597
2722,113,31.0,27.24,0.02146,0.75,527.0,1.0,3688.9,2349.28,1339.62,1215.97,0.637
2723,113,30.4,27.31,0.02185,0.79,745.0,1.0,3977.57,2599.48,1378.09,1229.33,0.654
2724,113,32.0,26.81,0.02025,0.67,904.0,1.0,4109.34,2886.95,1222.38,1146.44,0.703
2725,113,30.0,26.31,0.02024,0.75,1000.0,1.0,4130.49,2908.7,1221.79,1076.29,0.704
2726,113,30.0,26.47,0.02054,0.76,661.0,1.0,3725.13,2474.19,1250.94,1102.24,0.664
2727,113,29.0,25.99,0.02017,0.79,609.0,1.0,3570.4,2356.17,1214.23,1034.76,0.66
2728,113,29.0,25.99,0.02017,0.79,770.0,1.0,3776.54,2562.31,1214.23,1034.76,0.678
2729,113,28.0,25.93,0.02048,0.85,364.0,1.0,3234.66,1989.6,1245.06,1027.39,0.615
2730,113,28.0,25.79,0.02023,0.84,195.0,1.0,2992.78,1771.91,1220.87,1005.86,0.592
2731,113,27.0,25.53,0.0202,0.89,40.0,0.5,1837.46,989.06,848.4,692.85,0.538
2732,113,26.7,25.37,0.02006,0.9,0.0,0.05,957.61,448.13,509.49,435.08,0.468
2733,113,27.0,25.53,0.02016,0.89,0.0,0.05,970.85,456.66,514.19,443.58,0.47
2734,113,27.2,25.59,0.02019,0.88,0.0,0.05,977.97,462.28,515.69,447.97,0.473
2735,113,27.4,25.64,0.02019,0.87,0.0,0.05,984.15,468.15,516.0,451.42,0.476
2736,114,27.0,25.53,0.02016,0.89,0.0,0.05,968.74,454.55,514.19,443.58,0.469
2737,114,27.0,25.53,0.02018,0.89,0.0,0.05,969.12,453.89,515.23,444.41,0.468
2738,114,26.9,25.57,0.02031,0.9,0.0,0.05,971.91,450.04,521.87,448.04,0.463
2739,114,27.0,25.53,0.0202,0.89,0.0,0.05,969.05,452.77,516.27,445.23,0.467
2740,114,27.0,25.53,0.0202,0.89,0.0,0.05,968.63,452.35,516.27,445.23,0.467
2741,114,26.4,25.48,0.0204,0.93,0.0,0.05,958.78,432.31,526.47,443.66,0.451
2742,114,27.0,25.53,0.0202,0.89,0.0,0.05,967.58,451.31,516.27,445.23,0.466
2743,114,27.0,26.21,0.02137,0.94,0.0,0.05,1026.63,451.09,575.54,491.95,0.439
2744,114,27.1,26.04,0.02103,0.92,32.0,0.525,1929.46,1001.24,928.23,761.64,0.519
2745,114,29.0,27.47,0.02274,0.89,182.0,1.0,3262.28,1797.59,1464.69,1257.67,0.551
2746,114,31.0,27.24,0.02146,0.75,351.0,1.0,3458.29,2118.67,1339.62,1215.97,0.613
2747,114,31.2,26.59,0.02024,0.7,498.0,1.0,3540.83,2319.74,1221.09,1117.44,0.655
2748,114,30.0,26.94,0.02136,0.79,901.0,1.0,4107.13,2776.77,1330.36,1172.93,0.676
2749,114,30.0,26.94,0.02136,0.79,657.0,1.0,3795.15,2464.79,1330.36,1172.93,0.649
2750,114,27.2,25.45,0.01997,0.87,660.0,1.0,3520.28,2325.01,1195.27,955.23,0.66
2751,114,30.0,26.93,0.0214,0.79,909.0,1.0,4122.53,2787.89,1334.63,1176.73,0.676
2752,114,29.0,26.74,0.02149,0.84,767.0,1.0,3897.64,2555.03,1342.61,1149.02,0.656
2753,114,29.2,26.18,0.02043,0.79,363.0,1.0,3287.1,2047.27,1239.83,1064.51,0.623
2754,114,29.0,25.99,0.02019,0.79,194.0,1.0,3036.66,1820.42,1216.25,1036.56,0.599
2755,114,29.0,25.99,0.02017,0.79,59.0,0.5,1941.92,1095.9,846.01,740.65,0.564
2756,114,28.5,26.12,0.0206,0.83,0.0,0.05,1043.9,507.61,536.3,485.03,0.486
2757,114,28.2,25.98,0.02046,0.84,0.0,0.05,1026.89,497.52,529.38,474.77,0.484
2758,114,28.0,25.79,0.02017,0.84,0.0,0.05,1005.49,490.56,514.93,460.18,0.488
2759,114,28.0,26.36,0.02119,0.88,0.0,0.05,1056.27,490.09,566.18,500.58,0.464
2760,115,27.0,26.21,0.02133,0.94,0.0,0.05,1030.2,456.87,573.33,490.2,0.443
2761,115,27.0,26.21,0.02133,0.94,0.0,0.05,1029.23,455.9,573.33,490.2,0.443
2762,115,27.0,25.53,0.02018,0.89,0.0,0.05,970.29,455.06,515.23,444.41,0.469
2763,115,26.5,25.32,0.02005,0.91,0.0,0.05,946.65,437.93,508.72,431.27,0.463
2764,115,26.0,25.22,0.02011,0.94,0.0,0.05,932.34,420.59,511.75,425.66,0.451
2765,115,26.4,25.62,0.02063,0.94,0.0,0.05,970.5,432.59,537.91,452.68,0.446
2766,115,26.0,25.22,0.02011,0.94,0.0,0.05,930.5,418.74,511.75,425.66,0.45
2767,115,26.0,25.22,0.02011,0.94,0.0,0.05,929.62,417.87,511.75,425.66,0.45
2768,115,27.9,25.4,0.01958,0.82,32.0,0.525,1855.06,1034.02,821.04,690.3,0.557
2769,115,29.0,26.74,0.02142,0.84,182.0,1.0,3133.43,1797.24,1336.19,1143.3,0.574
2770,115,30.0,26.94,0.02134,0.79,351.0,1.0,3395.0,2066.77,1328.23,1171.03,0.609
2771,115,31.4,26.61,0.02015,0.69,497.0,1.0,3540.88,2327.9,1212.98,1117.19,0.657
2772,115,32.0,26.81,0.02025,0.67,602.0,1.0,3718.19,2495.81,1222.38,1146.44,0.671
2773,115,29.0,25.23,0.01879,0.74,986.0,1.0,3916.65,2835.89,1080.77,915.97,0.724
2774,115,29.4,25.75,0.01953,0.75,659.0,1.0,3590.07,2437.23,1152.84,994.05,0.679
2775,115,30.0,26.31,0.02024,0.75,909.0,1.0,4011.03,2789.24,1221.79,1076.29,0.695
2776,115,31.0,25.73,0.01884,0.66,758.0,1.0,3733.32,2647.85,1085.46,989.77,0.709
2777,115,30.1,26.08,0.01984,0.73,362.0,1.0,3277.65,2094.68,1182.97,1045.22,0.639
2778,115,29.0,25.22,0.01883,0.74,193.0,1.0,2906.14,1821.64,1084.5,919.3,0.627
2779,115,28.0,25.05,0.01897,0.79,39.0,0.5,1790.12,1030.71,759.41,641.88,0.576
2780,115,28.0,24.91,0.01873,0.78,0.0,0.05,934.37,492.45,441.92,402.63,0.527
2781,115,29.0,26.0,0.02012,0.79,0.0,0.05,1037.06,524.53,512.53,474.3,0.506
2782,115,28.0,25.79,0.02017,0.84,0.0,0.05,1006.65,491.72,514.93,460.18,0.488
2783,115,28.1,26.03,0.02054,0.85,0.0,0.05,1028.05,494.37,533.68,476.56,0.481
2784,116,28.0,26.5,0.02141,0.89,0.0,0.05,1068.26,490.61,577.65,509.61,0.459
2785,116,27.0,26.21,0.02133,0.94,0.0,0.05,1030.66,457.33,573.33,490.2,0.444
2786,116,26.5,25.98,0.02114,0.96,0.0,0.05,1003.94,439.89,564.05,474.88,0.438
2787,116,26.0,24.56,0.01897,0.89,0.0,0.05,876.41,422.28,454.13,380.24,0.482
2788,116,26.0,25.22,0.02007,0.94,0.0,0.05,930.6,420.93,509.68,424.02,0.452
2789,116,25.9,25.13,0.01997,0.94,0.0,0.05,921.01,416.48,504.53,418.37,0.452
2790,116,26.0,26.0,0.02139,1.0,0.0,0.05,995.27,418.69,576.58,476.76,0.421
2791,116,26.0,25.22,0.02007,0.94,0.0,0.05,927.5,417.82,509.68,424.02,0.45
2792,116,26.3,25.65,0.02068,0.95,33.0,0.525,1870.48,967.73,902.75,719.52,0.517
2793,116,29.0,26.74,0.02142,0.84,182.0,1.0,3132.4,1796.21,1336.19,1143.3,0.573
2794,116,30.0,26.94,0.02134,0.79,351.0,1.0,3394.11,2065.87,1328.23,1171.03,0.609
2795,116,31.3,26.18,0.01944,0.67,497.0,1.0,3465.25,2321.97,1143.28,1051.67,0.67
2796,116,32.0,26.81,0.02025,0.67,900.0,1.0,4099.71,2877.33,1222.38,1146.44,0.702
2797,116,33.0,26.24,0.01884,0.59,984.0,1.0,4124.84,3039.11,1085.73,1059.63,0.737
2798,116,32.2,27.33,0.02116,0.69,656.0,1.0,3891.04,2579.81,1311.23,1232.47,0.663
2799,116,30.0,24.84,0.01776,0.66,910.0,1.0,3774.57,2793.95,980.62,861.65,0.74
2800,116,29.0,26.74,0.02149,0.84,502.0,1.0,3561.84,2219.23,1342.61,1149.02,0.623
2801,116,29.6,25.62,0.01926,0.73,361.0,1.0,3195.48,2068.91,1126.57,977.63,0.647
2802,116,29.0,26.74,0.02146,0.84,192.0,1.0,3161.65,1821.18,1340.47,1147.11,0.576
2803,116,29.0,25.99,0.02015,0.79,39.0,0.5,1917.64,1073.13,844.51,739.37,0.56
2804,116,28.2,25.83,0.02019,0.83,0.0,0.05,1015.88,500.25,515.63,463.94,0.492
2805,116,28.0,25.79,0.02017,0.84,0.0,0.05,1007.85,492.92,514.93,460.18,0.489
2806,116,28.0,25.79,0.02017,0.84,0.0,0.05,1007.06,492.13,514.93,460.18,0.489
2807,116,27.6,25.83,0.02042,0.87,0.0,0.05,1005.67,478.32,527.35,463.56,0.476
2808,117,28.0,26.5,0.02141,0.89,0.0,0.05,1068.25,490.61,577.65,509.61,0.459
2809,117,28.0,26.5,0.02141,0.89,0.0,0.05,1067.78,490.13,577.65,509.61,0.459
2810,117,27.1,26.17,0.02124,0.93,0.0,0.05,1029.26,460.19,569.07,488.45,0.447
2811,117,27.0,26.07,0.02114,0.93,0.0,0.05,1019.67,456.0,563.67,482.59,0.447
2812,117,27.0,26.21,0.02137,0.94,0.0,0.05,1030.68,455.14,575.54,491.95,0.442
2813,117,26.2,25.81,0.02105,0.97,0.0,0.05,987.39,428.16,559.24,466.28,0.434
2814,117,26.0,26.0,0.02144,1.0,0.0,0.05,999.26,420.46,578.8,478.51,0.421
2815,117,26.0,25.22,0.02011,0.94,0.0,0.05,931.11,419.35,511.75,425.66,0.45
2816,117,27.0,26.21,0.02135,0.94,33.0,0.525,1950.52,998.6,951.92,779.37,0.512
2817,117,28.0,26.5,0.02141,0.89,182.0,1.0,3081.78,1746.19,1335.59,1107.97,0.567
2818,117,30.0,26.31,0.02022,0.75,351.0,1.0,3286.39,2066.62,1219.77,1074.5,0.629
2819,117,31.3,27.02,0.02094,0.72,495.0,1.0,3609.1,2320.04,1289.05,1181.41,0.643
2820,117,32.0,26.1,0.019,0.63,601.0,1.0,3595.6,2494.35,1101.25,1038.63,0.694
2821,117,29.0,26.0,0.02012,0.79,654.0,1.0,3620.09,2409.88,1210.22,1031.19,0.666
2822,117,30.2,25.35,0.01855,0.68,657.0,1.0,3533.34,2475.82,1057.53,937.06,0.701
2823,117,30.0,25.5,0.01887,0.7,605.0,1.0,3488.15,2399.69,1088.47,957.64,0.688
2824,117,30.0,25.5,0.01889,0.7,503.0,1.0,3359.84,2269.49,1090.35,959.31,0.675
2825,117,29.9,25.73,0.01933,0.72,360.0,1.0,3214.76,2081.46,1133.29,994.05,0.647
2826,117,30.0,25.5,0.01889,0.7,192.0,1.0,2961.9,1871.55,1090.35,959.31,0.632
2827,117,28.0,26.5,0.02148,0.89,15.0,0.5,1941.66,1000.19,941.47,797.14,0.515
2828,117,27.9,26.68,0.02183,0.91,0.0,0.05,1087.8,489.4,598.4,524.37,0.45
2829,117,27.0,26.21,0.02135,0.94,0.0,0.05,1033.49,459.05,574.44,491.07,0.444
2830,117,26.0,24.56,0.01897,0.89,0.0,0.05,879.11,424.98,454.13,380.24,0.483
2831,117,25.3,24.54,0.01923,0.94,0.0,0.05,867.47,400.3,467.18,379.31,0.461
2832,118,26.0,24.56,0.01897,0.89,0.0,0.05,875.47,421.34,454.13,380.24,0.481
2833,118,25.0,24.24,0.01888,0.94,0.0,0.05,836.77,387.31,449.46,360.55,0.463
2834,118,25.1,24.6,0.01943,0.96,0.0,0.05,866.28,388.91,477.38,384.15,0.449
2835,118,26.0,26.0,0.02141,1.0,0.0,0.05,994.73,417.04,577.69,477.63,0.419
2836,118,26.0,26.0,0.02141,1.0,0.0,0.05,994.09,416.4,577.69,477.63,0.419
2837,118,26.0,25.74,0.02099,0.98,0.0,0.05,972.27,415.84,556.42,460.87,0.428
2838,118,26.0,26.0,0.02141,1.0,0.0,0.05,993.05,415.36,577.69,477.63,0.418
2839,118,26.0,26.0,0.02139,1.0,0.0,0.05,991.53,414.95,576.58,476.76,0.418
2840,118,26.5,25.72,0.02069,0.94,33.0,0.05,1014.39,473.32,541.06,456.76,0.467
2841,118,27.0,25.53,0.02016,0.89,183.0,0.15,1376.25,788.46,587.79,498.41,0.573
2842,118,28.0,25.79,0.02017,0.84,351.0,0.15,1627.66,1039.06,588.6,517.05,0.638
2843,118,28.3,25.93,0.02029,0.83,495.0,0.15,1830.06,1235.1,594.97,527.59,0.675
2844,118,29.0,26.0,0.0201,0.79,599.0,0.15,1978.64,1393.8,584.83,532.0,0.704
2845,118,30.0,26.31,0.02022,0.75,653.0,0.15,2090.54,1499.12,591.42,555.3,0.717
2846,118,29.4,26.83,0.02142,0.82,248.0,0.15,1618.25,960.47,657.78,598.07,0.594
2847,118,29.0,25.99,0.02015,0.79,602.0,0.15,1988.86,1401.74,587.12,533.84,0.705
2848,118,29.0,26.74,0.02146,0.84,190.0,0.05,1343.86,763.68,580.18,527.62,0.568
2849,118,29.0,25.99,0.02017,0.79,136.0,0.05,1209.65,695.03,514.62,475.94,0.575
2850,118,29.0,25.99,0.02017,0.79,190.0,0.05,1279.45,764.83,514.62,475.94,0.598
2851,118,28.3,25.93,0.02035,0.83,38.0,0.05,1071.23,547.35,523.88,472.04,0.511
2852,118,27.7,25.93,0.02058,0.87,0.0,0.05,1014.6,478.88,535.72,471.76,0.472
2853,118,28.0,25.79,0.02017,0.84,0.0,0.05,1003.25,488.32,514.93,460.18,0.487
2854,118,27.5,25.74,0.02029,0.87,0.0,0.05,992.88,471.75,521.13,457.07,0.475
2855,118,27.0,25.67,0.02039,0.9,0.0,0.05,980.89,454.89,526.0,452.89,0.464
2856,119,27.0,25.53,0.02016,0.89,0.0,0.05,968.37,454.19,514.19,443.58,0.469
2857,119,27.0,26.21,0.02133,0.94,0.0,0.05,1026.91,453.58,573.33,490.2,0.442
2858,119,27.0,25.94,0.02088,0.92,0.0,0.05,1003.78,453.05,550.73,472.39,0.451
2859,119,27.0,25.53,0.02018,0.89,0.0,0.05,967.83,452.6,515.23,444.41,0.468
2860,119,26.0,25.22,0.02009,0.94,0.0,0.05,930.11,419.4,510.71,424.84,0.451
2861,119,26.0,25.22,0.02011,0.94,0.0,0.05,930.19,418.44,511.75,425.66,0.45
2862,119,26.0,25.22,0.02009,0.94,0.0,0.05,928.32,417.6,510.71,424.84,0.45
2863,119,26.0,25.22,0.02007,0.94,0.0,0.05,926.56,416.89,509.68,424.02,0.45
2864,119,26.5,25.45,0.02024,0.92,33.0,0.05,993.11,475.0,518.11,438.67,0.478
2865,119,29.0,26.0,0.0201,0.79,183.0,0.15,1444.31,859.48,584.83,532.0,0.595
2866,119,30.0,26.31,0.02022,0.75,351.0,0.15,1702.54,1111.12,591.42,555.3,0.653
2867,119,30.2,26.17,0.01988,0.73,495.0,0.15,1877.04,1304.59,572.45,543.59,0.695
2868,119,32.0,24.81,0.01684,0.56,601.0,0.15,1908.54,1504.85,403.69,439.78,0.788
2869,119,33.0,26.24,0.01882,0.59,653.0,0.15,2122.86,1608.9,513.96,546.75,0.758
2870,119,33.3,26.31,0.01886,0.58,654.0,0.15,2139.29,1623.47,515.83,553.66,0.759
2871,119,33.0,26.42,0.01919,0.6,602.0,0.15,2083.33,1548.98,534.36,563.22,0.744
2872,119,32.8,26.43,0.01932,0.61,500.0,0.05,1767.26,1295.48,471.78,503.02,0.733
2873,119,32.5,26.35,0.01932,0.62,357.0,0.05,1576.03,1103.9,472.13,498.49,0.7
2874,119,31.0,26.41,0.02004,0.7,190.0,0.05,1350.04,841.75,508.29,502.98,0.623
2875,119,29.2,26.03,0.02012,0.78,38.0,0.05,1100.24,587.89,512.34,477.35,0.534
2876,119,28.7,25.86,0.02005,0.8,0.0,0.05,1030.31,521.77,508.54,466.35,0.506
2877,119,28.3,25.78,0.02006,0.82,0.0,0.05,1016.52,507.5,509.02,460.33,0.499
2878,119,28.0,25.79,0.02019,0.84,0.0,0.05,1012.38,496.41,515.97,461.0,0.49
2879,119,27.9,25.84,0.02032,0.85,0.0,0.05,1014.17,491.86,522.31,464.4,0.485
2880,120,28.0,25.93,0.02044,0.85,0.0,0.05,1022.5,493.99,528.51,470.88,0.483
2881,120,28.1,26.03,0.02059,0.85,0.0,0.05,1032.14,496.33,535.81,478.24,0.481
2882,120,28.2,26.12,0.02071,0.85,0.0,0.05,1040.95,498.87,542.08,484.78,0.479
2883,120,28.2,26.27,0.02098,0.86,0.0,0.05,1054.17,498.29,555.89,495.67,0.473
2884,120,28.1,26.31,0.02111,0.87,0.0,0.05,1056.69,494.5,562.19,499.03,0.468
2885,120,28.0,26.36,0.02123,0.88,0.0,0.05,1059.1,490.72,568.38,502.31,0.463
2886,120,27.8,26.16,0.02098,0.88,0.0,0.05,1039.19,483.67,555.52,488.97,0.465
2887,120,28.2,26.27,0.02098,0.86,0.0,0.05,1052.13,496.24,555.89,495.67,0.472
2888,120,28.5,26.41,0.02109,0.85,28.0,0.525,1993.37,1060.94,932.44,800.81,0.532
2889,120,29.3,26.43,0.02078,0.8,169.0,1.0,3075.94,1802.24,1273.71,1098.14,0.586
2890,120,30.0,26.47,0.02054,0.76,338.0,1.0,3306.57,2055.63,1250.94,1102.24,0.622
2891,120,30.8,26.4,0.02006,0.71,485.0,1.0,3489.96,2286.33,1203.63,1087.98,0.655
2892,120,28.7,25.71,0.01977,0.79,494.0,1.0,3366.17,2190.74,1175.43,989.78,0.651
2893,120,26.6,24.87,0.01924,0.87,409.0,1.0,3097.09,1973.11,1123.98,870.9,0.637
2894,120,24.5,24.0,0.01872,0.96,246.0,1.0,2728.2,1654.15,1074.05,753.37,0.606
2895,120,25.2,24.18,0.01873,0.92,375.0,1.0,2927.58,1853.13,1074.45,778.09,0.633
2896,120,26.0,24.56,0.01903,0.89,410.0,1.0,3040.92,1937.49,1103.44,831.73,0.637
2897,120,26.7,24.69,0.01893,0.85,344.0,1.0,2982.44,1887.87,1094.56,848.2,0.633
2898,120,26.6,24.73,0.01905,0.86,175.0,1.0,2771.05,1665.44,1105.61,854.55,0.601
2899,120,26.6,24.87,0.01928,0.87,32.0,0.5,1735.29,953.83,781.46,625.8,0.55
2900,120,26.5,24.91,0.01937,0.88,0.0,0.05,908.47,434.16,474.3,404.14,0.478
2901,120,26.5,25.04,0.01959,0.89,0.0,0.05,919.5,433.73,485.77,413.18,0.472
2902,120,26.5,25.18,0.01982,0.9,0.0,0.05,930.6,433.36,497.24,422.22,0.466
2903,120,26.4,25.22,0.01993,0.91,0.0,0.05,932.34,429.76,502.57,424.83,0.461
2904,121,26.4,25.35,0.02013,0.92,0.0,0.05,942.37,429.42,512.95,433.0,0.456
2905,121,26.4,25.49,0.02036,0.93,0.0,0.05,953.49,429.13,524.36,442.0,0.45
2906,121,26.4,25.62,0.02058,0.94,0.0,0.05,964.66,428.88,535.78,451.0,0.445
2907,121,26.1,25.32,0.02021,0.94,0.0,0.05,935.75,418.82,516.93,431.34,0.448
2908,121,25.7,25.06,0.01996,0.95,0.0,0.05,909.56,405.32,504.24,414.93,0.446
2909,121,25.4,24.76,0.0196,0.95,0.0,0.05,880.79,394.9,485.89,395.66,0.448
2910,121,26.2,25.02,0.01969,0.91,0.0,0.05,910.85,420.47,490.39,412.02,0.462
2911,121,27.1,25.49,0.02007,0.88,0.0,0.05,959.44,449.9,509.54,441.52,0.469
2912,121,27.9,25.69,0.02007,0.84,28.0,0.525,1883.52,1026.06,857.45,721.44,0.545
2913,121,28.8,26.11,0.02041,0.81,169.0,1.0,3005.32,1767.81,1237.51,1048.52,0.588
2914,121,29.6,26.41,0.02056,0.78,338.0,1.0,3280.17,2027.22,1252.95,1090.11,0.618
2915,121,30.5,26.77,0.02083,0.75,483.0,1.0,3540.21,2261.32,1278.89,1144.52,0.639
2916,121,30.9,26.98,0.02106,0.74,589.0,1.0,3720.78,2419.93,1300.85,1177.99,0.65
2917,121,31.3,27.02,0.02096,0.72,644.0,1.0,3804.23,2513.09,1291.14,1183.27,0.661
2918,121,31.7,27.22,0.02117,0.71,644.0,1.0,3847.45,2535.69,1311.76,1215.54,0.659
2919,121,31.5,26.87,0.02064,0.7,591.0,1.0,3719.52,2459.33,1260.19,1162.68,0.661
2920,121,31.4,26.77,0.02052,0.7,488.0,1.0,3572.04,2323.6,1248.44,1148.75,0.65
2921,121,31.2,26.59,0.0203,0.7,343.0,1.0,3355.72,2128.57,1227.15,1122.84,0.634
2922,121,30.1,26.24,0.02012,0.74,175.0,1.0,3067.54,1857.29,1210.25,1069.51,0.605
2923,121,29.0,25.84,0.0199,0.78,31.0,0.5,1891.42,1064.54,826.88,724.33,0.563
2924,121,27.9,25.4,0.0196,0.82,0.0,0.05,977.83,491.86,485.97,435.75,0.503
2925,121,28.0,25.79,0.02019,0.84,0.0,0.05,1009.96,493.98,515.97,461.0,0.489
2926,121,27.5,25.31,0.01959,0.84,0.0,0.05,962.34,476.65,485.7,429.13,0.495
2927,121,27.0,25.11,0.01946,0.86,0.0,0.05,937.93,459.12,478.8,415.69,0.49
2928,122,26.9,25.16,0.01957,0.87,0.0,0.05,939.15,454.56,484.58,418.65,0.484
2929,122,26.7,25.1,0.01956,0.88,0.0,0.05,931.07,446.84,484.24,415.17,0.48
2930,122,26.6,25.14,0.01967,0.89,0.0,0.05,932.19,442.42,489.77,417.93,0.475
2931,122,26.7,25.24,0.01979,0.89,0.0,0.05,940.48,444.66,495.82,424.3,0.473
2932,122,26.9,25.3,0.01982,0.88,0.0,0.05,947.71,450.38,497.33,428.69,0.475
2933,122,27.0,25.39,0.01994,0.88,0.0,0.05,956.48,453.06,503.41,435.09,0.474
2934,122,26.9,25.3,0.01982,0.88,0.0,0.05,946.65,449.33,497.33,428.69,0.475
2935,122,26.7,25.24,0.01979,0.89,0.0,0.05,938.13,442.31,495.82,424.3,0.471
2936,122,26.6,25.14,0.01967,0.89,29.0,0.525,1805.09,977.01,828.07,663.28,0.541
2937,122,27.8,25.6,0.01993,0.84,169.0,1.0,2910.66,1719.31,1191.35,972.63,0.591
2938,122,29.1,26.09,0.02022,0.79,337.0,1.0,3222.12,2002.2,1219.93,1043.31,0.621
2939,122,30.3,26.59,0.02059,0.75,483.0,1.0,3507.52,2252.47,1255.05,1116.34,0.642
2940,122,31.0,26.58,0.02029,0.71,588.0,1.0,3651.7,2424.95,1226.75,1115.52,0.664
2941,122,31.6,26.62,0.02011,0.68,643.0,1.0,3736.8,2528.35,1208.46,1120.12,0.677
2942,122,32.3,26.54,0.0197,0.64,644.0,1.0,3736.31,2567.75,1168.56,1108.98,0.687
2943,122,31.7,26.88,0.02057,0.69,590.0,1.0,3723.61,2469.69,1253.92,1164.06,0.663
2944,122,31.2,27.09,0.02118,0.73,486.0,1.0,3624.48,2311.98,1312.5,1198.8,0.638
2945,122,30.6,27.34,0.02191,0.78,341.0,1.0,3480.01,2096.01,1384.0,1241.55,0.602
2946,122,30.1,26.87,0.02127,0.78,174.0,1.0,3178.23,1856.47,1321.76,1168.75,0.584
2947,122,29.6,26.4,0.02063,0.78,31.0,0.5,1969.51,1089.97,879.54,784.19,0.553
2948,122,29.1,25.94,0.02002,0.78,0.0,0.05,1039.28,531.95,507.34,471.8,0.512
2949,122,28.8,25.81,0.01991,0.79,0.0,0.05,1023.08,521.6,501.48,462.39,0.51
2950,122,28.4,25.58,0.01969,0.8,0.0,0.05,998.36,507.85,490.51,447.33,0.509
2951,122,28.1,25.45,0.01957,0.81,0.0,0.05,981.57,497.23,484.34,437.67,0.507
2952,123,28.0,25.5,0.0197,0.82,0.0,0.05,984.0,493.08,490.93,441.26,0.501
2953,123,27.8,25.6,0.01995,0.84,0.0,0.05,989.47,485.7,503.76,448.18,0.491
2954,123,27.7,25.64,0.02007,0.85,0.0,0.05,991.61,481.6,510.01,451.5,0.486
2955,123,27.4,25.78,0.02045,0.88,0.0,0.05,1000.14,470.98,529.17,461.79,0.471
2956,123,27.0,25.94,0.0209,0.92,0.0,0.05,1008.81,457.0,551.81,473.24,0.453
2957,123,26.7,26.05,0.02122,0.95,0.0,0.05,1013.86,446.17,567.69,480.95,0.44
2958,123,27.0,25.67,0.02043,0.9,0.0,0.05,983.08,454.97,528.11,454.56,0.463
2959,123,27.2,25.17,0.01948,0.85,0.0,0.05,940.67,460.81,479.85,419.72,0.49
2960,123,27.5,24.88,0.01887,0.81,29.0,0.525,1785.99,1017.12,768.87,635.52,0.57
2961,123,27.9,24.96,0.01884,0.79,170.0,1.0,2813.53,1728.15,1085.38,881.79,0.614
2962,123,28.4,25.13,0.01891,0.77,337.0,1.0,3060.17,1968.21,1091.96,905.05,0.643
2963,123,28.8,25.35,0.01913,0.76,483.0,1.0,3289.66,2176.47,1113.19,937.87,0.662
2964,123,29.7,25.39,0.01881,0.71,588.0,1.0,3440.82,2358.15,1082.67,942.04,0.685
2965,123,30.6,25.71,0.01898,0.68,643.0,1.0,3574.91,2476.18,1098.73,987.66,0.693
2966,123,31.5,26.01,0.0191,0.65,643.0,1.0,3634.63,2524.08,1110.55,1029.5,0.694
2967,123,29.8,25.8,0.01949,0.73,589.0,1.0,3517.85,2368.9,1148.95,1004.5,0.673
2968,123,28.0,25.64,0.01999,0.83,485.0,1.0,3339.82,2143.13,1196.7,984.35,0.642
2969,123,26.3,25.52,0.0205,0.94,340.0,1.0,3115.63,1868.73,1246.9,969.86,0.6
2970,123,26.5,25.31,0.02007,0.91,173.0,1.0,2868.07,1663.19,1204.87,939.42,0.58
2971,123,26.7,25.24,0.01985,0.89,31.0,0.5,1784.8,961.39,823.4,664.06,0.539
2972,123,26.9,25.16,0.01961,0.87,0.0,0.05,937.99,451.39,486.61,420.24,0.481
2973,123,27.0,25.53,0.0202,0.89,0.0,0.05,970.2,453.93,516.27,445.23,0.468
2974,123,27.2,25.86,0.02066,0.9,0.0,0.05,999.55,459.92,539.63,466.84,0.46
2975,123,27.3,26.23,0.02124,0.92,0.0,0.05,1031.82,462.83,568.99,491.59,0.449
2976,124,27.0,26.07,0.02109,0.93,0.0,0.05,1014.21,452.73,561.48,480.87,0.446
2977,124,26.7,26.05,0.0212,0.95,0.0,0.05,1009.07,442.47,566.59,480.09,0.438
2978,124,26.4,26.01,0.02126,0.97,0.0,0.05,1002.18,432.09,570.09,478.04,0.431
2979,124,26.3,25.78,0.02091,0.96,0.0,0.05,980.34,428.16,552.18,462.33,0.437
2980,124,26.1,25.45,0.02043,0.95,0.0,0.05,949.11,420.97,528.14,440.18,0.444
2981,124,26.0,25.36,0.02033,0.95,0.0,0.05,939.93,417.02,522.91,434.45,0.444
2982,124,26.1,25.45,0.02043,0.95,0.0,0.05,947.8,419.66,528.14,440.18,0.443
2983,124,26.2,25.55,0.02056,0.95,0.0,0.05,956.91,422.45,534.46,446.76,0.441
2984,124,26.3,25.65,0.02066,0.95,42.0,0.525,1878.91,977.73,901.18,718.19,0.52
2985,124,28.7,25.26,0.01901,0.76,169.0,1.0,2864.82,1762.72,1102.1,924.53,0.615
2986,124,30.1,26.08,0.0198,0.73,398.0,1.0,3309.0,2129.98,1179.02,1041.71,0.644
2987,124,31.6,27.13,0.021,0.71,630.0,1.0,3802.47,2506.95,1295.52,1197.61,0.659
2988,124,30.6,26.38,0.02011,0.72,721.0,1.0,3783.49,2574.71,1208.78,1085.6,0.681
2989,124,29.7,25.87,0.01961,0.74,724.0,1.0,3694.22,2533.78,1160.44,1011.25,0.686
2990,124,28.7,25.26,0.01901,0.76,642.0,1.0,3479.97,2377.87,1102.1,924.53,0.683
2991,124,28.8,25.35,0.01913,0.76,724.0,1.0,3601.53,2488.34,1113.19,937.87,0.691
2992,124,28.9,25.44,0.01924,0.76,663.0,1.0,3539.76,2415.44,1124.33,951.26,0.682
2993,124,29.0,25.38,0.01909,0.75,492.0,1.0,3311.48,2201.47,1110.01,942.0,0.665
2994,124,29.2,25.57,0.01932,0.75,257.0,1.0,3042.88,1910.6,1132.28,968.78,0.628
2995,124,29.3,25.5,0.01919,0.74,46.0,0.5,1866.25,1091.05,775.2,687.73,0.585
2996,124,29.4,25.59,0.01931,0.74,0.0,0.05,1007.89,536.72,471.17,448.1,0.533
2997,124,28.9,25.9,0.02003,0.79,0.0,0.05,1028.2,520.69,507.51,468.74,0.506
2998,124,28.4,26.17,0.02068,0.84,0.0,0.05,1045.09,504.29,540.8,486.97,0.483
2999,124,27.9,26.4,0.02129,0.89,0.0,0.05,1058.73,487.58,571.14,502.89,0.461
3000,125,27.6,26.39,0.02139,0.91,0.0,0.05,1053.55,477.17,576.38,502.21,0.453
3001,125,27.4,26.33,0.02137,0.92,0.0,0.05,1045.44,469.92,575.51,498.33,0.45
3002,125,27.1,26.31,0.02146,0.94,0.0,0.05,1039.26,459.37,579.89,496.98,0.442
3003,125,26.9,26.11,0.02122,0.94,0.0,0.05,1019.91,452.0,567.9,484.32,0.443
3004,125,26.6,25.68,0.02063,0.93,0.0,0.05,979.37,441.34,538.03,455.97,0.451
3005,125,26.4,25.49,0.02038,0.93,0.0,0.05,959.3,433.88,525.41,442.83,0.452
3006,125,26.2,25.29,0.02013,0.93,0.0,0.05,939.37,426.42,512.94,429.79,0.454
3007,125,26.0,25.09,0.01987,0.93,0.0,0.05,918.54,418.96,499.58,416.06,0.456
3008,125,25.8,25.03,0.01984,0.94,29.0,0.05,947.09,448.7,498.39,411.92,0.474
3009,125,26.6,25.28,0.0199,0.9,169.0,0.15,1332.79,759.15,573.63,479.79,0.57
3010,125,27.3,25.54,0.02005,0.87,336.0,0.15,1579.33,997.43,581.89,499.05,0.632
3011,125,28.1,25.74,0.02004,0.83,481.0,0.15,1792.98,1211.44,581.53,513.15,0.676
3012,125,29.2,26.18,0.02037,0.79,719.0,0.15,2155.03,1555.65,599.37,547.33,0.722
3013,125,30.3,26.59,0.02061,0.75,874.0,0.15,2406.69,1793.99,612.69,577.87,0.745
3014,125,31.4,26.94,0.0208,0.71,924.0,0.15,2521.52,1898.16,623.36,606.26,0.753
3015,125,30.8,26.4,0.02008,0.71,802.0,0.15,2306.38,1723.02,583.36,563.19,0.747
3016,125,30.2,25.68,0.01912,0.7,595.0,0.05,1787.14,1325.51,461.63,453.39,0.742
3017,125,29.6,25.14,0.01845,0.7,339.0,0.05,1406.34,978.41,427.93,417.22,0.696
3018,125,28.8,25.19,0.01889,0.75,172.0,0.05,1188.43,738.4,450.02,421.82,0.621
3019,125,28.0,25.2,0.01924,0.8,31.0,0.05,999.1,531.19,467.91,423.12,0.532
3020,125,27.2,25.31,0.01973,0.86,0.0,0.05,957.41,464.6,492.81,429.94,0.485
3021,125,26.8,25.06,0.01949,0.87,0.0,0.05,931.08,450.47,480.62,413.92,0.484
3022,125,26.5,25.04,0.01957,0.89,0.0,0.05,924.26,439.51,484.76,412.38,0.476
3023,125,26.1,24.93,0.01953,0.91,0.0,0.05,907.55,425.23,482.32,404.06,0.469
3024,126,25.9,24.73,0.01929,0.91,0.0,0.05,887.79,417.42,470.36,391.43,0.47
3025,126,25.7,24.67,0.01929,0.92,0.0,0.05,880.09,409.66,470.43,388.28,0.465
3026,126,25.5,24.6,0.01927,0.93,0.0,0.05,871.3,401.94,469.37,384.24,0.461
3027,126,25.4,24.63,0.01936,0.94,0.0,0.05,871.67,397.53,474.15,386.41,0.456
3028,126,25.4,24.76,0.0196,0.95,0.0,0.05,882.38,396.49,485.89,395.66,0.449
3029,126,25.3,24.79,0.01969,0.96,0.0,0.05,882.83,392.31,490.52,397.71,0.444
3030,126,25.5,24.99,0.01993,0.96,0.0,0.05,900.82,398.03,502.79,410.59,0.442
3031,126,25.6,25.09,0.02003,0.96,0.0,0.05,908.65,400.71,507.94,416.25,0.441
3032,126,25.8,25.29,0.02028,0.96,44.0,0.05,983.66,463.26,520.4,429.27,0.471
3033,126,27.4,25.78,0.02043,0.88,251.0,0.15,1491.19,888.12,603.06,517.93,0.596
3034,126,28.9,26.2,0.02051,0.81,493.0,0.15,1858.63,1251.48,607.15,548.21,0.673
3035,126,30.5,26.77,0.02083,0.75,693.0,0.15,2190.38,1565.27,625.11,591.49,0.715
3036,126,31.3,26.85,0.02066,0.71,844.0,0.15,2404.59,1789.16,615.43,598.06,0.744
3037,126,32.2,26.98,0.02053,0.67,922.0,0.15,2531.49,1923.06,608.43,608.6,0.76
3038,126,33.0,26.98,0.0202,0.63,923.0,0.15,2545.34,1954.94,590.41,608.45,0.768
3039,126,32.1,26.54,0.0198,0.65,801.0,0.15,2338.11,1770.02,568.09,574.25,0.757
3040,126,31.3,26.17,0.01952,0.67,593.0,0.05,1844.29,1362.49,481.8,486.9,0.739
3041,126,30.4,25.7,0.01908,0.69,338.0,0.05,1466.76,1007.04,459.72,455.08,0.687
3042,126,29.5,25.84,0.01971,0.75,171.0,0.05,1255.44,763.76,491.68,465.87,0.608
3043,126,28.5,25.67,0.01983,0.8,30.0,0.05,1047.44,549.92,497.51,454.45,0.525
3044,126,27.6,25.83,0.02046,0.87,0.0,0.05,1010.61,481.15,529.46,465.23,0.476
3045,126,27.6,25.83,0.02046,0.87,0.0,0.05,1009.39,479.93,529.46,465.23,0.475
3046,126,27.5,25.88,0.02056,0.88,0.0,0.05,1009.96,475.59,534.37,467.49,0.471
3047,126,27.5,26.01,0.0208,0.89,0.0,0.05,1021.17,474.61,546.56,477.1,0.465
3048,127,27.4,25.92,0.02067,0.89,0.0,0.05,1010.71,470.49,540.22,470.51,0.466
3049,127,27.3,25.96,0.02079,0.9,0.0,0.05,1012.39,466.42,545.97,473.44,0.461
3050,127,27.2,25.86,0.02066,0.9,0.0,0.05,1002.02,462.39,539.63,466.84,0.461
3051,127,27.0,25.94,0.0209,0.92,0.0,0.05,1006.93,455.12,551.81,473.24,0.452
3052,127,26.7,25.91,0.02099,0.94,0.0,0.05,1000.58,444.55,556.03,471.77,0.444
3053,127,26.5,25.98,0.02121,0.96,0.0,0.05,1004.5,437.16,567.34,477.47,0.435
3054,127,26.6,25.95,0.02109,0.95,0.0,0.05,1000.79,439.61,561.19,474.23,0.439
3055,127,26.7,25.78,0.02076,0.93,0.0,0.05,986.61,442.23,544.38,462.58,0.448
3056,127,26.8,25.74,0.02063,0.92,29.0,0.525,1884.0,985.38,898.62,728.7,0.523
3057,127,28.3,26.22,0.02081,0.85,190.0,1.0,3049.3,1772.11,1277.19,1066.43,0.581
3058,127,29.9,26.84,0.02123,0.79,412.0,1.0,3458.1,2140.05,1318.05,1158.49,0.619
3059,127,31.4,27.28,0.02138,0.73,626.0,1.0,3826.08,2493.48,1332.6,1223.65,0.652
3060,127,31.8,27.31,0.02127,0.71,716.0,1.0,3953.56,2631.81,1321.75,1227.91,0.666
3061,127,32.2,27.33,0.02116,0.69,718.0,1.0,3968.44,2657.21,1311.23,1232.47,0.67
3062,127,32.6,27.17,0.02071,0.66,636.0,1.0,3842.12,2574.81,1267.31,1207.3,0.67
3063,127,29.8,26.12,0.02005,0.75,583.0,1.0,3566.99,2364.44,1202.55,1052.21,0.663
3064,127,26.9,25.02,0.0194,0.86,481.0,1.0,3223.65,2084.03,1139.63,895.27,0.646
3065,127,24.1,23.85,0.0187,0.98,337.0,1.0,2824.57,1753.08,1071.49,737.16,0.621
3066,127,24.4,24.15,0.01905,0.98,171.0,1.0,2657.88,1552.39,1105.49,777.87,0.584
3067,127,24.8,24.55,0.0195,0.98,30.0,0.5,1677.54,879.67,797.87,594.95,0.524
3068,127,25.1,24.85,0.01987,0.98,0.0,0.05,889.61,390.12,499.5,401.59,0.439
3069,127,25.0,24.37,0.0191,0.95,0.0,0.05,846.18,385.28,460.9,369.56,0.455
3070,127,24.9,24.01,0.01857,0.93,0.0,0.05,814.8,380.59,434.2,346.92,0.467
3071,127,24.8,23.66,0.01803,0.91,0.0,0.05,782.94,376.04,406.9,323.8,0.48
3072,128,25.0,24.11,0.01867,0.93,0.0,0.05,820.45,381.43,439.02,352.32,0.465
3073,128,25.1,24.34,0.01901,0.94,0.0,0.05,840.14,383.83,456.32,367.55,0.457
3074,128,25.3,24.79,0.01967,0.96,0.0,0.05,879.19,389.69,489.5,396.91,0.443
3075,128,25.1,24.6,0.01943,0.96,0.0,0.05,860.02,382.64,477.38,384.15,0.445
3076,128,25.0,24.5,0.01933,0.96,0.0,0.05,851.19,378.82,472.37,378.6,0.445
3077,128,24.8,24.3,0.01909,0.96,0.0,0.05,832.16,371.73,460.43,365.99,0.447
3078,128,24.9,24.4,0.01919,0.96,0.0,0.05,839.82,374.43,465.39,371.5,0.446
3079,128,25.1,24.47,0.01922,0.95,0.0,0.05,847.39,380.55,466.84,375.85,0.449
3080,128,25.2,24.44,0.01913,0.94,29.0,0.525,1696.71,908.92,787.79,593.26,0.536
3081,128,26.9,25.02,0.01934,0.86,169.0,1.0,2798.06,1664.21,1133.85,890.12,0.595
3082,128,28.5,25.53,0.01951,0.79,334.0,1.0,3109.95,1959.34,1150.6,960.73,0.63
3083,128,30.2,26.01,0.01962,0.72,478.0,1.0,3394.7,2233.57,1161.13,1029.27,0.658
3084,128,30.4,25.87,0.01928,0.7,487.0,1.0,3386.59,2258.04,1128.55,1007.23,0.667
3085,128,30.6,25.71,0.01896,0.68,402.0,1.0,3258.55,2161.71,1096.84,985.98,0.663
3086,128,30.7,25.46,0.01851,0.66,242.0,1.0,3017.24,1963.82,1053.42,950.81,0.651
3087,128,28.9,24.98,0.01846,0.73,221.0,1.0,2894.23,1845.94,1048.29,883.59,0.638
3088,128,27.1,24.35,0.01822,0.8,182.0,1.0,2729.11,1703.59,1025.53,800.68,0.624
3089,128,25.2,23.78,0.01812,0.89,128.0,1.0,2550.79,1535.64,1015.15,725.31,0.602
3090,128,25.0,23.85,0.01831,0.91,65.0,1.0,2476.71,1442.77,1033.94,735.07,0.583
3091,128,24.7,23.82,0.01837,0.93,11.0,0.5,1562.74,847.51,715.22,521.98,0.542
3092,128,24.5,23.88,0.01854,0.95,0.0,0.05,799.88,367.25,432.63,339.27,0.459
3093,128,24.6,23.97,0.01864,0.95,0.0,0.05,806.49,369.03,437.45,344.68,0.458
3094,128,24.7,24.2,0.01896,0.96,0.0,0.05,824.62,371.08,453.54,358.96,0.45
3095,128,24.8,24.3,0.01907,0.96,0.0,0.05,832.81,373.36,459.45,365.22,0.448
3096,129,24.9,24.27,0.01898,0.95,0.0,0.05,830.83,375.84,454.99,363.3,0.452
3097,129,25.0,24.11,0.01871,0.93,0.0,0.05,819.43,378.49,440.95,353.84,0.462
3098,129,25.1,24.08,0.01861,0.92,0.0,0.05,817.52,381.28,436.24,351.73,0.466
3099,129,25.1,24.21,0.01882,0.93,0.0,0.05,827.69,380.93,446.77,360.02,0.46
3100,129,25.2,24.57,0.01938,0.95,0.0,0.05,858.72,383.9,474.82,383.74,0.447
3101,129,25.2,24.69,0.01959,0.96,0.0,0.05,869.14,383.69,485.45,392.11,0.441
3102,129,25.3,24.79,0.01971,0.96,0.0,0.05,878.34,386.8,491.54,398.52,0.44
3103,129,25.3,24.79,0.01971,0.96,0.0,0.05,878.25,386.71,491.54,398.52,0.44
3104,129,25.4,24.89,0.01981,0.96,38.0,0.525,1766.8,928.68,838.12,641.39,0.526
3105,129,27.2,25.45,0.01997,0.87,221.0,1.0,2941.6,1746.33,1195.27,955.23,0.594
3106,129,28.9,25.75,0.01976,0.78,437.0,1.0,3287.36,2112.23,1175.12,996.47,0.643
3107,129,30.7,26.3,0.01994,0.71,625.0,1.0,3640.46,2448.29,1192.16,1074.29,0.673
3108,129,31.0,26.07,0.01943,0.68,715.0,1.0,3724.79,2582.09,1142.71,1040.72,0.693
3109,129,31.3,25.83,0.0189,0.65,717.0,1.0,3693.59,2602.8,1090.79,1004.96,0.705
3110,129,31.6,25.74,0.01862,0.63,635.0,1.0,3579.71,2515.59,1064.12,991.66,0.703
3111,129,31.1,25.82,0.01899,0.66,582.0,1.0,3524.18,2424.14,1100.04,1006.22,0.688
3112,129,30.6,26.04,0.01961,0.7,478.0,1.0,3427.21,2266.65,1160.57,1042.69,0.661
3113,129,30.1,26.24,0.02019,0.74,335.0,1.0,3274.88,2058.59,1216.29,1074.88,0.629
3114,129,29.6,26.25,0.0204,0.77,170.0,1.0,3058.46,1821.83,1236.63,1075.58,0.596
3115,129,29.2,26.18,0.02043,0.79,30.0,0.5,1933.63,1068.49,865.14,761.94,0.553
3116,129,28.7,26.01,0.02035,0.81,0.0,0.05,1039.25,515.54,523.71,478.31,0.496
3117,129,28.6,25.77,0.01995,0.8,0.0,0.05,1015.48,511.95,503.53,460.8,0.504
3118,129,28.6,25.47,0.01941,0.78,0.0,0.05,988.18,511.62,476.56,439.54,0.518
3119,129,28.6,25.47,0.01941,0.78,0.0,0.05,987.9,511.34,476.56,439.54,0.518
3120,130,28.4,25.58,0.01969,0.8,0.0,0.05,995.04,504.53,490.51,447.33,0.507
3121,130,28.3,25.78,0.02008,0.82,0.0,0.05,1010.98,500.91,510.06,461.15,0.495
3122,130,28.1,25.88,0.02036,0.84,0.0,0.05,1018.23,494.0,524.23,469.11,0.485
3123,130,27.8,25.88,0.02048,0.86,0.0,0.05,1014.39,483.73,530.66,469.37,0.477
3124,130,27.5,26.01,0.02086,0.89,0.0,0.05,1023.12,473.33,549.8,479.66,0.463
3125,130,27.2,26.13,0.0212,0.92,0.0,0.05,1029.71,462.82,566.9,488.33,0.449
3126,130,27.2,26.13,0.0212,0.92,0.0,0.05,1028.95,462.05,566.9,488.33,0.449
3127,130,27.3,26.23,0.02131,0.92,0.0,0.05,1036.97,464.67,572.3,494.19,0.448
3128,130,27.3,26.23,0.02131,0.92,38.0,0.525,1969.59,1020.79,948.8,784.32,0.518
3129,130,27.9,25.98,0.02059,0.86,207.0,1.0,3031.08,1775.97,1255.11,1032.85,0.586
3130,130,28.6,25.77,0.01991,0.8,376.0,1.0,3217.78,2028.87,1188.91,998.3,0.631
3131,130,29.2,25.41,0.01904,0.74,477.0,1.0,3294.38,2189.81,1104.57,944.12,0.665
3132,130,28.4,25.13,0.01891,0.77,580.0,1.0,3373.35,2281.39,1091.96,905.05,0.676
3133,130,27.6,24.97,0.01901,0.81,633.0,1.0,3409.67,2308.24,1101.43,885.64,0.677
3134,130,26.8,24.64,0.01882,0.84,634.0,1.0,3351.18,2267.87,1083.31,841.66,0.677
3135,130,27.7,24.77,0.01865,0.79,581.0,1.0,3312.69,2245.51,1067.18,858.63,0.678
3136,130,28.5,24.92,0.01857,0.75,478.0,1.0,3213.59,2154.53,1059.06,879.26,0.67
3137,130,29.4,24.95,0.01827,0.7,335.0,1.0,3047.69,2017.91,1029.78,884.52,0.662
3138,130,28.6,25.16,0.01894,0.76,170.0,1.0,2860.71,1765.86,1094.85,914.59,0.617
3139,130,27.8,25.16,0.01928,0.81,30.0,0.5,1787.04,1005.7,781.34,655.6,0.563
3140,130,27.0,25.25,0.01975,0.87,0.0,0.05,948.75,455.1,493.65,427.4,0.48
3141,130,26.9,25.29,0.01986,0.88,0.0,0.05,950.46,451.08,499.38,430.31,0.475
3142,130,26.8,25.34,0.01995,0.89,0.0,0.05,951.08,447.11,503.97,432.33,0.47
3143,130,26.7,25.37,0.02004,0.9,0.0,0.05,951.61,443.16,508.45,434.26,0.466
3144,131,26.5,25.45,0.02028,0.92,0.0,0.05,956.17,435.97,520.21,440.32,0.456
3145,131,26.2,25.42,0.02036,0.94,0.0,0.05,949.68,425.45,524.23,438.69,0.448
3146,131,26.0,25.49,0.02057,0.96,0.0,0.05,953.26,418.12,535.14,444.09,0.439
3147,131,25.8,25.29,0.02032,0.96,0.0,0.05,933.28,410.77,522.51,430.93,0.44
3148,131,25.6,24.96,0.01986,0.95,0.0,0.05,902.52,403.4,499.12,409.29,0.447
3149,131,25.4,24.76,0.01964,0.95,0.0,0.05,883.94,396.02,487.92,397.26,0.448
3150,131,25.6,24.96,0.01986,0.95,0.0,0.05,900.87,401.75,499.12,409.29,0.446
3151,131,25.9,25.13,0.02001,0.94,0.0,0.05,917.6,410.99,506.6,420.0,0.448
3152,131,26.1,25.32,0.02025,0.94,29.0,0.525,1821.9,951.03,870.87,687.18,0.522
3153,131,31.3,26.17,0.01952,0.67,168.0,1.0,3045.15,1894.11,1151.04,1058.58,0.622
3154,131,30.9,26.49,0.02022,0.71,332.0,1.0,3306.12,2086.93,1219.19,1105.31,0.631
3155,131,30.5,26.77,0.02087,0.75,475.0,1.0,3535.19,2252.15,1283.05,1148.22,0.637
3156,131,30.8,26.56,0.02037,0.72,578.0,1.0,3635.62,2401.6,1234.02,1115.03,0.661
3157,131,31.0,26.41,0.02004,0.7,631.0,1.0,3683.75,2481.69,1202.06,1093.54,0.674
3158,131,31.3,26.17,0.01952,0.67,632.0,1.0,3651.16,2500.12,1151.04,1058.58,0.685
3159,131,31.3,26.17,0.01952,0.67,579.0,1.0,3584.81,2433.77,1151.04,1058.58,0.679
3160,131,31.4,26.26,0.01965,0.67,476.0,1.0,3472.38,2308.21,1164.17,1073.74,0.665
3161,131,31.4,26.26,0.01967,0.67,334.0,1.0,3293.48,2127.35,1166.13,1075.49,0.646
3162,131,30.8,26.06,0.01955,0.69,169.0,1.0,3040.6,1885.84,1154.76,1044.48,0.62
3163,131,30.2,26.01,0.01972,0.72,30.0,0.5,1927.53,1113.86,813.67,742.96,0.578
3164,131,29.6,25.78,0.01958,0.74,0.0,0.05,1033.71,548.85,484.86,462.09,0.531
3165,131,29.2,26.03,0.02016,0.78,0.0,0.05,1049.9,535.47,514.43,479.0,0.51
3166,131,28.9,26.2,0.02057,0.81,0.0,0.05,1060.17,525.15,535.02,490.43,0.495
3167,131,28.5,26.41,0.02109,0.85,0.0,0.05,1072.54,511.43,561.11,504.59,0.477
3168,132,28.3,26.22,0.02083,0.85,0.0,0.05,1052.49,504.1,548.39,491.36,0.479
3169,132,28.0,25.93,0.02046,0.85,0.0,0.05,1023.04,493.47,529.57,471.72,0.482
3170,132,27.8,25.74,0.02024,0.85,0.0,0.05,1004.29,486.05,518.24,459.59,0.484
3171,132,28.0,25.79,0.02023,0.84,0.0,0.05,1009.8,491.74,518.07,462.65,0.487
3172,132,27.8,25.88,0.02048,0.86,0.0,0.05,1015.2,484.54,530.66,469.37,0.477
3173,132,27.7,25.93,0.02063,0.87,0.0,0.05,1018.45,480.6,537.86,473.45,0.472
3174,132,27.9,25.98,0.02063,0.86,0.0,0.05,1024.5,486.52,537.98,476.75,0.475
3175,132,28.1,26.17,0.02086,0.86,0.0,0.05,1042.18,492.65,549.53,489.05,0.473
3176,132,28.3,26.22,0.02086,0.85,38.0,0.05,1097.18,547.71,549.47,492.21,0.499
3177,132,29.1,26.69,0.02135,0.83,206.0,0.15,1553.67,899.84,653.83,589.48,0.579
3178,132,29.8,27.05,0.02168,0.81,374.0,0.15,1812.44,1140.11,672.33,617.0,0.629
3179,132,30.6,27.5,0.02216,0.79,473.0,0.15,1994.34,1295.73,698.61,652.6,0.65
3180,132,30.6,27.34,0.02187,0.78,575.0,0.15,2110.27,1427.75,682.52,639.62,0.677
3181,132,30.7,27.28,0.02173,0.77,629.0,0.15,2176.31,1501.52,674.78,635.17,0.69
3182,132,30.7,27.12,0.02144,0.76,629.0,0.15,2161.08,1502.47,658.61,622.12,0.695
3183,132,30.3,26.9,0.02124,0.77,576.0,0.15,2069.2,1421.4,647.8,606.2,0.687
3184,132,29.8,26.75,0.02117,0.79,474.0,0.05,1727.23,1161.76,565.47,528.83,0.673
3185,132,29.4,26.52,0.02097,0.8,332.0,0.05,1521.63,966.58,555.04,514.21,0.635
3186,132,29.1,26.54,0.02113,0.82,168.0,0.05,1309.33,746.2,563.13,515.78,0.57
3187,132,28.9,26.65,0.0214,0.84,30.0,0.05,1139.32,562.29,577.04,523.54,0.494
3188,132,28.6,26.5,0.02128,0.85,0.0,0.05,1084.39,513.55,570.84,513.85,0.474
3189,132,28.1,26.45,0.02138,0.88,0.0,0.05,1072.57,496.6,575.97,509.9,0.463
3190,132,27.6,26.39,0.02145,0.91,0.0,0.05,1059.13,479.42,579.71,504.84,0.453
3191,132,27.1,26.31,0.02152,0.94,0.0,0.05,1045.26,462.03,583.23,499.61,0.442
3192,133,26.9,26.11,0.02126,0.94,0.0,0.05,1024.41,454.3,570.11,486.06,0.443
3193,133,26.8,26.01,0.02114,0.94,0.0,0.05,1013.48,449.89,563.6,479.33,0.444
3194,133,26.6,25.81,0.02088,0.94,0.0,0.05,992.97,442.29,550.68,465.95,0.445
3195,133,26.5,25.72,0.02075,0.94,0.0,0.05,982.26,437.98,544.28,459.3,0.446
3196,133,26.3,25.52,0.0205,0.94,0.0,0.05,962.06,430.47,531.58,446.09,0.447
3197,133,26.2,25.42,0.0204,0.94,0.0,0.05,952.59,426.25,526.34,440.36,0.447
3198,133,26.5,25.85,0.02098,0.95,0.0,0.05,991.02,435.22,555.81,468.38,0.439
3199,133,26.7,26.05,0.02124,0.95,0.0,0.05,1010.0,441.21,568.79,481.82,0.437
3200,133,27.0,26.34,0.02163,0.95,42.0,0.05,1093.1,504.55,588.54,502.19,0.462
3201,133,27.7,26.49,0.02159,0.91,236.0,0.15,1550.85,883.94,666.91,574.85,0.57
3202,133,28.4,26.46,0.02124,0.86,452.0,0.15,1833.31,1185.68,647.63,571.88,0.647
3203,133,29.1,26.54,0.02108,0.82,619.0,0.15,2064.05,1424.96,639.09,577.59,0.69
3204,133,29.8,26.59,0.02087,0.78,707.0,0.15,2190.76,1563.24,627.53,580.84,0.714
3205,133,30.5,26.77,0.0209,0.75,709.0,0.15,2220.16,1591.5,628.67,594.36,0.717
3206,133,31.2,26.76,0.02058,0.71,628.0,0.15,2124.6,1513.54,611.05,592.73,0.712
3207,133,30.8,26.56,0.02041,0.72,576.0,0.15,2036.61,1434.74,601.86,578.12,0.704
3208,133,30.4,26.19,0.01996,0.72,474.0,0.05,1682.24,1178.26,503.98,489.97,0.7
3209,133,30.0,25.98,0.01979,0.73,332.0,0.05,1479.42,983.88,495.53,476.91,0.665
3210,133,29.4,26.06,0.02015,0.77,168.0,0.05,1268.42,754.36,514.06,481.91,0.595
3211,133,28.8,26.11,0.02047,0.81,30.0,0.05,1087.63,557.74,529.88,484.78,0.513
3212,133,28.2,26.12,0.02075,0.85,0.0,0.05,1043.5,499.27,544.23,486.48,0.478
3213,133,28.1,26.17,0.02086,0.86,0.0,0.05,1044.88,495.35,549.53,489.05,0.474
3214,133,28.1,26.31,0.02109,0.87,0.0,0.05,1055.83,494.74,561.1,498.17,0.469
3215,133,28.0,26.36,0.02121,0.88,0.0,0.05,1058.21,490.93,567.28,501.44,0.464
3216,134,27.8,26.31,0.0212,0.89,0.0,0.05,1050.71,483.85,566.87,497.92,0.46
3217,134,27.7,26.21,0.02107,0.89,0.0,0.05,1040.41,479.99,560.42,491.23,0.461
3218,134,27.5,26.15,0.02106,0.9,0.0,0.05,1032.72,472.87,559.85,487.58,0.458
3219,134,27.6,26.11,0.02097,0.89,0.0,0.05,1030.64,475.55,555.1,485.44,0.461
3220,134,27.6,26.11,0.02097,0.89,0.0,0.05,1030.18,475.08,555.1,485.44,0.461
3221,134,27.7,26.07,0.02085,0.88,0.0,0.05,1027.11,477.96,549.15,482.35,0.465
3222,134,27.6,26.25,0.02121,0.9,0.0,0.05,1041.8,474.4,567.4,495.13,0.455
3223,134,27.4,26.19,0.02117,0.91,0.0,0.05,1033.11,467.53,565.57,490.49,0.453
3224,134,27.3,26.23,0.02129,0.92,29.0,0.525,1956.13,1008.94,947.18,782.93,0.516
3225,134,28.4,26.31,0.02096,0.85,218.0,1.0,3107.1,1815.63,1291.48,1082.63,0.584
3226,134,29.4,26.22,0.02034,0.78,478.0,1.0,3432.37,2201.07,1231.3,1063.88,0.641
3227,134,30.5,26.29,0.01999,0.72,708.0,1.0,3751.04,2553.78,1197.26,1071.87,0.681
3228,134,30.3,26.43,0.02032,0.74,830.0,1.0,3930.94,2701.42,1229.52,1093.61,0.687
3229,134,30.1,26.56,0.02067,0.76,821.0,1.0,3943.54,2680.71,1262.83,1116.3,0.68
3230,134,29.9,26.69,0.02098,0.78,627.0,1.0,3715.54,2422.41,1293.13,1136.31,0.652
3231,134,29.5,26.46,0.02078,0.79,574.0,1.0,3608.03,2334.42,1273.62,1105.02,0.647
3232,134,29.2,26.18,0.02041,0.79,473.0,1.0,3427.47,2189.68,1237.79,1062.69,0.639
3233,134,28.8,25.96,0.02021,0.8,331.0,1.0,3205.22,1986.96,1218.26,1031.39,0.62
3234,134,28.2,25.69,0.02,0.82,168.0,1.0,2944.48,1746.72,1197.75,992.25,0.593
3235,134,27.7,25.5,0.01987,0.84,30.0,0.5,1829.44,1004.79,824.65,690.04,0.549
3236,134,27.1,25.21,0.01963,0.86,0.0,0.05,948.95,461.14,487.81,424.4,0.486
3237,134,27.1,25.35,0.01985,0.87,0.0,0.05,958.78,460.09,498.68,432.96,0.48
3238,134,27.2,25.45,0.01997,0.87,0.0,0.05,967.24,462.47,504.77,439.36,0.478
3239,134,27.2,25.45,0.01995,0.87,0.0,0.05,965.49,461.75,503.74,438.55,0.478
3240,135,27.1,25.63,0.0203,0.89,0.0,0.05,979.28,457.85,521.43,450.89,0.468
3241,135,26.9,25.71,0.02052,0.91,0.0,0.05,983.27,450.69,532.58,456.48,0.458
3242,135,26.8,25.88,0.02086,0.93,0.0,0.05,996.47,446.77,549.7,468.37,0.448
3243,135,26.6,25.81,0.02086,0.94,0.0,0.05,989.19,439.59,549.6,465.1,0.444
3244,135,26.3,25.65,0.02071,0.95,0.0,0.05,970.98,429.09,541.89,454.21,0.442
3245,135,26.1,25.58,0.02068,0.96,0.0,0.05,962.21,421.78,540.43,449.86,0.438
3246,135,26.4,25.75,0.02083,0.95,0.0,0.05,979.13,430.84,548.29,460.86,0.44
3247,135,26.7,25.91,0.02099,0.94,0.0,0.05,996.23,440.2,556.03,471.77,0.442
3248,135,27.0,26.07,0.02114,0.93,29.0,0.525,1928.25,992.07,936.18,765.9,0.514
3249,135,27.1,25.76,0.02056,0.9,166.0,1.0,2930.31,1678.01,1252.3,1002.51,0.573
3250,135,27.2,25.45,0.01997,0.87,330.0,1.0,3088.86,1893.59,1195.27,955.23,0.613
3251,135,27.2,25.16,0.0195,0.85,472.0,1.0,3225.07,2075.84,1149.24,914.26,0.644
3252,135,27.3,24.83,0.0189,0.82,574.0,1.0,3303.3,2211.93,1091.38,866.25,0.67
3253,135,27.4,24.64,0.01854,0.8,627.0,1.0,3341.28,2285.21,1056.07,838.3,0.684
3254,135,27.5,24.29,0.01795,0.77,628.0,1.0,3290.63,2291.84,998.79,790.8,0.696
3255,135,28.5,24.92,0.01855,0.75,575.0,1.0,3332.9,2275.68,1057.22,877.61,0.683
3256,135,29.4,25.27,0.01879,0.72,473.0,1.0,3272.28,2192.1,1080.19,929.38,0.67
3257,135,30.4,25.86,0.01936,0.7,331.0,1.0,3199.07,2062.82,1136.25,1014.08,0.645
3258,135,30.2,26.17,0.01998,0.73,219.0,1.0,3106.97,1910.55,1196.42,1060.68,0.615
3259,135,29.9,26.21,0.02017,0.75,43.0,0.5,1956.29,1110.33,845.96,763.02,0.568
3260,135,29.7,26.5,0.02075,0.78,0.0,0.05,1089.44,545.3,544.14,510.42,0.501
3261,135,29.6,26.56,0.02088,0.79,0.0,0.05,1093.39,542.74,550.65,513.95,0.496
3262,135,29.5,26.62,0.02101,0.8,0.0,0.05,1097.04,540.03,557.01,517.36,0.492
3263,135,29.4,26.83,0.0214,0.82,0.0,0.05,1114.04,537.18,576.86,531.41,0.482
3264,136,29.2,26.79,0.02143,0.83,0.0,0.05,1109.53,530.92,578.61,529.58,0.479
3265,136,29.1,26.84,0.02157,0.84,0.0,0.05,1113.35,527.78,585.57,533.47,0.474
3266,136,28.9,26.94,0.02184,0.86,0.0,0.05,1120.41,521.28,599.12,540.95,0.465
3267,136,28.5,26.84,0.02183,0.88,0.0,0.05,1106.97,508.09,598.88,534.36,0.459
3268,136,28.0,26.64,0.02169,0.9,0.0,0.05,1082.72,491.37,591.34,520.41,0.454
3269,136,27.6,26.53,0.02168,0.92,0.0,0.05,1068.57,477.67,590.9,513.66,0.447
3270,136,28.1,26.46,0.02132,0.88,0.0,0.05,1065.97,493.32,572.65,507.28,0.463
3271,136,28.5,26.41,0.02106,0.85,0.0,0.05,1066.13,506.11,560.02,503.73,0.475
3272,136,29.0,26.45,0.02089,0.82,44.0,0.525,2020.91,1102.77,918.14,801.29,0.546
3273,136,29.8,26.75,0.02109,0.79,247.0,1.0,3232.29,1928.58,1303.71,1142.24,0.597
3274,136,30.7,27.12,0.02137,0.76,483.0,1.0,3609.72,2278.48,1331.25,1198.08,0.631
3275,136,31.5,27.37,0.02149,0.73,679.0,1.0,3915.09,2572.37,1342.72,1236.14,0.657
3276,136,30.7,26.96,0.02108,0.75,782.0,1.0,3967.72,2664.73,1302.98,1172.92,0.672
3277,136,29.8,26.44,0.02056,0.77,768.0,1.0,3853.29,2601.16,1252.14,1096.34,0.675
3278,136,29.0,26.15,0.02039,0.8,624.0,1.0,3611.11,2375.32,1235.8,1053.95,0.658
3279,136,29.2,26.03,0.02012,0.78,704.0,1.0,3697.74,2487.89,1209.86,1037.83,0.673
3280,136,29.3,25.97,0.01997,0.77,645.0,1.0,3612.7,2417.18,1195.52,1028.55,0.669
3281,136,29.5,25.84,0.01969,0.75,477.0,1.0,3380.0,2211.9,1168.1,1011.11,0.654
3282,136,29.2,26.03,0.02014,0.78,248.0,1.0,3114.58,1902.71,1211.86,1039.62,0.611
3283,136,28.8,26.26,0.02069,0.82,45.0,0.5,1955.92,1072.07,883.85,767.93,0.548
3284,136,28.5,26.41,0.02109,0.85,0.0,0.05,1070.72,509.61,561.11,504.59,0.476
3285,136,28.7,26.46,0.02108,0.84,0.0,0.05,1076.52,515.65,560.87,507.59,0.479
3286,136,29.0,26.45,0.02091,0.82,0.0,0.05,1077.59,525.17,552.42,505.74,0.487
3287,136,29.2,26.49,0.0209,0.81,0.0,0.05,1083.29,531.64,551.65,508.34,0.491
3288,137,29.0,26.45,0.02091,0.82,0.0,0.05,1077.54,525.12,552.42,505.74,0.487
3289,137,28.8,26.4,0.02093,0.83,0.0,0.05,1071.48,518.48,553.01,503.0,0.484
3290,137,28.6,26.36,0.02093,0.84,0.0,0.05,1065.13,511.72,553.41,500.12,0.48
3291,137,28.1,26.03,0.02056,0.85,0.0,0.05,1029.76,495.02,534.74,477.4,0.481
3292,137,27.5,25.45,0.01985,0.85,0.0,0.05,973.64,474.76,498.88,439.52,0.488
3293,137,27.0,25.11,0.0195,0.86,0.0,0.05,938.31,457.5,480.82,417.28,0.488
3294,137,27.4,25.5,0.01997,0.86,0.0,0.05,974.5,469.56,504.94,442.7,0.482
3295,137,27.7,25.93,0.02058,0.87,0.0,0.05,1014.46,478.74,535.72,471.76,0.472
3296,137,28.1,26.31,0.02106,0.87,29.0,0.525,1974.89,1044.07,930.81,789.26,0.529
3297,137,29.1,26.54,0.02104,0.82,166.0,1.0,3085.94,1786.73,1299.22,1113.88,0.579
3298,137,30.0,26.62,0.0208,0.77,328.0,1.0,3317.54,2041.52,1276.03,1124.57,0.615
3299,137,31.0,26.91,0.02086,0.73,469.0,1.0,3557.14,2275.02,1282.12,1164.8,0.64
3300,137,30.0,26.62,0.0208,0.77,570.0,1.0,3630.51,2354.48,1276.03,1124.57,0.649
3301,137,28.9,26.2,0.02053,0.81,623.0,1.0,3615.81,2366.39,1249.42,1062.6,0.654
3302,137,27.9,25.84,0.02032,0.85,623.0,1.0,3543.74,2314.69,1229.04,1009.66,0.653
3303,137,28.3,25.78,0.02008,0.82,571.0,1.0,3473.39,2267.93,1205.46,1002.59,0.653
3304,137,28.6,25.62,0.01967,0.79,470.0,1.0,3319.41,2153.5,1165.91,977.83,0.649
3305,137,29.0,25.69,0.01964,0.77,329.0,1.0,3156.19,1993.16,1163.03,989.19,0.632
3306,137,28.0,26.5,0.02146,0.89,154.0,1.0,3057.1,1717.23,1339.87,1111.78,0.562
3307,137,27.7,25.64,0.0201,0.85,25.0,0.5,1838.09,997.21,840.89,703.89,0.543
3308,137,27.4,25.78,0.02043,0.88,0.0,0.05,998.07,469.96,528.11,460.96,0.471
3309,137,27.0,25.8,0.02065,0.91,0.0,0.05,995.01,456.12,538.89,463.05,0.458
3310,137,26.7,25.91,0.02094,0.94,0.0,0.05,999.27,445.41,553.86,470.05,0.446
3311,137,26.4,26.01,0.02122,0.97,0.0,0.05,1002.52,434.63,567.89,476.31,0.434
3312,138,26.3,25.91,0.02111,0.97,0.0,0.05,992.81,430.35,562.46,470.43,0.433
3313,138,26.3,26.04,0.02136,0.98,0.0,0.05,1004.36,429.42,574.93,480.26,0.428
3314,138,26.2,25.94,0.02123,0.98,0.0,0.05,993.71,425.34,568.36,473.48,0.428
3315,138,26.4,26.01,0.02126,0.97,0.0,0.05,1001.24,431.15,570.09,478.04,0.431
3316,138,26.5,26.11,0.02142,0.97,0.0,0.05,1011.67,433.9,577.77,485.69,0.429
3317,138,26.7,26.18,0.02145,0.96,0.0,0.05,1019.43,440.07,579.36,490.15,0.432
3318,138,26.9,26.38,0.02171,0.96,0.0,0.05,1039.04,446.42,592.62,503.81,0.43
3319,138,27.0,26.47,0.02184,0.96,0.0,0.05,1048.95,449.64,599.31,510.68,0.429
3320,138,27.2,26.54,0.02187,0.95,29.0,0.525,1990.78,1000.35,990.43,817.38,0.502
3321,138,28.4,26.6,0.02145,0.87,203.0,1.0,3131.48,1792.54,1338.94,1124.87,0.572
3322,138,29.6,26.71,0.02113,0.8,448.0,1.0,3477.66,2169.59,1308.06,1139.16,0.624
3323,138,30.8,26.73,0.02064,0.73,677.0,1.0,3787.13,2526.75,1260.39,1138.49,0.667
3324,138,30.9,26.65,0.02047,0.72,823.0,1.0,3964.92,2721.22,1243.7,1127.12,0.686
3325,138,31.0,26.58,0.02032,0.71,900.0,1.0,4055.75,2826.97,1228.78,1117.32,0.697
3326,138,31.1,26.5,0.02016,0.7,900.0,1.0,4047.33,2833.77,1213.56,1107.26,0.7
3327,138,31.2,26.25,0.01968,0.68,825.0,1.0,3911.21,2744.2,1167.01,1069.31,0.702
3328,138,31.3,26.17,0.01952,0.67,679.0,1.0,3714.46,2563.42,1151.04,1058.58,0.69
3329,138,31.4,26.09,0.01935,0.66,476.0,1.0,3444.18,2309.41,1134.76,1047.57,0.671
3330,138,30.8,26.06,0.01955,0.69,228.0,1.0,3116.22,1961.45,1154.76,1044.48,0.629
3331,138,30.1,25.91,0.0196,0.72,37.0,0.5,1923.82,1118.61,805.21,733.26,0.581
3332,138,29.5,25.84,0.01973,0.75,0.0,0.05,1038.16,545.45,492.7,466.67,0.525
3333,138,29.0,25.84,0.01994,0.78,0.0,0.05,1032.13,528.74,503.38,467.09,0.512
3334,138,28.6,25.92,0.02022,0.81,0.0,0.05,1032.62,515.04,517.58,471.87,0.499
3335,138,28.1,25.74,0.02013,0.83,0.0,0.05,1010.54,497.89,512.64,459.98,0.493
3336,139,27.7,25.79,0.02038,0.86,0.0,0.05,1009.3,483.81,525.49,463.7,0.479
3337,139,27.2,25.72,0.02049,0.89,0.0,0.05,997.17,466.33,530.84,459.91,0.468
3338,139,26.8,25.74,0.02069,0.92,0.0,0.05,993.17,451.97,541.21,461.68,0.455
3339,139,27.0,25.94,0.02095,0.92,0.0,0.05,1011.19,457.21,553.98,474.95,0.452
3340,139,27.2,26.0,0.02096,0.91,0.0,0.05,1017.62,462.75,554.87,478.85,0.455
3341,139,27.4,26.05,0.02098,0.9,0.0,0.05,1024.16,468.55,555.6,482.63,0.458
3342,139,27.6,26.25,0.02123,0.9,0.0,0.05,1043.09,474.59,568.5,496.0,0.455
3343,139,27.8,26.3,0.02124,0.89,0.0,0.05,1049.89,480.82,569.07,499.65,0.458
3344,139,28.0,26.5,0.0215,0.89,42.0,0.05,1123.19,541.09,582.1,513.12,0.482
3345,139,29.0,26.45,0.02096,0.82,242.0,0.15,1572.83,940.71,632.13,570.17,0.598
3346,139,30.0,26.31,0.02029,0.75,486.0,0.15,1883.95,1289.08,594.87,558.09,0.684
3347,139,31.0,26.24,0.01975,0.69,701.0,0.15,2165.75,1600.8,564.95,551.93,0.739
3348,139,31.5,26.35,0.01973,0.67,836.0,0.15,2356.86,1792.97,563.89,560.07,0.761
3349,139,32.1,26.72,0.02014,0.66,878.0,0.15,2456.08,1869.42,586.66,589.24,0.761
3350,139,32.6,26.8,0.02011,0.64,813.0,0.15,2390.18,1805.29,584.9,596.81,0.755
3351,139,31.9,26.71,0.02024,0.67,700.0,0.15,2230.0,1637.9,592.1,590.03,0.734
3352,139,31.2,26.42,0.02004,0.69,529.0,0.05,1789.07,1280.78,508.29,506.18,0.716
3353,139,30.5,26.28,0.02009,0.72,328.0,0.05,1511.6,1000.61,511.0,497.11,0.662
3354,139,29.8,26.28,0.02038,0.76,188.0,0.05,1323.81,798.16,525.66,497.45,0.603
3355,139,29.1,26.09,0.02033,0.79,37.0,0.05,1103.98,581.15,522.83,484.01,0.526
3356,139,28.4,26.02,0.02051,0.83,0.0,0.05,1042.18,509.98,532.2,480.2,0.489
3357,139,28.2,25.98,0.02052,0.84,0.0,0.05,1034.91,502.35,532.56,477.28,0.485
3358,139,28.0,26.07,0.02077,0.86,0.0,0.05,1040.09,494.73,545.36,484.16,0.476
3359,139,27.8,26.02,0.02075,0.87,0.0,0.05,1031.29,487.13,544.16,480.02,0.472
3360,140,27.7,26.07,0.02087,0.88,0.0,0.05,1033.06,482.83,550.23,483.2,0.467
3361,140,27.5,26.01,0.02086,0.89,0.0,0.05,1025.12,475.33,549.8,479.66,0.464
3362,140,27.3,25.96,0.02085,0.9,0.0,0.05,1017.03,467.82,549.21,475.99,0.46
3363,140,27.0,25.94,0.02095,0.92,0.0,0.05,1011.03,457.05,553.98,474.95,0.452
3364,140,26.7,25.91,0.02103,0.94,0.0,0.05,1004.42,446.21,558.21,473.48,0.444
3365,140,26.4,25.75,0.02088,0.95,0.0,0.05,985.77,435.32,550.45,462.56,0.442
3366,140,26.5,25.98,0.02125,0.96,0.0,0.05,1007.05,437.51,569.54,479.21,0.434
3367,140,26.6,26.08,0.02138,0.96,0.0,0.05,1016.01,439.9,576.11,485.99,0.433
3368,140,26.7,26.18,0.02151,0.96,43.0,0.05,1080.35,497.64,582.71,492.79,0.461
3369,140,27.6,26.25,0.02125,0.9,246.0,0.15,1543.14,894.53,648.61,558.28,0.58
3370,140,28.5,26.41,0.02115,0.85,488.0,0.15,1879.24,1236.34,642.9,569.86,0.658
3371,140,29.4,26.52,0.02097,0.8,698.0,0.15,2170.29,1537.66,632.63,577.77,0.709
3372,140,30.1,26.87,0.02129,0.78,849.0,0.15,2407.57,1756.81,650.76,604.99,0.73
3373,140,30.8,27.21,0.02161,0.76,927.0,0.15,2550.72,1882.61,668.11,631.59,0.738
3374,140,31.5,27.53,0.0219,0.74,927.0,0.15,2593.2,1908.6,684.6,657.49,0.736
3375,140,30.8,27.21,0.02161,0.76,820.0,0.15,2416.97,1748.86,668.11,631.59,0.724
3376,140,30.2,26.96,0.02144,0.78,611.0,0.05,1927.49,1348.4,579.08,545.97,0.7
3377,140,29.5,26.61,0.02111,0.8,327.0,0.05,1524.26,961.79,562.48,521.67,0.631
3378,140,29.3,26.58,0.02111,0.81,166.0,0.05,1311.17,748.82,562.35,518.37,0.571
3379,140,29.2,26.78,0.02152,0.83,30.0,0.05,1154.14,571.07,583.07,533.1,0.495
3380,140,29.0,26.74,0.02151,0.84,0.0,0.05,1108.35,525.94,582.41,529.38,0.475
3381,140,28.8,26.55,0.02125,0.84,0.0,0.05,1088.66,519.18,569.47,515.98,0.477
3382,140,28.6,26.36,0.021,0.84,0.0,0.05,1069.0,512.33,556.68,502.69,0.479
3383,140,28.4,26.02,0.02049,0.83,0.0,0.05,1036.52,505.39,531.14,479.36,0.488
3384,141,28.0,25.64,0.02001,0.83,0.0,0.05,998.36,491.81,506.55,453.57,0.493
3385,141,27.6,25.4,0.01975,0.84,0.0,0.05,971.78,478.05,493.73,437.06,0.492
3386,141,27.2,25.02,0.01928,0.84,0.0,0.05,934.04,464.12,469.92,411.89,0.497
3387,141,26.8,24.64,0.01884,0.84,0.0,0.05,897.66,450.06,447.6,387.9,0.501
3388,141,26.3,24.16,0.01828,0.84,0.0,0.05,851.75,432.59,419.16,357.48,0.508
3389,141,25.9,23.92,0.01807,0.85,0.0,0.05,827.18,418.24,408.94,343.01,0.506
3390,141,25.9,24.06,0.01827,0.86,0.0,0.05,835.97,416.93,419.04,350.98,0.499
3391,141,26.0,24.29,0.01859,0.87,0.0,0.05,853.92,419.07,434.84,365.03,0.491
3392,141,26.0,24.42,0.01881,0.88,29.0,0.525,1715.01,951.02,763.99,593.23,0.555
3393,141,26.9,24.88,0.01917,0.85,164.0,1.0,2782.52,1665.5,1117.02,875.15,0.599
3394,141,27.8,25.31,0.0195,0.82,325.0,1.0,3067.92,1918.34,1149.58,935.45,0.625
3395,141,28.7,25.86,0.02007,0.8,465.0,1.0,3349.34,2144.81,1204.53,1015.69,0.64
3396,141,29.6,26.25,0.02035,0.77,566.0,1.0,3554.32,2321.76,1232.56,1071.96,0.653
3397,141,30.5,26.77,0.0209,0.75,618.0,1.0,3721.42,2436.28,1285.13,1150.07,0.655
3398,141,31.4,27.11,0.02115,0.72,618.0,1.0,3793.97,2484.48,1309.49,1203.08,0.655
3399,141,30.8,26.72,0.0207,0.73,566.0,1.0,3655.47,2388.89,1266.58,1144.0,0.654
3400,141,30.3,26.42,0.02041,0.74,467.0,1.0,3475.17,2237.53,1237.65,1100.85,0.644
3401,141,29.7,26.03,0.01999,0.75,327.0,1.0,3224.89,2027.9,1196.98,1043.78,0.629
3402,141,28.9,25.75,0.01982,0.78,166.0,1.0,2961.57,1780.52,1181.05,1001.75,0.601
3403,141,28.0,25.35,0.01951,0.81,30.0,0.5,1816.25,1017.95,798.29,675.04,0.56
3404,141,27.2,25.02,0.0193,0.84,0.0,0.05,936.08,465.16,470.92,412.68,0.497
3405,141,27.1,25.21,0.01963,0.86,0.0,0.05,948.61,460.8,487.81,424.4,0.486
3406,141,27.1,25.35,0.01987,0.87,0.0,0.05,959.51,459.8,499.71,433.77,0.479
3407,141,27.0,25.39,0.01996,0.88,0.0,0.05,960.1,455.66,504.45,435.91,0.475
3408,142,26.6,25.41,0.02017,0.91,0.0,0.05,956.62,441.73,514.9,437.74,0.462
3409,142,26.2,25.42,0.02036,0.94,0.0,0.05,951.89,427.66,524.23,438.69,0.449
3410,142,25.7,25.32,0.02039,0.97,0.0,0.05,936.34,410.19,526.16,432.21,0.438
3411,142,25.3,25.3,0.02054,1.0,0.0,0.05,929.14,395.83,533.31,431.44,0.426
3412,142,24.9,24.9,0.02006,1.0,0.0,0.05,890.53,381.39,509.14,405.99,0.428
3413,142,24.5,23.36,0.01776,0.91,0.0,0.05,759.88,366.88,393.0,308.04,0.483
3414,142,24.9,24.9,0.02006,1.0,0.0,0.05,887.7,378.56,509.14,405.99,0.426
3415,142,25.3,25.3,0.02056,1.0,0.0,0.05,925.05,390.68,534.37,432.28,0.422
3416,142,25.7,25.19,0.0202,0.96,11.0,0.525,1776.94,910.14,866.8,673.54,0.512
3417,142,26.8,25.61,0.02042,0.91,103.0,1.0,2816.24,1577.48,1238.76,980.02,0.56
3418,142,27.9,25.84,0.02034,0.85,271.0,1.0,3081.25,1850.18,1231.07,1011.46,0.6
3419,142,29.0,26.15,0.02041,0.8,464.0,1.0,3393.4,2155.57,1237.83,1055.76,0.635
3420,142,29.9,25.89,0.01961,0.73,565.0,1.0,3493.39,2333.17,1160.23,1018.02,0.668
3421,142,30.9,25.64,0.01877,0.66,618.0,1.0,3533.16,2454.7,1078.46,980.06,0.695
3422,142,31.8,25.37,0.01795,0.6,619.0,1.0,3503.97,2504.73,999.24,940.87,0.715
3423,142,31.3,25.65,0.01863,0.64,567.0,1.0,3480.17,2414.78,1065.39,982.35,0.694
3424,142,30.7,25.97,0.01946,0.69,466.0,1.0,3401.69,2256.16,1145.53,1032.79,0.663
3425,142,30.2,26.17,0.02002,0.73,327.0,1.0,3253.75,2053.33,1200.42,1064.24,0.631
3426,142,29.7,25.87,0.01971,0.74,166.0,1.0,2992.04,1821.79,1170.25,1019.98,0.609
3427,142,29.3,25.65,0.01952,0.75,30.0,0.5,1871.65,1072.66,798.98,708.02,0.573
3428,142,28.8,25.35,0.01919,0.76,0.0,0.05,984.0,518.88,465.11,433.72,0.527
3429,142,28.4,25.43,0.01949,0.79,0.0,0.05,986.22,505.5,480.71,439.61,0.513
3430,142,28.0,25.5,0.01976,0.82,0.0,0.05,985.9,491.91,493.99,443.67,0.499
3431,142,27.6,25.55,0.01999,0.85,0.0,0.05,984.12,478.14,505.98,446.72,0.486
3432,143,27.6,25.55,0.01999,0.85,0.0,0.05,983.31,477.32,505.98,446.72,0.485
3433,143,27.5,25.59,0.02012,0.86,0.0,0.05,985.43,473.34,512.09,449.94,0.48
3434,143,27.5,25.59,0.02012,0.86,0.0,0.05,984.76,472.67,512.09,449.94,0.48
3435,143,27.5,25.73,0.02036,0.87,0.0,0.05,996.38,472.09,524.29,459.55,0.474
3436,143,27.5,25.87,0.02062,0.88,0.0,0.05,1009.15,471.59,537.57,470.02,0.467
3437,143,27.5,25.87,0.02062,0.88,0.0,0.05,1008.72,471.15,537.57,470.02,0.467
3438,143,27.3,25.54,0.02013,0.87,0.0,0.05,977.2,464.22,512.98,447.43,0.475
3439,143,27.2,25.3,0.01977,0.86,0.0,0.05,955.35,460.49,494.86,431.55,0.482
3440,143,27.0,24.83,0.01905,0.84,28.0,0.525,1776.37,994.46,781.91,633.97,0.56
3441,143,27.7,25.07,0.01914,0.81,163.0,1.0,2822.8,1708.3,1114.5,900.75,0.605
3442,143,28.4,25.13,0.01893,0.77,324.0,1.0,3044.77,1950.93,1093.84,906.72,0.641
3443,143,29.1,25.32,0.01894,0.74,464.0,1.0,3262.52,2167.06,1095.45,932.53,0.664
3444,143,29.9,25.73,0.01933,0.72,564.0,1.0,3470.72,2337.42,1133.29,994.05,0.673
3445,143,30.7,25.97,0.0194,0.69,617.0,1.0,3587.6,2447.89,1139.71,1027.61,0.682
3446,143,31.5,26.35,0.01975,0.67,617.0,1.0,3664.13,2490.7,1173.43,1085.47,0.68
3447,143,31.3,26.17,0.01954,0.67,565.0,1.0,3568.49,2415.5,1152.99,1060.31,0.677
3448,143,31.1,25.99,0.01933,0.67,466.0,1.0,3412.38,2279.64,1132.74,1035.32,0.668
3449,143,30.9,25.98,0.01942,0.68,327.0,1.0,3233.44,2092.15,1141.29,1035.98,0.647
3450,143,30.3,25.44,0.01872,0.68,187.0,1.0,2956.26,1882.46,1073.8,955.03,0.637
3451,143,29.8,24.82,0.0179,0.67,37.0,0.5,1786.78,1105.26,681.52,620.3,0.619
3452,143,29.2,24.28,0.01728,0.67,0.0,0.05,903.37,534.71,368.66,364.1,0.592
3453,143,29.0,25.06,0.01863,0.73,0.0,0.05,964.67,527.77,436.9,414.68,0.547
3454,143,28.7,25.71,0.01983,0.79,0.0,0.05,1015.02,517.49,497.54,457.68,0.51
3455,143,28.5,26.41,0.02111,0.85,0.0,0.05,1072.56,510.35,562.21,505.45,0.476
3456,144,28.2,26.27,0.02098,0.86,0.0,0.05,1055.78,499.89,555.89,495.67,0.473
3457,144,28.0,26.36,0.02123,0.88,0.0,0.05,1060.99,492.61,568.38,502.31,0.464
3458,144,27.7,26.21,0.02109,0.89,0.0,0.05,1043.53,482.02,561.51,492.1,0.462
3459,144,27.5,26.29,0.02135,0.91,0.0,0.05,1048.9,474.62,574.28,498.96,0.452
3460,144,27.2,26.27,0.02144,0.93,0.0,0.05,1042.87,463.94,578.93,497.82,0.445
3461,144,27.0,26.21,0.02142,0.94,0.0,0.05,1034.22,456.46,577.76,493.7,0.441
3462,144,27.2,26.27,0.02142,0.93,0.0,0.05,1039.92,462.1,577.82,496.94,0.444
3463,144,27.4,26.19,0.0212,0.91,0.0,0.05,1034.67,468.0,566.67,491.36,0.452
3464,144,27.6,26.25,0.02119,0.9,28.0,0.525,1960.75,1020.72,940.02,784.43,0.521
3465,144,28.1,26.46,0.02134,0.88,162.0,1.0,3056.95,1728.85,1328.1,1104.78,0.566
3466,144,28.5,26.7,0.0216,0.87,322.0,1.0,3308.47,1954.8,1353.67,1141.46,0.591
3467,144,29.0,26.89,0.02171,0.85,461.0,1.0,3523.23,2159.22,1364.01,1168.07,0.613
3468,144,29.0,26.74,0.02146,0.84,518.0,1.0,3573.39,2232.92,1340.47,1147.11,0.625
3469,144,29.1,26.84,0.02162,0.84,513.0,1.0,3587.33,2232.17,1355.16,1163.67,0.622
3470,144,29.1,26.69,0.02135,0.83,455.0,1.0,3487.56,2158.28,1329.28,1140.64,0.619
3471,144,29.1,26.69,0.02137,0.83,356.0,1.0,3363.14,2031.72,1331.41,1142.54,0.604
3472,144,29.2,26.63,0.02123,0.82,238.0,1.0,3203.73,1885.9,1317.84,1133.93,0.589
3473,144,29.2,26.48,0.02099,0.81,123.0,1.0,3032.68,1738.77,1293.91,1112.64,0.573
3474,144,29.0,26.44,0.02098,0.82,63.0,1.0,2945.11,1651.82,1293.29,1105.13,0.561
3475,144,28.9,26.5,0.02112,0.83,11.0,0.5,1944.76,1029.68,915.08,797.05,0.529
3476,144,28.7,26.45,0.02113,0.84,0.0,0.05,1076.74,513.68,563.06,509.32,0.477
3477,144,28.5,26.41,0.02111,0.85,0.0,0.05,1069.27,507.07,562.21,505.45,0.474
3478,144,28.4,26.31,0.02096,0.85,0.0,0.05,1058.35,503.61,554.73,497.96,0.476
3479,144,28.2,26.27,0.02094,0.86,0.0,0.05,1050.55,496.84,553.71,493.95,0.473
3480,145,28.2,26.27,0.02096,0.86,0.0,0.05,1051.33,496.53,554.8,494.81,0.472
3481,145,28.2,26.41,0.02121,0.87,0.0,0.05,1063.79,496.27,567.53,504.84,0.467
3482,145,28.3,26.51,0.02134,0.87,0.0,0.05,1073.31,499.32,573.99,511.54,0.465
3483,145,28.2,26.55,0.02147,0.88,0.0,0.05,1076.16,495.9,580.27,514.88,0.461
3484,145,28.2,26.55,0.02149,0.88,0.0,0.05,1077.1,495.72,581.38,515.76,0.46
3485,145,28.2,26.69,0.02174,0.89,0.0,0.05,1089.7,495.56,594.14,525.82,0.455
3486,145,28.0,26.5,0.02148,0.89,0.0,0.05,1069.85,488.87,580.98,512.24,0.457
3487,145,27.8,26.31,0.0212,0.89,0.0,0.05,1048.93,482.07,566.87,497.92,0.46
3488,145,27.6,25.97,0.0207,0.88,28.0,0.525,1925.88,1021.79,904.08,753.7,0.531
3489,145,27.4,25.78,0.02045,0.88,162.0,1.0,2935.89,1693.65,1242.24,1004.0,0.577
3490,145,27.3,25.68,0.02033,0.88,322.0,1.0,3123.49,1893.24,1230.25,989.84,0.606
3491,145,27.1,25.49,0.02009,0.88,461.0,1.0,3267.19,2060.74,1206.45,961.7,0.631
3492,145,27.0,25.25,0.01973,0.87,562.0,1.0,3356.48,2184.59,1171.89,927.46,0.651
3493,145,26.8,25.06,0.01949,0.87,614.0,1.0,3389.21,2240.45,1148.77,899.92,0.661
3494,145,26.7,24.96,0.01937,0.87,615.0,1.0,3373.29,2235.99,1137.3,886.23,0.663
3495,145,27.3,25.26,0.01962,0.85,471.0,1.0,3242.41,2081.68,1160.73,927.98,0.642
3496,145,28.0,25.5,0.01974,0.82,293.0,1.0,3061.91,1889.37,1172.54,962.85,0.617
3497,145,28.6,25.77,0.01997,0.8,124.0,1.0,2898.76,1703.89,1194.87,1003.61,0.588
3498,145,28.2,25.69,0.01998,0.82,63.0,1.0,2801.43,1605.67,1195.76,990.48,0.573
3499,145,27.9,25.69,0.02011,0.84,11.0,0.5,1825.41,983.26,842.15,709.95,0.539
3500,145,27.5,25.59,0.0201,0.86,0.0,0.05,980.68,469.63,511.05,449.12,0.479
3501,145,27.3,25.68,0.02033,0.88,0.0,0.05,985.83,462.9,522.93,455.28,0.47
3502,145,27.2,25.72,0.02042,0.89,0.0,0.05,987.01,459.35,527.66,457.4,0.465
3503,145,27.0,25.67,0.02041,0.9,0.0,0.05,979.55,452.49,527.05,453.73,0.462
3504,146,27.0,25.67,0.02041,0.9,0.0,0.05,979.17,452.11,527.05,453.73,0.462
3505,146,27.0,25.53,0.02018,0.89,0.0,0.05,967.02,451.79,515.23,444.41,0.467
3506,146,27.0,25.39,0.01994,0.88,0.0,0.05,954.92,451.5,503.41,435.09,0.473
3507,146,26.9,25.43,0.02006,0.89,0.0,0.05,957.05,447.98,509.07,437.95,0.468
3508,146,26.8,25.47,0.02019,0.9,0.0,0.05,960.08,444.42,515.66,441.54,0.463
3509,146,26.7,25.37,0.02006,0.9,0.0,0.05,950.33,440.85,509.49,435.08,0.464
3510,146,25.8,24.76,0.01943,0.92,0.0,0.05,888.41,411.0,477.41,395.38,0.463
3511,146,24.9,24.01,0.01857,0.93,0.0,0.05,814.84,380.64,434.2,346.92,0.467
3512,146,24.0,23.26,0.01777,0.94,28.0,0.05,779.17,385.74,393.43,300.37,0.495
3513,146,25.2,24.05,0.0185,0.91,162.0,0.15,1194.02,698.09,495.93,391.9,0.585
3514,146,26.4,24.67,0.01901,0.87,321.0,0.15,1467.03,943.09,523.94,436.09,0.643
3515,146,27.6,25.41,0.01971,0.84,460.0,0.15,1726.37,1163.27,563.1,489.27,0.674
3516,146,28.0,25.35,0.01945,0.81,561.0,0.15,1856.15,1307.61,548.54,484.72,0.704
3517,146,28.3,25.34,0.0193,0.79,613.0,0.15,1925.95,1385.75,540.2,483.39,0.72
3518,146,28.7,25.41,0.01927,0.77,614.0,0.15,1940.65,1402.0,538.65,489.33,0.722
3519,146,29.3,25.34,0.01892,0.73,563.0,0.15,1878.04,1358.61,519.42,484.61,0.723
3520,146,29.8,25.32,0.01869,0.7,464.0,0.05,1578.53,1138.52,440.01,429.94,0.721
3521,146,30.4,25.36,0.01853,0.67,326.0,0.05,1414.62,982.69,431.92,433.17,0.695
3522,146,29.8,25.32,0.01869,0.7,166.0,0.05,1199.46,759.45,440.01,429.94,0.633
3523,146,29.2,25.41,0.01908,0.74,30.0,0.05,1026.02,566.38,459.63,435.8,0.552
3524,146,28.6,25.47,0.01941,0.78,0.0,0.05,985.33,508.77,476.56,439.54,0.516
3525,146,28.4,25.43,0.01943,0.79,0.0,0.05,980.0,502.31,477.69,437.23,0.513
3526,146,28.2,25.54,0.0197,0.81,0.0,0.05,987.03,495.71,491.31,444.77,0.502
3527,146,28.0,25.5,0.01972,0.82,0.0,0.05,980.94,489.0,491.95,442.06,0.498
3528,147,27.9,25.69,0.02009,0.84,0.0,0.05,996.35,485.46,510.89,455.39,0.487
3529,147,27.7,25.64,0.0201,0.85,0.0,0.05,989.67,478.61,511.05,452.32,0.484
3530,147,27.5,25.73,0.02034,0.87,0.0,0.05,994.92,471.68,523.24,458.72,0.474
3531,147,27.2,25.58,0.02021,0.88,0.0,0.05,978.13,461.39,516.74,448.8,0.472
3532,147,26.9,25.57,0.02031,0.9,0.0,0.05,972.85,450.98,521.87,448.04,0.464
3533,147,26.6,25.55,0.02042,0.92,0.0,0.05,967.97,440.46,527.51,447.69,0.455
3534,147,26.9,25.84,0.02078,0.92,0.0,0.05,994.94,449.52,545.42,466.6,0.452
3535,147,27.2,26.13,0.02116,0.92,0.0,0.05,1023.58,458.88,564.7,486.6,0.448
3536,147,27.5,26.43,0.02155,0.92,28.0,0.05,1088.71,504.41,584.3,506.85,0.463
3537,147,28.7,26.6,0.02134,0.85,160.0,0.15,1476.17,822.77,653.4,581.94,0.557
3538,147,29.8,26.59,0.02085,0.78,320.0,0.15,1693.35,1067.01,626.34,579.89,0.63
3539,147,31.0,26.74,0.02061,0.72,459.0,0.15,1901.3,1288.37,612.93,590.65,0.678
3540,147,31.3,26.85,0.02068,0.71,559.0,0.15,2045.56,1428.96,616.6,599.01,0.699
3541,147,31.7,27.22,0.02119,0.71,611.0,0.15,2156.45,1511.39,645.05,629.17,0.701
3542,147,32.0,27.32,0.02125,0.7,612.0,0.15,2173.42,1524.93,648.48,637.33,0.702
3543,147,31.4,27.11,0.02115,0.72,561.0,0.15,2082.95,1440.4,642.55,621.75,0.692
3544,147,30.8,27.05,0.02129,0.75,462.0,0.05,1751.27,1179.84,571.43,549.54,0.674
3545,147,30.2,26.81,0.02114,0.77,325.0,0.05,1548.68,985.05,563.63,533.79,0.636
3546,147,28.2,25.54,0.01974,0.81,139.0,0.05,1174.37,681.01,493.36,446.38,0.58
3547,147,26.3,24.3,0.0185,0.85,19.0,0.05,894.13,463.65,430.48,366.39,0.519
3548,147,24.3,22.91,0.01714,0.89,0.0,0.05,733.55,371.53,362.02,280.42,0.506
3549,147,25.0,23.46,0.01769,0.88,0.0,0.05,781.03,391.4,389.63,313.39,0.501
3550,147,25.8,23.96,0.01812,0.86,0.0,0.05,826.97,415.41,411.56,343.48,0.502
3551,147,26.5,24.35,0.01846,0.84,0.0,0.05,865.47,436.94,428.53,368.06,0.505
3552,148,26.3,24.44,0.01869,0.86,0.0,0.05,869.43,429.57,439.86,373.79,0.494
3553,148,26.2,24.62,0.01902,0.88,0.0,0.05,882.09,425.47,456.61,385.4,0.482
3554,148,26.0,24.69,0.01923,0.9,0.0,0.05,885.35,418.14,467.21,390.55,0.472
3555,148,25.8,24.76,0.01945,0.92,0.0,0.05,889.2,410.79,478.41,396.17,0.462
3556,148,25.7,24.93,0.01976,0.94,0.0,0.05,901.02,406.7,494.32,407.11,0.451
3557,148,25.5,24.99,0.01995,0.96,0.0,0.05,903.2,399.38,503.82,411.4,0.442
3558,148,25.4,24.76,0.0196,0.95,0.0,0.05,881.2,395.31,485.89,395.66,0.449
3559,148,25.2,24.44,0.01915,0.94,0.0,0.05,851.23,388.01,463.21,374.59,0.456
3560,148,25.1,24.08,0.01859,0.92,27.0,0.525,1654.19,905.81,748.37,557.01,0.548
3561,148,26.2,24.48,0.01878,0.87,160.0,1.0,2698.7,1619.66,1079.03,816.97,0.6
3562,148,27.3,24.83,0.01888,0.82,320.0,1.0,2971.22,1881.72,1089.5,864.58,0.633
3563,148,28.4,25.28,0.01916,0.78,459.0,1.0,3234.09,2117.52,1116.57,926.95,0.655
3564,148,28.6,25.16,0.01888,0.76,467.0,1.0,3228.63,2139.42,1089.21,909.56,0.663
3565,148,28.9,25.29,0.01898,0.75,387.0,1.0,3152.52,2053.55,1098.96,928.69,0.651
3566,148,29.1,25.32,0.01896,0.74,232.0,1.0,2963.68,1866.34,1097.34,934.21,0.63
3567,148,29.1,25.63,0.01949,0.76,213.0,1.0,2991.93,1843.2,1148.73,979.95,0.616
3568,148,29.1,25.93,0.02004,0.78,175.0,1.0,2997.73,1795.52,1202.21,1027.54,0.599
3569,148,29.1,26.24,0.02059,0.8,123.0,1.0,2985.63,1729.74,1255.89,1075.32,0.579
3570,148,28.5,25.67,0.01985,0.8,105.0,1.0,2859.76,1676.48,1183.27,989.8,0.586
3571,148,28.0,25.05,0.01901,0.79,26.0,0.5,1770.36,1008.12,762.24,644.29,0.569
3572,148,27.8,24.87,0.01879,0.79,0.0,0.05,925.68,480.78,444.9,401.78,0.519
3573,148,27.7,25.07,0.01914,0.81,0.0,0.05,940.17,477.35,462.82,414.3,0.508
3574,148,27.5,25.17,0.01937,0.83,0.0,0.05,945.14,470.58,474.55,420.35,0.498
3575,148,27.4,25.36,0.01973,0.85,0.0,0.05,959.85,467.01,492.84,433.16,0.487
3576,149,27.2,25.45,0.01997,0.87,0.0,0.05,964.9,460.13,504.77,439.36,0.477
3577,149,26.9,25.43,0.02008,0.89,0.0,0.05,959.99,449.89,510.11,438.77,0.469
3578,149,26.7,25.37,0.02006,0.9,0.0,0.05,952.28,442.79,509.49,435.08,0.465
3579,149,26.7,25.51,0.02032,0.91,0.0,0.05,964.37,442.21,522.16,445.07,0.459
3580,149,26.7,25.51,0.02032,0.91,0.0,0.05,963.86,441.7,522.16,445.07,0.458
3581,149,26.7,25.64,0.02055,0.92,0.0,0.05,975.07,441.27,533.81,454.25,0.453
3582,149,26.9,25.71,0.02056,0.91,0.0,0.05,982.15,447.45,534.7,458.16,0.456
3583,149,27.2,25.86,0.0207,0.9,0.0,0.05,998.86,457.09,541.77,468.53,0.458
3584,149,27.4,25.92,0.02069,0.89,35.0,0.525,1920.83,1017.38,903.44,748.07,0.53
3585,149,28.4,25.88,0.0202,0.82,209.0,1.0,3018.35,1801.14,1217.21,1016.53,0.597
3586,149,29.5,26.0,0.01992,0.76,417.0,1.0,3315.91,2125.44,1190.47,1031.02,0.641
3587,149,30.5,26.12,0.0197,0.71,599.0,1.0,3581.24,2411.82,1169.41,1047.08,0.673
3588,149,30.5,26.12,0.0197,0.71,829.0,1.0,3878.02,2708.61,1169.41,1047.08,0.698
3589,149,30.5,26.12,0.0197,0.71,925.0,1.0,4002.69,2833.28,1169.41,1047.08,0.708
3590,149,30.5,26.12,0.0197,0.71,927.0,1.0,4006.58,2837.17,1169.41,1047.08,0.708
3591,149,30.7,26.14,0.01967,0.7,850.0,1.0,3915.81,2749.86,1165.95,1050.97,0.702
3592,149,30.8,26.23,0.01983,0.7,700.0,1.0,3744.93,2563.72,1181.21,1068.03,0.685
3593,149,31.0,26.24,0.01979,0.69,486.0,1.0,3477.85,2300.56,1177.28,1071.49,0.661
3594,149,30.4,26.35,0.02022,0.73,248.0,1.0,3184.88,1965.32,1219.56,1088.23,0.617
3595,149,29.7,26.34,0.0205,0.77,46.0,0.5,1982.29,1112.23,870.06,778.59,0.561
3596,149,29.1,26.39,0.02082,0.81,0.0,0.05,1078.54,531.01,547.52,503.48,0.492
3597,149,28.9,26.5,0.02107,0.83,0.0,0.05,1084.52,524.07,560.44,510.46,0.483
3598,149,28.8,26.55,0.02121,0.84,0.0,0.05,1087.61,520.34,567.27,514.24,0.478
3599,149,28.6,26.51,0.02119,0.85,0.0,0.05,1079.76,513.33,566.43,510.38,0.475
3600,150,28.6,26.36,0.02093,0.84,0.0,0.05,1066.23,512.81,553.41,500.12,0.481
3601,150,28.5,26.12,0.02055,0.83,0.0,0.05,1043.25,509.09,534.17,483.35,0.488
3602,150,28.5,25.82,0.02004,0.81,0.0,0.05,1016.99,508.64,508.35,463.0,0.5
3603,150,28.3,25.93,0.02031,0.83,0.0,0.05,1023.47,501.69,521.78,470.38,0.49
3604,150,28.2,25.98,0.02044,0.84,0.0,0.05,1026.27,497.95,528.32,473.93,0.485
3605,150,28.0,25.93,0.02044,0.85,0.0,0.05,1019.44,490.93,528.51,470.88,0.482
3606,150,27.8,25.88,0.02044,0.86,0.0,0.05,1012.39,483.85,528.54,467.7,0.478
3607,150,27.7,25.93,0.02056,0.87,0.0,0.05,1014.65,479.99,534.65,470.92,0.473
3608,150,27.5,25.88,0.02056,0.88,27.0,0.525,1910.58,1017.27,893.31,741.94,0.532
3609,150,28.8,26.55,0.02119,0.84,159.0,1.0,3076.33,1762.83,1313.49,1116.15,0.573
3610,150,30.0,26.94,0.02136,0.79,317.0,1.0,3358.07,2027.71,1330.36,1172.93,0.604
3611,150,31.3,27.51,0.02186,0.75,455.0,1.0,3651.82,2272.8,1379.02,1261.48,0.622
3612,150,32.0,27.49,0.02152,0.71,555.0,1.0,3784.99,2438.86,1346.13,1256.58,0.644
3613,150,32.2,27.33,0.02116,0.69,608.0,1.0,3830.27,2519.04,1311.23,1232.47,0.658
3614,150,32.5,27.78,0.02186,0.7,608.0,1.0,3915.29,2536.27,1379.02,1303.25,0.648
3615,150,31.6,26.79,0.02045,0.69,559.0,1.0,3670.89,2428.67,1242.22,1150.17,0.662
3616,150,30.6,26.21,0.01986,0.71,461.0,1.0,3436.97,2252.26,1184.71,1064.18,0.655
3617,150,29.7,25.87,0.01965,0.74,324.0,1.0,3194.6,2030.25,1164.35,1014.74,0.636
3618,150,29.5,25.69,0.01942,0.74,166.0,1.0,2958.61,1816.84,1141.77,987.68,0.614
3619,150,29.2,25.56,0.01934,0.75,31.0,0.5,1860.52,1074.29,786.23,694.65,0.577
3620,150,29.1,25.78,0.01974,0.77,0.0,0.05,1025.5,532.56,492.94,460.46,0.519
3621,150,29.0,25.84,0.01988,0.78,0.0,0.05,1028.98,528.69,500.29,464.65,0.514
3622,150,28.9,26.05,0.02027,0.8,0.0,0.05,1044.52,524.84,519.68,478.33,0.502
3623,150,28.7,26.16,0.02054,0.82,0.0,0.05,1051.34,517.73,533.62,486.12,0.492
3624,151,28.5,26.41,0.02106,0.85,0.0,0.05,1070.58,510.56,560.02,503.73,0.477
3625,151,28.1,26.31,0.02109,0.87,0.0,0.05,1057.89,496.79,561.1,498.17,0.47
3626,151,27.7,26.35,0.02132,0.9,0.0,0.05,1055.65,482.86,572.79,500.98,0.457
3627,151,27.3,26.23,0.02129,0.92,0.0,0.05,1039.98,468.79,571.19,493.32,0.451
3628,151,27.1,26.17,0.02129,0.93,0.0,0.05,1032.44,461.16,571.28,490.18,0.447
3629,151,26.9,26.11,0.02126,0.94,0.0,0.05,1023.66,453.55,570.11,486.06,0.443
3630,151,26.8,26.14,0.02137,0.95,0.0,0.05,1024.58,449.24,575.34,488.58,0.438
3631,151,26.0,26.0,0.02144,1.0,0.0,0.05,1000.85,422.04,578.8,478.51,0.422
3632,151,26.5,25.98,0.02117,0.96,28.0,0.525,1911.73,973.41,938.33,755.03,0.509
3633,151,27.0,27.0,0.02274,1.0,161.0,1.0,3133.83,1669.34,1464.49,1187.88,0.533
3634,151,25.0,24.24,0.01888,0.94,320.0,1.0,2858.46,1769.68,1088.78,783.88,0.619
3635,151,24.9,24.01,0.01854,0.93,459.0,1.0,2996.94,1941.22,1055.71,750.97,0.648
3636,151,27.0,25.53,0.02016,0.89,557.0,1.0,3387.26,2173.85,1213.4,964.41,0.642
3637,151,30.0,25.5,0.01883,0.7,610.0,1.0,3481.43,2396.71,1084.72,954.3,0.688
3638,151,31.0,25.73,0.01884,0.66,612.0,1.0,3538.26,2452.8,1085.46,989.77,0.693
3639,151,31.0,25.73,0.01884,0.66,735.0,1.0,3698.32,2612.85,1085.46,989.77,0.706
3640,151,31.0,25.73,0.01886,0.66,608.0,1.0,3539.26,2451.92,1087.34,991.44,0.693
3641,151,31.0,25.73,0.01888,0.66,430.0,1.0,3314.52,2225.3,1089.22,993.11,0.671
3642,151,30.0,26.93,0.02143,0.79,222.0,1.0,3245.14,1908.37,1336.78,1178.63,0.588
3643,151,29.0,26.74,0.02151,0.84,43.0,0.5,2019.9,1076.38,943.52,823.8,0.533
3644,151,28.0,25.79,0.02023,0.84,0.0,0.05,1010.13,492.06,518.07,462.65,0.487
3645,151,28.0,25.79,0.02021,0.84,0.0,0.05,1008.41,491.39,517.02,461.83,0.487
3646,151,28.0,26.5,0.02144,0.89,0.0,0.05,1069.56,490.8,578.76,510.49,0.459
3647,151,28.0,25.79,0.02019,0.84,0.0,0.05,1006.27,490.3,515.97,461.0,0.487
3648,152,27.0,24.83,0.01901,0.84,0.0,0.05,913.3,457.06,456.24,397.91,0.5
3649,152,27.0,25.53,0.0202,0.89,0.0,0.05,972.34,456.06,516.27,445.23,0.469
3650,152,27.0,26.21,0.02139,0.94,0.0,0.05,1031.85,455.2,576.65,492.82,0.441
3651,152,27.0,24.83,0.01905,0.84,0.0,0.05,912.66,454.45,458.21,399.46,0.498
3652,152,27.0,26.21,0.02139,0.94,0.0,0.05,1030.46,453.81,576.65,492.82,0.44
3653,152,28.0,25.79,0.02023,0.84,0.0,0.05,1004.12,486.06,518.07,462.65,0.484
3654,152,27.0,25.53,0.0202,0.89,0.0,0.05,969.67,453.39,516.27,445.23,0.468
3655,152,27.0,25.53,0.0202,0.89,0.0,0.05,969.16,452.89,516.27,445.23,0.467
3656,152,27.0,26.21,0.02135,0.94,10.0,0.525,1922.27,970.35,951.92,779.37,0.505
3657,152,28.0,26.5,0.02144,0.89,161.0,1.0,3058.06,1720.33,1337.73,1109.87,0.563
3658,152,29.0,26.0,0.02012,0.79,121.0,1.0,2931.15,1720.93,1210.22,1031.19,0.587
3659,152,30.0,26.31,0.02026,0.75,173.0,1.0,3063.92,1840.11,1223.8,1078.09,0.601
3660,152,31.0,26.41,0.02002,0.7,211.0,1.0,3141.9,1941.84,1200.06,1091.76,0.618
3661,152,31.0,26.41,0.02002,0.7,608.0,1.0,3652.96,2452.9,1200.06,1091.76,0.671
3662,152,32.0,27.49,0.02157,0.71,231.0,1.0,3372.93,2022.49,1350.44,1260.41,0.6
3663,152,32.0,26.09,0.01908,0.63,735.0,1.0,3779.79,2670.96,1108.83,1045.38,0.707
3664,152,32.0,26.09,0.01908,0.63,608.0,1.0,3618.6,2509.77,1108.83,1045.38,0.694
3665,152,32.0,25.73,0.01848,0.61,328.0,1.0,3202.11,2152.09,1050.03,993.04,0.672
3666,152,31.0,25.73,0.01892,0.66,170.0,1.0,2992.08,1899.09,1092.99,996.47,0.635
3667,152,30.0,26.31,0.02031,0.75,33.0,0.5,1967.1,1110.91,856.19,774.24,0.565
3668,152,29.5,26.92,0.02162,0.82,0.0,0.05,1134.59,546.78,587.81,541.64,0.482
3669,152,30.0,25.5,0.01889,0.7,0.0,0.05,1012.97,562.7,450.28,441.24,0.555
3670,152,30.0,26.31,0.02026,0.75,0.0,0.05,1082.17,562.59,519.59,495.87,0.52
3671,152,29.5,26.77,0.0213,0.81,0.0,0.05,1117.91,546.09,571.82,529.04,0.488
3672,153,29.0,26.74,0.02144,0.84,0.0,0.05,1108.35,529.29,579.07,526.74,0.478
3673,153,29.0,26.74,0.02146,0.84,0.0,0.05,1108.81,528.64,580.18,527.62,0.477
3674,153,29.1,26.99,0.02188,0.85,0.0,0.05,1132.61,531.35,601.26,545.84,0.469
3675,153,29.0,26.74,0.02149,0.84,0.0,0.05,1108.94,527.65,581.29,528.5,0.476
3676,153,29.0,27.47,0.02281,0.89,0.0,0.05,1175.46,527.22,648.24,581.27,0.449
3677,153,28.7,26.31,0.02087,0.83,0.0,0.05,1066.94,517.01,549.93,498.98,0.485
3678,153,28.0,26.5,0.02148,0.89,0.0,0.05,1074.52,493.54,580.98,512.24,0.459
3679,153,28.0,25.79,0.02023,0.84,0.0,0.05,1010.73,492.66,518.07,462.65,0.487
3680,153,28.7,25.56,0.01955,0.78,27.0,0.05,1032.96,549.5,483.45,446.58,0.532
3681,153,29.0,25.99,0.02015,0.79,161.0,0.15,1428.41,841.3,587.12,533.84,0.589
3682,153,29.0,26.74,0.02146,0.84,318.0,0.15,1702.89,1042.68,660.21,592.83,0.612
3683,153,30.2,27.43,0.02223,0.81,455.0,0.15,1962.69,1260.15,702.53,648.57,0.642
3684,153,31.0,26.41,0.02002,0.7,555.0,0.15,1997.18,1417.0,580.18,564.22,0.709
3685,153,32.0,27.49,0.02154,0.71,606.0,0.15,2183.01,1518.35,664.66,650.39,0.696
3686,153,31.6,27.29,0.02137,0.72,608.0,0.15,2163.79,1508.61,655.19,635.55,0.697
3687,153,31.0,26.41,0.02006,0.7,560.0,0.15,2009.77,1427.31,582.46,566.06,0.71
3688,153,31.0,26.41,0.02006,0.7,463.0,0.05,1698.59,1189.26,509.33,503.8,0.7
3689,153,30.9,26.32,0.01996,0.7,328.0,0.05,1517.76,1013.34,504.42,498.32,0.668
3690,153,31.0,26.41,0.02006,0.7,170.0,0.05,1323.68,814.35,509.33,503.8,0.615
3691,153,30.0,26.31,0.02029,0.75,33.0,0.05,1126.85,606.22,520.64,496.7,0.538
3692,153,30.0,26.15,0.02001,0.74,0.0,0.05,1070.16,563.61,506.54,485.59,0.527
3693,153,29.0,26.74,0.02146,0.84,0.0,0.05,1110.75,530.57,580.18,527.62,0.478
3694,153,29.0,26.0,0.02012,0.79,0.0,0.05,1042.28,529.75,512.53,474.3,0.508
3695,153,29.3,26.58,0.02105,0.81,0.0,0.05,1097.94,538.87,559.06,515.78,0.491
3696,154,29.0,26.74,0.02144,0.84,0.0,0.05,1107.67,528.6,579.07,526.74,0.477
3697,154,29.0,25.99,0.02015,0.79,0.0,0.05,1041.62,528.04,513.57,475.12,0.507
3698,154,28.0,26.5,0.02146,0.89,0.0,0.05,1074.62,494.75,579.87,511.37,0.46
3699,154,29.0,26.74,0.02149,0.84,0.0,0.05,1107.81,526.52,581.29,528.5,0.475
3700,154,29.0,26.74,0.02149,0.84,0.0,0.05,1107.54,526.25,581.29,528.5,0.475
3701,154,28.3,26.36,0.02111,0.86,0.0,0.05,1065.32,503.04,562.28,502.31,0.472
3702,154,27.7,25.93,0.0206,0.87,0.0,0.05,1019.5,482.72,536.79,472.6,0.473
3703,154,27.0,25.53,0.02022,0.89,0.0,0.05,976.15,458.82,517.32,446.05,0.47
3704,154,27.6,25.97,0.02072,0.88,35.0,0.05,1064.97,522.16,542.8,475.75,0.49
3705,154,30.0,26.31,0.02026,0.75,197.0,0.15,1513.98,920.27,593.72,557.16,0.608
3706,154,30.0,26.31,0.02024,0.75,359.0,0.15,1721.53,1128.96,592.57,556.23,0.656
3707,154,30.1,26.56,0.02064,0.76,455.0,0.15,1871.13,1256.35,614.79,575.96,0.671
3708,154,31.0,26.41,0.02,0.7,554.0,0.15,1994.42,1415.37,579.05,563.31,0.71
3709,154,32.0,27.49,0.02154,0.71,606.0,0.15,2182.71,1518.05,664.66,650.39,0.695
3710,154,31.3,26.85,0.0207,0.71,608.0,0.15,2115.69,1497.91,617.78,599.96,0.708
3711,154,32.0,26.8,0.02031,0.67,559.0,0.15,2056.76,1460.4,596.36,595.27,0.71
3712,154,32.0,26.8,0.02033,0.67,463.0,0.05,1745.38,1222.33,523.05,530.62,0.7
3713,154,31.0,26.91,0.02097,0.73,327.0,0.05,1571.49,1016.19,555.3,540.03,0.647
3714,154,29.0,25.22,0.01887,0.74,171.0,0.05,1200.01,750.82,449.19,424.37,0.626
3715,154,28.0,24.3,0.01777,0.74,33.0,0.05,933.93,540.05,393.88,364.76,0.578
3716,154,27.7,24.62,0.01845,0.78,0.0,0.05,914.31,486.44,427.87,386.76,0.532
3717,154,28.0,25.79,0.02023,0.84,0.0,0.05,1012.91,494.85,518.07,462.65,0.489
3718,154,29.0,26.74,0.02146,0.84,0.0,0.05,1106.78,526.6,580.18,527.62,0.476
3719,154,29.1,26.54,0.02106,0.82,0.0,0.05,1089.44,529.59,559.85,513.19,0.486
3720,155,29.0,26.74,0.02146,0.84,0.0,0.05,1106.31,526.13,580.18,527.62,0.476
3721,155,29.0,26.74,0.02146,0.84,0.0,0.05,1106.08,525.9,580.18,527.62,0.475
3722,155,28.7,26.31,0.02084,0.83,0.0,0.05,1064.72,515.87,548.85,498.12,0.485
3723,155,29.0,25.99,0.02017,0.79,0.0,0.05,1039.98,525.36,514.62,475.94,0.505
3724,155,29.0,25.99,0.02019,0.79,0.0,0.05,1040.91,525.24,515.66,476.77,0.505
3725,155,28.7,26.31,0.02087,0.83,0.0,0.05,1065.23,515.3,549.93,498.98,0.484
3726,155,29.0,25.99,0.02017,0.79,0.0,0.05,1039.48,524.86,514.62,475.94,0.505
3727,155,29.0,25.99,0.02017,0.79,0.0,0.05,1039.43,524.81,514.62,475.94,0.505
3728,155,28.8,26.7,0.02149,0.85,27.0,0.525,2037.18,1074.82,962.36,834.03,0.528
3729,155,27.7,25.93,0.02058,0.87,159.0,1.0,2964.06,1709.2,1254.86,1025.67,0.577
3730,155,26.6,24.03,0.01789,0.81,318.0,1.0,2848.61,1855.56,993.05,754.37,0.651
3731,155,25.5,24.6,0.01929,0.93,454.0,1.0,3100.86,1971.84,1129.02,837.1,0.636
3732,155,27.0,24.83,0.01903,0.84,554.0,1.0,3279.35,2175.63,1103.72,866.79,0.663
3733,155,29.0,25.22,0.01883,0.74,607.0,1.0,3430.62,2346.12,1084.5,919.3,0.684
3734,155,30.4,25.02,0.01794,0.65,609.0,1.0,3419.46,2421.57,997.89,890.94,0.708
3735,155,31.0,24.5,0.01682,0.59,634.0,1.0,3375.28,2486.02,889.26,815.15,0.737
3736,155,32.0,24.8,0.0169,0.56,572.0,1.0,3356.79,2459.7,897.09,856.92,0.733
3737,155,32.1,24.51,0.0164,0.54,431.0,1.0,3133.71,2286.0,847.71,816.45,0.729
3738,155,32.0,23.45,0.01474,0.49,253.0,1.0,2741.1,2054.32,686.78,669.74,0.749
3739,155,31.0,23.76,0.01565,0.55,51.0,0.5,1692.2,1173.88,518.33,511.03,0.694
3740,155,28.5,23.17,0.01578,0.64,0.0,0.05,806.03,513.01,293.02,293.27,0.636
3741,155,28.0,23.05,0.01579,0.66,0.0,0.05,789.2,495.63,293.57,285.7,0.628
3742,155,28.0,23.05,0.01577,0.66,0.0,0.05,787.23,494.47,292.76,285.06,0.628
3743,155,27.6,23.16,0.01612,0.69,0.0,0.05,790.52,480.35,310.17,292.38,0.608
3744,156,27.0,23.38,0.0167,0.74,0.0,0.05,799.31,459.55,339.76,306.1,0.575
3745,156,27.0,24.12,0.01786,0.79,0.0,0.05,856.6,458.21,398.38,352.31,0.535
3746,156,26.6,24.59,0.01882,0.85,0.0,0.05,890.62,443.93,446.68,383.97,0.498
3747,156,27.0,25.53,0.02022,0.89,0.0,0.05,973.13,455.81,517.32,446.05,0.468
3748,156,26.0,25.22,0.02013,0.94,0.0,0.05,934.97,422.17,512.8,426.48,0.452
3749,156,26.4,25.48,0.02042,0.93,0.0,0.05,961.49,433.96,527.53,444.5,0.451
3750,156,26.0,24.56,0.01903,0.89,0.0,0.05,877.0,419.93,457.08,382.56,0.479
3751,156,26.0,24.56,0.01903,0.89,0.0,0.05,875.97,418.89,457.08,382.56,0.478
3752,156,26.8,25.33,0.01998,0.89,40.0,0.525,1849.1,998.74,850.36,687.43,0.54
3753,156,29.0,25.22,0.01883,0.74,239.0,1.0,2954.94,1870.44,1084.5,919.3,0.633
3754,156,30.0,26.94,0.02138,0.79,469.0,1.0,3550.69,2218.2,1332.5,1174.83,0.625
3755,156,31.1,27.16,0.02133,0.74,654.0,1.0,3841.14,2513.86,1327.27,1208.47,0.654
3756,156,32.0,27.49,0.02154,0.71,755.0,1.0,4040.21,2691.93,1348.28,1258.49,0.666
3757,156,30.0,25.5,0.01889,0.7,746.0,1.0,3669.87,2579.52,1090.35,959.31,0.703
3758,156,29.0,24.91,0.01833,0.72,608.0,1.0,3387.07,2351.69,1035.38,875.59,0.694
3759,156,28.0,25.79,0.02023,0.84,558.0,1.0,3456.88,2236.01,1220.87,1005.86,0.647
3760,156,27.0,25.53,0.02024,0.89,462.0,1.0,3282.15,2060.69,1221.46,971.58,0.628
3761,156,27.4,24.93,0.01908,0.82,328.0,1.0,3016.53,1908.33,1108.2,884.7,0.633
3762,156,28.0,25.79,0.02025,0.84,171.0,1.0,2960.08,1737.19,1222.89,1007.66,0.587
3763,156,27.0,24.83,0.01907,0.84,34.0,0.5,1744.25,977.96,766.29,622.83,0.561
3764,156,27.0,25.53,0.02022,0.89,0.0,0.05,972.35,455.03,517.32,446.05,0.468
3765,156,27.0,25.53,0.02022,0.89,0.0,0.05,971.62,454.3,517.32,446.05,0.468
3766,156,28.0,25.79,0.02021,0.84,0.0,0.05,1003.5,486.49,517.02,461.83,0.485
3767,156,27.9,26.54,0.02158,0.9,0.0,0.05,1069.16,483.29,585.87,514.5,0.452
3768,157,28.0,26.5,0.02146,0.89,0.0,0.05,1066.45,486.58,579.87,511.37,0.456
3769,157,27.0,25.53,0.0202,0.89,0.0,0.05,970.12,453.84,516.27,445.23,0.468
3770,157,26.9,26.11,0.02126,0.94,0.0,0.05,1020.1,450.0,570.11,486.06,0.441
3771,157,27.0,26.21,0.02137,0.94,0.0,0.05,1028.27,452.73,575.54,491.95,0.44
3772,157,27.0,26.21,0.02137,0.94,0.0,0.05,1027.86,452.32,575.54,491.95,0.44
3773,157,26.6,25.81,0.02088,0.94,0.0,0.05,989.53,438.84,550.68,465.95,0.443
3774,157,27.0,25.53,0.0202,0.89,0.0,0.05,967.68,451.41,516.27,445.23,0.466
3775,157,24.0,23.26,0.01775,0.94,0.0,0.05,745.28,352.76,392.52,299.65,0.473
3776,157,23.8,22.94,0.01734,0.93,26.0,0.525,1513.11,857.55,655.56,449.68,0.567
3777,157,24.0,22.62,0.01678,0.89,159.0,1.0,2391.34,1506.47,884.87,567.59,0.63
3778,157,25.0,23.59,0.01784,0.89,316.0,1.0,2746.29,1757.93,988.36,694.51,0.64
3779,157,27.9,24.36,0.01786,0.75,454.0,1.0,3073.86,2083.9,989.96,796.87,0.678
3780,157,29.0,23.94,0.01672,0.66,682.0,1.0,3313.9,2434.32,879.58,736.92,0.735
3781,157,31.0,24.5,0.01679,0.59,831.0,1.0,3616.3,2730.38,885.93,812.18,0.755
3782,157,31.6,24.83,0.0171,0.58,881.0,1.0,3744.68,2828.21,916.47,860.25,0.755
3783,157,32.0,25.37,0.01782,0.59,839.0,1.0,3783.6,2797.71,985.89,935.95,0.739
3784,157,32.0,25.36,0.01784,0.59,702.0,1.0,3612.25,2624.59,987.66,937.53,0.727
3785,157,31.7,25.83,0.01877,0.63,498.0,1.0,3428.17,2349.7,1078.47,1007.91,0.685
3786,157,31.0,24.5,0.01682,0.59,260.0,1.0,2899.32,2010.06,889.26,815.15,0.693
3787,157,30.0,25.5,0.01891,0.7,52.0,0.5,1886.29,1131.41,754.88,687.84,0.6
3788,157,29.0,24.59,0.0178,0.7,0.0,0.05,922.32,527.03,395.29,381.89,0.571
3789,157,28.0,25.79,0.02021,0.84,0.0,0.05,1010.9,493.88,517.02,461.83,0.489
3790,157,28.0,25.79,0.02021,0.84,0.0,0.05,1009.98,492.96,517.02,461.83,0.488
3791,157,27.7,25.93,0.02058,0.87,0.0,0.05,1018.04,482.32,535.72,471.76,0.474
3792,158,28.0,26.5,0.02144,0.89,0.0,0.05,1070.05,491.29,578.76,510.49,0.459
3793,158,28.0,26.5,0.02144,0.89,0.0,0.05,1069.48,490.72,578.76,510.49,0.459
3794,158,28.0,26.64,0.02169,0.9,0.0,0.05,1081.57,490.23,591.34,520.41,0.453
3795,158,28.0,26.5,0.02146,0.89,0.0,0.05,1069.67,489.8,579.87,511.37,0.458
3796,158,28.0,26.5,0.02146,0.89,0.0,0.05,1069.3,489.43,579.87,511.37,0.458
3797,158,27.4,26.74,0.02216,0.95,0.0,0.05,1084.83,469.43,615.4,529.76,0.433
3798,158,28.0,26.5,0.02148,0.89,0.0,0.05,1069.45,488.47,580.98,512.24,0.457
3799,158,27.0,26.21,0.02137,0.94,0.0,0.05,1031.02,455.48,575.54,491.95,0.442
3800,158,28.2,26.55,0.02149,0.88,26.0,0.525,2005.83,1043.75,962.08,818.54,0.52
3801,158,29.0,26.74,0.02146,0.84,177.0,1.0,3135.61,1795.14,1340.47,1147.11,0.573
3802,158,30.0,26.94,0.02136,0.79,386.0,1.0,3445.75,2115.39,1330.36,1172.93,0.614
3803,158,30.5,27.41,0.02203,0.79,589.0,1.0,3797.8,2402.68,1395.12,1247.96,0.633
3804,158,32.0,26.8,0.02027,0.67,754.0,1.0,3917.4,2693.0,1224.4,1148.23,0.687
3805,158,32.0,27.49,0.02154,0.71,852.0,1.0,4169.02,2820.74,1348.28,1258.49,0.677
3806,158,32.5,27.25,0.02091,0.67,876.0,1.0,4166.03,2879.08,1286.96,1221.32,0.691
3807,158,33.0,26.98,0.0202,0.63,763.0,1.0,3979.76,2761.76,1218.0,1177.34,0.694
3808,158,33.0,26.23,0.01888,0.59,569.0,1.0,3604.29,2514.8,1089.49,1062.97,0.698
3809,158,32.4,26.98,0.02049,0.66,328.0,1.0,3422.35,2176.34,1246.01,1181.39,0.636
3810,158,31.0,26.41,0.02004,0.7,171.0,1.0,3105.8,1903.74,1202.06,1093.54,0.613
3811,158,31.0,27.23,0.02152,0.75,34.0,0.5,2101.3,1156.82,944.49,874.45,0.551
3812,158,30.0,26.94,0.02138,0.79,0.0,0.05,1142.36,566.32,576.04,540.37,0.496
3813,158,29.0,26.74,0.02146,0.84,0.0,0.05,1113.09,532.91,580.18,527.62,0.479
3814,158,29.0,26.74,0.02144,0.84,0.0,0.05,1110.84,531.77,579.07,526.74,0.479
3815,158,29.1,26.99,0.02184,0.85,0.0,0.05,1133.05,534.06,598.99,544.05,0.471
3816,159,29.0,26.74,0.02142,0.84,0.0,0.05,1107.94,529.99,577.96,525.87,0.478
3817,159,29.0,26.74,0.02144,0.84,0.0,0.05,1108.31,529.24,579.07,526.74,0.478
3818,159,29.0,26.6,0.02118,0.83,0.0,0.05,1094.33,528.6,565.74,516.24,0.483
3819,159,29.0,26.74,0.02144,0.84,0.0,0.05,1107.1,528.04,579.07,526.74,0.477
3820,159,29.0,26.74,0.02144,0.84,0.0,0.05,1106.62,527.56,579.07,526.74,0.477
3821,159,29.0,26.0,0.02012,0.79,0.0,0.05,1039.67,527.14,512.53,474.3,0.507
3822,159,29.0,26.0,0.02012,0.79,0.0,0.05,1039.31,526.78,512.53,474.3,0.507
3823,159,29.0,26.0,0.02012,0.79,0.0,0.05,1039.0,526.47,512.53,474.3,0.507
3824,159,29.0,26.74,0.02144,0.84,34.0,0.525,2052.37,1093.67,958.69,835.97,0.533
3825,159,29.0,27.47,0.02274,0.89,59.0,1.0,3114.06,1649.37,1464.69,1257.67,0.53
3826,159,30.0,26.94,0.02134,0.79,119.0,1.0,3105.97,1777.74,1328.23,1171.03,0.572
3827,159,30.7,27.28,0.02166,0.77,450.0,1.0,3598.42,2238.89,1359.54,1223.26,0.622
3828,159,31.0,27.24,0.02146,0.75,549.0,1.0,3721.79,2382.18,1339.62,1215.97,0.64
3829,159,31.0,27.88,0.02264,0.79,601.0,1.0,3904.7,2449.78,1454.92,1318.59,0.627
3830,159,31.5,27.54,0.02181,0.74,604.0,1.0,3854.73,2480.2,1374.52,1264.44,0.643
3831,159,31.0,27.24,0.0215,0.75,556.0,1.0,3737.72,2393.81,1343.9,1219.78,0.64
3832,159,31.0,27.24,0.0215,0.75,461.0,1.0,3616.4,2272.5,1343.9,1219.78,0.628
3833,159,31.5,25.29,0.01791,0.61,329.0,1.0,3124.21,2129.44,994.77,926.45,0.682
3834,159,31.0,25.73,0.01884,0.66,172.0,1.0,2988.43,1902.97,1085.46,989.77,0.637
3835,159,30.0,26.31,0.02026,0.75,35.0,0.5,1967.78,1114.61,853.16,771.66,0.566
3836,159,30.0,26.31,0.02026,0.75,0.0,0.05,1083.75,564.16,519.59,495.87,0.521
3837,159,30.0,26.31,0.02024,0.75,0.0,0.05,1082.39,563.85,518.54,495.04,0.521
3838,159,29.0,26.0,0.0201,0.79,0.0,0.05,1042.27,530.78,511.49,473.48,0.509
3839,159,29.0,26.0,0.0201,0.79,0.0,0.05,1041.42,529.93,511.49,473.48,0.509
3840,160,29.0,26.74,0.02142,0.84,0.0,0.05,1107.14,529.19,577.96,525.87,0.478
3841,160,29.0,26.74,0.02142,0.84,0.0,0.05,1106.5,528.55,577.96,525.87,0.478
3842,160,29.0,26.15,0.02039,0.8,0.0,0.05,1053.82,528.0,525.82,484.77,0.501
3843,160,29.0,26.0,0.02012,0.79,0.0,0.05,1040.05,527.52,512.53,474.3,0.507
3844,160,29.0,26.0,0.02012,0.79,0.0,0.05,1039.64,527.11,512.53,474.3,0.507
3845,160,28.8,26.4,0.02093,0.83,0.0,0.05,1073.2,520.19,553.01,503.0,0.485
3846,160,29.0,26.74,0.02142,0.84,0.0,0.05,1104.28,526.32,577.96,525.87,0.477
3847,160,29.0,26.0,0.0201,0.79,0.0,0.05,1037.57,526.07,511.49,473.48,0.507
3848,160,29.1,26.69,0.02128,0.83,25.0,0.05,1132.26,561.21,571.05,522.03,0.496
3849,160,30.0,26.94,0.02134,0.79,156.0,0.15,1524.14,870.91,653.24,605.19,0.571
3850,160,30.0,26.94,0.02134,0.79,312.0,0.15,1724.7,1071.46,653.24,605.19,0.621
3851,160,31.2,27.58,0.02201,0.76,449.0,0.15,1979.77,1289.33,690.44,656.8,0.651
3852,160,32.0,28.17,0.02276,0.75,547.0,0.15,2175.74,1443.95,731.79,704.57,0.664
3853,160,32.0,28.17,0.02276,0.75,600.0,0.15,2245.16,1513.37,731.79,704.57,0.674
3854,160,32.5,27.25,0.02089,0.67,604.0,0.15,2165.65,1537.13,628.52,630.22,0.71
3855,160,32.0,27.49,0.02152,0.71,728.0,0.15,2343.62,1680.18,663.44,649.4,0.717
3856,160,33.0,26.98,0.02018,0.63,668.0,0.05,2036.21,1520.68,515.53,540.7,0.747
3857,160,31.2,26.76,0.02058,0.71,491.0,0.05,1771.37,1235.98,535.39,527.53,0.698
3858,160,31.0,26.41,0.02002,0.7,258.0,0.05,1437.88,930.63,507.26,502.16,0.647
3859,160,31.0,26.41,0.02002,0.7,53.0,0.05,1174.87,667.61,507.26,502.16,0.568
3860,160,30.0,26.31,0.02026,0.75,0.0,0.05,1086.36,566.78,519.59,495.87,0.522
3861,160,30.0,26.31,0.02022,0.75,0.0,0.05,1083.61,566.11,517.49,494.22,0.522
3862,160,29.0,26.0,0.0201,0.79,0.0,0.05,1044.22,532.73,511.49,473.48,0.51
3863,160,29.4,26.06,0.02005,0.77,0.0,0.05,1053.59,544.73,508.85,477.8,0.517
3864,161,29.0,26.0,0.0201,0.79,0.0,0.05,1042.39,530.89,511.49,473.48,0.509
3865,161,29.0,26.0,0.0201,0.79,0.0,0.05,1041.52,530.02,511.49,473.48,0.509
3866,161,28.7,26.16,0.02052,0.82,0.0,0.05,1051.99,519.43,532.56,485.28,0.494
3867,161,29.0,26.74,0.02144,0.84,0.0,0.05,1107.5,528.44,579.07,526.74,0.477
3868,161,28.6,26.51,0.02121,0.85,0.0,0.05,1082.3,514.78,567.53,511.24,0.476
3869,161,28.3,26.36,0.02109,0.86,0.0,0.05,1065.41,504.22,561.19,501.44,0.473
3870,161,28.0,26.5,0.02144,0.89,0.0,0.05,1072.34,493.58,578.76,510.49,0.46
3871,161,28.0,26.5,0.02144,0.89,0.0,0.05,1071.46,492.7,578.76,510.49,0.46
3872,161,28.0,26.92,0.02218,0.92,25.0,0.05,1140.55,524.01,616.54,540.27,0.459
3873,161,27.0,25.53,0.02016,0.89,155.0,0.15,1351.41,763.62,587.79,498.41,0.565
3874,161,23.0,22.27,0.01666,0.94,313.0,0.15,1238.19,843.95,394.24,288.24,0.682
3875,161,25.6,23.9,0.01806,0.87,450.0,0.15,1560.4,1088.62,471.78,379.61,0.698
3876,161,29.0,25.23,0.01879,0.74,549.0,0.15,1844.64,1332.45,512.19,473.38,0.722
3877,161,30.0,24.84,0.01773,0.66,603.0,0.15,1890.5,1437.39,453.11,443.68,0.76
3878,161,31.0,26.08,0.01941,0.68,605.0,0.15,2022.52,1476.13,546.4,536.96,0.73
3879,161,30.0,26.15,0.01999,0.74,557.0,0.15,1959.86,1381.59,578.26,544.69,0.705
3880,161,29.0,25.99,0.02015,0.79,462.0,0.05,1629.19,1115.62,513.57,475.12,0.685
3881,161,29.5,24.55,0.01753,0.67,329.0,0.05,1343.23,961.62,381.61,379.11,0.716
3882,161,30.0,24.84,0.01776,0.66,173.0,0.05,1171.7,778.41,393.29,396.32,0.664
3883,161,29.0,25.22,0.01883,0.74,35.0,0.05,1016.56,569.32,447.24,422.84,0.56
3884,161,27.9,24.66,0.01837,0.77,0.0,0.05,912.19,488.34,423.85,386.79,0.535
3885,161,28.0,24.3,0.01772,0.74,0.0,0.05,882.08,490.95,391.13,362.6,0.557
3886,161,28.0,25.06,0.01895,0.79,0.0,0.05,943.86,490.42,453.43,411.7,0.52
3887,161,28.6,26.07,0.02042,0.82,0.0,0.05,1037.08,509.66,527.42,479.63,0.491
3888,162,29.0,26.74,0.02142,0.84,0.0,0.05,1100.72,522.76,577.96,525.87,0.475
3889,162,28.0,26.5,0.02141,0.89,0.0,0.05,1067.84,490.19,577.65,509.61,0.459
3890,162,28.0,26.07,0.02069,0.86,0.0,0.05,1030.83,489.77,541.06,480.77,0.475
3891,162,26.8,25.34,0.01993,0.89,0.0,0.05,952.98,450.04,502.94,431.52,0.472
3892,162,25.6,24.57,0.01919,0.92,0.0,0.05,875.09,409.61,465.48,382.78,0.468
3893,162,24.4,23.78,0.01843,0.95,0.0,0.05,795.45,368.58,426.87,333.14,0.463
3894,162,24.6,23.72,0.01825,0.93,0.0,0.05,790.96,372.96,418.0,329.34,0.472
3895,162,24.8,23.66,0.01805,0.91,0.0,0.05,785.58,377.75,407.83,324.53,0.481
3896,162,25.0,23.59,0.01786,0.89,25.0,0.525,1595.43,901.25,694.18,508.12,0.565
3897,162,26.6,24.17,0.0181,0.82,155.0,1.0,2649.11,1635.75,1013.36,772.44,0.617
3898,162,28.1,24.7,0.0183,0.76,312.0,1.0,2947.83,1914.6,1033.23,842.34,0.649
3899,162,29.7,25.23,0.0185,0.7,449.0,1.0,3226.34,2173.88,1052.46,915.15,0.674
3900,162,31.0,27.24,0.02146,0.75,547.0,1.0,3708.13,2368.52,1339.62,1215.97,0.639
3901,162,31.0,26.41,0.02,0.7,601.0,1.0,3638.25,2440.19,1198.07,1089.99,0.671
3902,162,30.7,26.63,0.02054,0.73,603.0,1.0,3679.97,2429.35,1250.62,1126.32,0.66
3903,162,31.0,27.24,0.0215,0.75,555.0,1.0,3728.77,2384.87,1343.9,1219.78,0.64
3904,162,31.0,26.41,0.02002,0.7,462.0,1.0,3467.22,2267.16,1200.06,1091.76,0.654
3905,162,30.4,26.36,0.0202,0.73,328.0,1.0,3283.21,2065.67,1217.54,1086.43,0.629
3906,162,29.0,25.99,0.02015,0.79,173.0,1.0,3007.64,1795.41,1212.22,1032.97,0.597
3907,162,29.0,25.99,0.02015,0.79,36.0,0.5,1912.58,1068.07,844.51,739.37,0.558
3908,162,28.4,25.73,0.01994,0.81,0.0,0.05,1009.1,505.77,503.33,457.44,0.501
3909,162,28.0,25.06,0.01895,0.79,0.0,0.05,945.57,492.14,453.43,411.7,0.52
3910,162,28.0,25.06,0.01893,0.79,0.0,0.05,943.91,491.46,452.45,410.93,0.521
3911,162,27.9,24.81,0.01859,0.78,0.0,0.05,922.88,487.58,435.29,395.81,0.528
3912,163,28.0,25.79,0.02017,0.84,0.0,0.05,1005.22,490.29,514.93,460.18,0.488
3913,163,28.0,26.5,0.02141,0.89,0.0,0.05,1067.5,489.86,577.65,509.61,0.459
3914,163,27.5,26.15,0.02104,0.9,0.0,0.05,1031.83,473.08,558.76,486.72,0.458
3915,163,28.0,26.5,0.02146,0.89,0.0,0.05,1068.72,488.85,579.87,511.37,0.457
3916,163,28.0,26.5,0.02146,0.89,0.0,0.05,1068.48,488.61,579.87,511.37,0.457
3917,163,28.0,26.36,0.02123,0.88,0.0,0.05,1056.78,488.4,568.38,502.31,0.462
3918,163,28.0,26.5,0.02146,0.89,0.0,0.05,1068.09,488.23,579.87,511.37,0.457
3919,163,27.0,25.53,0.02018,0.89,0.0,0.05,970.5,455.27,515.23,444.41,0.469
3920,163,28.0,26.36,0.02119,0.88,24.0,0.525,1972.41,1032.57,939.85,794.45,0.524
3921,163,29.0,26.74,0.02142,0.84,154.0,1.0,3101.54,1765.36,1336.19,1143.3,0.569
3922,163,30.0,26.31,0.02022,0.75,310.0,1.0,3237.43,2017.66,1219.77,1074.5,0.623
3923,163,30.7,27.28,0.02166,0.77,446.0,1.0,3588.9,2229.37,1359.54,1223.26,0.621
3924,163,31.0,27.24,0.02146,0.75,672.0,1.0,3875.77,2536.16,1339.62,1215.97,0.654
3925,163,32.0,27.49,0.02152,0.71,820.0,1.0,4125.15,2779.02,1346.13,1256.58,0.674
3926,163,32.0,27.32,0.02123,0.7,872.0,1.0,4165.34,2847.56,1317.77,1231.34,0.684
3927,163,32.0,27.49,0.02154,0.71,803.0,1.0,4108.93,2760.65,1348.28,1258.49,0.672
3928,163,31.0,27.23,0.02152,0.75,667.0,1.0,3882.02,2535.97,1346.05,1221.7,0.653
3929,163,31.2,27.9,0.02268,0.78,474.0,1.0,3757.96,2299.3,1458.66,1328.88,0.612
3930,163,31.0,27.23,0.02152,0.75,254.0,1.0,3353.45,2007.4,1346.05,1221.7,0.599
3931,163,30.0,26.93,0.0214,0.79,53.0,0.5,2073.01,1137.05,935.96,842.26,0.549
3932,163,29.9,26.84,0.02126,0.79,0.0,0.05,1129.96,560.32,569.64,533.72,0.496
3933,163,30.0,26.94,0.02136,0.79,0.0,0.05,1138.23,563.3,574.93,539.49,0.495
3934,163,29.0,26.74,0.02142,0.84,0.0,0.05,1108.26,530.3,577.96,525.87,0.479
3935,163,29.2,26.79,0.02141,0.83,0.0,0.05,1113.57,536.08,577.5,528.71,0.481
3936,164,29.0,26.74,0.02142,0.84,0.0,0.05,1106.91,528.96,577.96,525.87,0.478
3937,164,29.0,26.74,0.02142,0.84,0.0,0.05,1106.31,528.35,577.96,525.87,0.478
3938,164,28.8,26.4,0.02093,0.83,0.0,0.05,1074.27,521.26,553.01,503.0,0.485
3939,164,29.0,26.74,0.02144,0.84,0.0,0.05,1106.31,527.25,579.07,526.74,0.477
3940,164,29.0,26.74,0.02144,0.84,0.0,0.05,1105.94,526.87,579.07,526.74,0.476
3941,164,28.5,26.41,0.02106,0.85,0.0,0.05,1070.17,510.15,560.02,503.73,0.477
3942,164,28.0,26.5,0.02141,0.89,0.0,0.05,1070.8,493.15,577.65,509.61,0.461
3943,164,28.0,26.5,0.02141,0.89,0.0,0.05,1069.98,492.33,577.65,509.61,0.46
3944,164,27.5,25.88,0.02054,0.88,24.0,0.525,1907.52,1015.77,891.76,740.62,0.533
3945,164,27.0,25.53,0.02016,0.89,153.0,1.0,2877.68,1664.27,1213.4,964.41,0.578
3946,164,27.0,25.53,0.02016,0.89,310.0,1.0,3077.95,1864.55,1213.4,964.41,0.606
3947,164,29.4,26.06,0.02005,0.77,447.0,1.0,3366.3,2163.17,1203.13,1038.8,0.643
3948,164,30.0,26.94,0.02134,0.79,671.0,1.0,3810.35,2482.12,1328.23,1171.03,0.651
3949,164,31.0,27.24,0.02146,0.75,820.0,1.0,4065.41,2725.8,1339.62,1215.97,0.67
3950,164,32.2,27.16,0.02085,0.68,872.0,1.0,4136.27,2855.86,1280.41,1205.04,0.69
3951,164,33.0,25.66,0.01788,0.56,789.0,1.0,3784.34,2792.67,991.67,975.91,0.738
3952,164,32.1,25.82,0.01855,0.61,634.0,1.0,3606.46,2549.63,1056.83,1002.57,0.707
3953,164,31.3,26.0,0.0192,0.66,431.0,1.0,3369.24,2249.31,1119.93,1030.89,0.668
3954,164,25.0,23.59,0.01786,0.89,222.0,1.0,2646.93,1656.8,990.13,696.08,0.626
3955,164,23.0,23.0,0.01778,1.0,45.0,0.5,1528.54,856.06,672.48,468.1,0.56
3956,164,24.0,23.26,0.01775,0.94,0.0,0.05,751.75,359.23,392.52,299.65,0.478
3957,164,24.0,23.26,0.01775,0.94,0.0,0.05,748.8,356.29,392.52,299.65,0.476
3958,164,24.0,23.26,0.01775,0.94,0.0,0.05,746.26,353.74,392.52,299.65,0.474
3959,164,24.5,23.75,0.01829,0.94,0.0,0.05,787.59,367.94,419.65,329.04,0.467
3960,165,25.0,23.59,0.01784,0.89,0.0,0.05,780.07,382.76,397.31,319.44,0.491
3961,165,25.0,23.59,0.01784,0.89,0.0,0.05,779.0,381.69,397.31,319.44,0.49
3962,165,24.3,23.55,0.01808,0.94,0.0,0.05,767.08,357.81,409.27,317.66,0.466
3963,165,25.0,24.24,0.01888,0.94,0.0,0.05,829.01,379.54,449.46,360.55,0.458
3964,165,25.0,23.59,0.01786,0.89,0.0,0.05,777.15,378.91,398.23,320.17,0.488
3965,165,24.4,23.27,0.01761,0.91,0.0,0.05,744.36,358.69,385.68,300.66,0.482
3966,165,25.0,23.59,0.01784,0.89,0.0,0.05,774.84,377.53,397.31,319.44,0.487
3967,165,25.0,23.59,0.01784,0.89,0.0,0.05,774.49,377.18,397.31,319.44,0.487
3968,165,25.8,25.03,0.0198,0.94,34.0,0.525,1778.2,940.51,837.69,651.18,0.529
3969,165,28.0,25.79,0.02017,0.84,209.0,1.0,2987.37,1772.53,1214.83,1000.49,0.593
3970,165,29.0,25.23,0.01877,0.74,381.0,1.0,3125.24,2046.33,1078.9,914.32,0.655
3971,165,29.4,25.6,0.01923,0.74,446.0,1.0,3275.24,2152.33,1122.91,967.41,0.657
3972,165,30.0,26.31,0.0202,0.75,546.0,1.0,3531.29,2313.53,1217.76,1072.71,0.655
3973,165,32.0,26.81,0.02025,0.67,599.0,1.0,3709.17,2486.78,1222.38,1146.44,0.67
3974,165,30.4,26.84,0.02099,0.76,602.0,1.0,3705.79,2411.1,1294.69,1155.1,0.651
3975,165,27.0,23.38,0.01667,0.74,558.0,1.0,3055.07,2180.83,874.24,662.55,0.714
3976,165,25.0,23.59,0.01784,0.89,463.0,1.0,2943.41,1955.05,988.36,694.51,0.664
3977,165,26.0,24.69,0.01921,0.9,330.0,1.0,2955.23,1834.2,1121.04,847.4,0.621
3978,165,27.0,24.12,0.01785,0.79,175.0,1.0,2674.65,1685.99,988.65,764.38,0.63
3979,165,26.0,24.56,0.01897,0.89,37.0,0.5,1694.41,935.39,759.01,591.71,0.552
3980,165,25.5,24.21,0.01861,0.9,0.0,0.05,837.21,401.13,436.08,358.0,0.479
3981,165,25.0,24.24,0.01888,0.94,0.0,0.05,833.17,383.71,449.46,360.55,0.461
3982,165,25.0,24.24,0.01886,0.94,0.0,0.05,831.01,382.51,448.49,359.78,0.46
3983,165,25.2,23.92,0.01825,0.9,0.0,0.05,806.08,388.05,418.03,338.98,0.481
3984,166,25.0,23.59,0.01782,0.89,0.0,0.05,777.11,380.72,396.39,318.72,0.49
3985,166,25.0,24.24,0.01886,0.94,0.0,0.05,828.42,379.93,448.49,359.78,0.459
3986,166,24.8,23.92,0.01842,0.93,0.0,0.05,799.24,372.69,426.56,339.29,0.466
3987,166,25.0,24.24,0.01888,0.94,0.0,0.05,828.0,378.54,449.46,360.55,0.457
3988,166,25.0,24.24,0.01888,0.94,0.0,0.05,827.51,378.05,449.46,360.55,0.457
3989,166,24.9,24.14,0.01876,0.94,0.0,0.05,817.97,374.34,443.62,354.34,0.458
3990,166,25.0,24.24,0.01888,0.94,0.0,0.05,826.66,377.19,449.46,360.55,0.456
3991,166,25.0,24.24,0.01888,0.94,0.0,0.05,826.35,376.88,449.46,360.55,0.456
3992,166,25.7,24.93,0.01968,0.94,31.0,0.525,1760.96,932.19,828.77,641.01,0.529
3993,166,27.0,25.53,0.02014,0.89,199.0,1.0,2919.22,1707.82,1211.4,962.63,0.585
3994,166,29.0,26.75,0.02138,0.84,403.0,1.0,3405.62,2073.69,1331.93,1139.51,0.609
3995,166,29.6,26.25,0.02025,0.77,583.0,1.0,3560.09,2337.64,1222.45,1062.96,0.657
3996,166,31.0,26.41,0.01996,0.7,714.0,1.0,3774.2,2580.1,1194.09,1086.45,0.684
3997,166,32.0,27.5,0.02148,0.71,783.0,1.0,4064.82,2722.97,1341.85,1252.76,0.67
3998,166,30.3,26.75,0.02085,0.76,788.0,1.0,3925.23,2644.67,1280.56,1139.04,0.674
3999,166,31.1,26.67,0.02039,0.71,684.0,1.0,3790.47,2554.09,1236.37,1127.56,0.674
4000,166,32.0,26.8,0.02027,0.67,522.0,1.0,3618.97,2394.57,1224.4,1148.23,0.662
4001,166,31.1,26.17,0.01952,0.68,330.0,1.0,3255.89,2103.99,1151.91,1052.39,0.646
4002,166,30.0,25.5,0.01885,0.7,187.0,1.0,2951.68,1865.09,1086.59,955.97,0.632
4003,166,29.0,25.23,0.01881,0.74,42.0,0.5,1824.19,1076.49,747.71,656.81,0.59
4004,166,28.0,25.79,0.02017,0.84,0.0,0.05,1008.2,493.27,514.93,460.18,0.489
4005,166,27.0,24.83,0.01899,0.84,0.0,0.05,914.88,459.62,455.26,397.14,0.502
4006,166,27.0,24.83,0.01899,0.84,0.0,0.05,913.54,458.28,455.26,397.14,0.502
4007,166,26.2,24.89,0.0194,0.9,0.0,0.05,906.98,430.87,476.11,400.76,0.475
4008,167,26.0,25.22,0.02007,0.94,0.0,0.05,932.48,422.8,509.68,424.02,0.453
4009,167,26.0,24.56,0.01897,0.89,0.0,0.05,875.51,421.38,454.13,380.24,0.481
4010,167,25.9,24.73,0.01929,0.91,0.0,0.05,887.23,416.87,470.36,391.43,0.47
4011,167,26.0,23.88,0.01787,0.84,0.0,0.05,817.8,419.02,398.78,336.61,0.512
4012,167,26.0,24.56,0.01899,0.89,0.0,0.05,873.22,418.11,455.11,381.01,0.479
4013,167,25.5,24.6,0.01929,0.93,0.0,0.05,871.28,400.92,470.36,385.03,0.46
4014,167,25.7,24.8,0.01951,0.93,0.0,0.05,887.84,406.49,481.35,396.89,0.458
4015,167,25.8,24.9,0.01961,0.93,0.0,0.05,895.42,409.04,486.38,402.45,0.457
4016,167,26.0,25.09,0.01985,0.93,30.0,0.05,952.06,453.51,498.55,415.25,0.476
4017,167,29.0,26.74,0.02142,0.84,207.0,0.15,1546.66,888.89,657.77,590.86,0.575
4018,167,29.0,26.0,0.0201,0.79,435.0,0.15,1767.72,1182.89,584.83,532.0,0.669
4019,167,30.5,26.45,0.02024,0.73,643.0,0.15,2095.39,1503.21,592.18,564.91,0.717
4020,167,30.0,26.31,0.02022,0.75,745.0,0.15,2210.16,1618.75,591.42,555.3,0.732
4021,167,30.0,26.94,0.02134,0.79,735.0,0.15,2260.65,1607.41,653.24,605.19,0.711
4022,167,29.3,26.13,0.0202,0.78,602.0,0.15,2003.9,1413.76,590.14,541.68,0.706
4023,167,27.0,24.83,0.01899,0.84,466.0,0.15,1683.1,1159.98,523.12,446.22,0.689
4024,167,27.0,25.53,0.02018,0.89,292.0,0.05,1344.85,829.62,515.23,444.41,0.617
4025,167,26.8,25.06,0.01947,0.87,125.0,0.05,1087.73,608.12,479.61,413.13,0.559
4026,167,26.0,25.22,0.02009,0.94,111.0,0.05,1073.87,563.16,510.71,424.84,0.524
4027,167,27.0,25.53,0.02018,0.89,31.0,0.05,1007.43,492.2,515.23,444.41,0.489
4028,167,26.4,25.22,0.01991,0.91,0.0,0.05,933.93,432.38,501.54,424.01,0.463
4029,167,26.0,25.22,0.02007,0.94,0.0,0.05,928.24,418.56,509.68,424.02,0.451
4030,167,26.0,24.56,0.01897,0.89,0.0,0.05,871.85,417.72,454.13,380.24,0.479
4031,167,25.7,24.93,0.01966,0.94,0.0,0.05,896.37,407.14,489.23,403.1,0.454
4032,168,26.0,25.22,0.02005,0.94,0.0,0.05,924.8,416.16,508.64,423.2,0.45
4033,168,26.0,25.22,0.02005,0.94,0.0,0.05,924.28,415.64,508.64,423.2,0.45
4034,168,25.6,24.83,0.01956,0.94,0.0,0.05,886.24,402.06,484.18,397.52,0.454
4035,168,26.0,25.22,0.02007,0.94,0.0,0.05,924.22,414.55,509.68,424.02,0.449
4036,168,26.0,25.22,0.02007,0.94,0.0,0.05,923.92,414.24,509.68,424.02,0.448
4037,168,26.1,24.25,0.01842,0.86,0.0,0.05,843.81,417.26,426.54,360.09,0.494
4038,168,26.0,23.88,0.01789,0.84,0.0,0.05,813.52,413.82,399.7,337.33,0.509
4039,168,25.0,23.59,0.01784,0.89,0.0,0.05,778.12,380.81,397.31,319.44,0.489
4040,168,26.0,24.15,0.01831,0.86,23.0,0.05,863.21,442.32,420.9,354.04,0.512
4041,168,27.0,24.12,0.01783,0.79,152.0,0.15,1205.54,746.85,458.69,394.22,0.62
4042,168,29.0,26.0,0.0201,0.79,307.0,0.15,1600.64,1015.81,584.83,532.0,0.635
4043,168,28.6,25.32,0.0191,0.77,445.0,0.15,1709.66,1180.64,529.03,479.77,0.691
4044,168,31.0,25.74,0.01878,0.66,616.0,0.15,1996.39,1484.71,511.67,508.94,0.744
4045,168,31.0,25.73,0.0188,0.66,737.0,0.15,2155.23,1642.49,512.74,509.79,0.762
4046,168,27.5,25.31,0.01959,0.84,789.0,0.15,2146.19,1589.67,556.52,482.17,0.741
4047,168,31.0,25.21,0.01794,0.63,686.0,0.15,2044.06,1579.04,465.03,471.29,0.772
4048,168,31.0,25.21,0.01794,0.63,524.0,0.05,1661.27,1258.95,402.32,419.45,0.758
4049,168,31.0,25.21,0.01796,0.63,332.0,0.05,1417.61,1014.36,403.25,420.18,0.716
4050,168,31.0,25.73,0.01882,0.66,176.0,0.05,1262.49,815.72,446.77,454.48,0.646
4051,168,30.0,24.84,0.01774,0.66,38.0,0.05,999.54,607.16,392.38,395.6,0.607
4052,168,29.1,25.0,0.0184,0.72,0.0,0.05,954.72,529.36,425.36,407.19,0.554
4053,168,28.0,25.06,0.01893,0.79,0.0,0.05,945.58,493.12,452.45,410.93,0.522
4054,168,28.0,25.06,0.01893,0.79,0.0,0.05,944.76,492.3,452.45,410.93,0.521
4055,168,27.4,25.36,0.01967,0.85,0.0,0.05,961.7,471.91,489.79,430.75,0.491
4056,169,27.0,25.53,0.02014,0.89,0.0,0.05,970.95,457.81,513.15,442.76,0.472
4057,169,27.0,25.53,0.02014,0.89,0.0,0.05,969.85,456.71,513.15,442.76,0.471
4058,169,26.8,25.06,0.01945,0.87,0.0,0.05,927.8,449.19,478.61,412.34,0.484
4059,169,27.0,24.83,0.01899,0.84,0.0,0.05,910.07,454.81,455.26,397.14,0.5
4060,169,27.0,25.53,0.02018,0.89,0.0,0.05,969.35,454.12,515.23,444.41,0.468
4061,169,26.2,25.42,0.02034,0.94,0.0,0.05,950.45,427.27,523.18,437.86,0.45
4062,169,26.0,25.22,0.02007,0.94,0.0,0.05,929.37,419.7,509.68,424.02,0.452
4063,169,26.0,25.22,0.02007,0.94,0.0,0.05,928.37,418.69,509.68,424.02,0.451
4064,169,26.5,25.58,0.02046,0.93,23.0,0.525,1850.41,964.1,886.31,710.55,0.521
4065,169,27.0,26.21,0.02133,0.94,150.0,1.0,2980.01,1652.73,1327.28,1065.76,0.555
4066,169,29.0,26.74,0.02142,0.84,306.0,1.0,3292.16,1955.98,1336.19,1143.3,0.594
4067,169,30.1,27.34,0.02203,0.81,442.0,1.0,3583.68,2188.37,1395.3,1234.21,0.611
4068,169,31.0,27.24,0.02146,0.75,543.0,1.0,3705.7,2366.08,1339.62,1215.97,0.638
4069,169,31.0,26.41,0.01998,0.7,598.0,1.0,3634.75,2438.67,1196.08,1088.22,0.671
4070,169,29.8,26.28,0.02028,0.76,602.0,1.0,3608.97,2383.64,1225.34,1072.49,0.66
4071,169,31.0,26.41,0.02,0.7,556.0,1.0,3585.4,2387.33,1198.07,1089.99,0.666
4072,169,31.0,25.21,0.01796,0.63,464.0,1.0,3270.53,2270.74,999.79,913.52,0.694
4073,169,30.8,25.38,0.01835,0.65,332.0,1.0,3129.96,2092.33,1037.63,940.24,0.668
4074,169,29.0,25.99,0.02015,0.79,176.0,1.0,3012.5,1800.27,1212.22,1032.97,0.598
4075,169,29.0,26.0,0.02012,0.79,38.0,0.5,1914.53,1071.51,843.01,738.09,0.56
4076,169,29.0,26.0,0.02012,0.79,0.0,0.05,1038.74,526.21,512.53,474.3,0.507
4077,169,28.0,25.79,0.02017,0.84,0.0,0.05,1008.1,493.17,514.93,460.18,0.489
4078,169,28.0,25.79,0.02017,0.84,0.0,0.05,1007.27,492.34,514.93,460.18,0.489
4079,169,27.7,25.65,0.02003,0.85,0.0,0.05,989.73,481.79,507.94,449.87,0.487
4080,170,27.0,25.53,0.02014,0.89,0.0,0.05,971.17,458.02,513.15,442.76,0.472
4081,170,27.0,25.53,0.02016,0.89,0.0,0.05,971.08,456.89,514.19,443.58,0.47
4082,170,26.8,25.61,0.02038,0.91,0.0,0.05,974.6,449.36,525.25,449.1,0.461
4083,170,26.0,26.0,0.02139,1.0,0.0,0.05,998.73,422.14,576.58,476.76,0.423
4084,170,26.0,26.0,0.02139,1.0,0.0,0.05,997.39,420.81,576.58,476.76,0.422
4085,170,26.3,26.04,0.02136,0.98,0.0,0.05,1004.43,429.5,574.93,480.26,0.428
4086,170,26.0,25.22,0.02009,0.94,0.0,0.05,929.56,418.85,510.71,424.84,0.451
4087,170,25.0,25.0,0.02014,1.0,0.0,0.05,898.46,385.15,513.31,410.87,0.429
4088,170,25.6,24.44,0.01894,0.91,22.0,0.525,1697.38,923.57,773.81,591.47,0.544
4089,170,27.0,25.53,0.02016,0.89,150.0,1.0,2864.49,1651.09,1213.4,964.41,0.576
4090,170,28.0,25.79,0.02017,0.84,306.0,1.0,3117.78,1902.95,1214.83,1000.49,0.61
4091,170,29.0,26.74,0.02142,0.84,442.0,1.0,3465.95,2129.76,1336.19,1143.3,0.614
4092,170,30.0,26.94,0.02134,0.79,542.0,1.0,3639.14,2310.91,1328.23,1171.03,0.635
4093,170,30.0,26.94,0.02134,0.79,596.0,1.0,3710.14,2381.9,1328.23,1171.03,0.642
4094,170,31.1,26.84,0.02069,0.72,601.0,1.0,3711.8,2446.57,1265.23,1153.25,0.659
4095,170,30.0,26.31,0.02024,0.75,556.0,1.0,3555.85,2334.06,1221.79,1076.29,0.656
4096,170,30.0,26.31,0.02026,0.75,463.0,1.0,3439.59,2215.79,1223.8,1078.09,0.644
4097,170,29.5,25.69,0.0194,0.74,332.0,1.0,3162.68,2022.84,1139.84,985.96,0.64
4098,170,29.0,25.22,0.01883,0.74,177.0,1.0,2883.17,1798.67,1084.5,919.3,0.624
4099,170,29.0,25.23,0.01881,0.74,39.0,0.5,1818.0,1070.3,747.71,656.81,0.589
4100,170,28.0,25.06,0.01895,0.79,0.0,0.05,944.67,491.24,453.43,411.7,0.52
4101,170,28.0,25.06,0.01893,0.79,0.0,0.05,943.13,490.68,452.45,410.93,0.52
4102,170,28.0,25.06,0.01893,0.79,0.0,0.05,942.65,490.19,452.45,410.93,0.52
4103,170,28.0,24.91,0.01867,0.78,0.0,0.05,928.8,489.77,439.02,400.35,0.527
4104,171,28.0,25.06,0.01892,0.79,0.0,0.05,940.89,489.41,451.48,410.17,0.52
4105,171,27.0,24.83,0.01899,0.84,0.0,0.05,911.55,456.29,455.26,397.14,0.501
4106,171,27.0,24.83,0.01899,0.84,0.0,0.05,910.65,455.39,455.26,397.14,0.5
4107,171,27.0,24.83,0.01899,0.84,0.0,0.05,909.88,454.62,455.26,397.14,0.5
4108,171,27.0,24.12,0.01783,0.79,0.0,0.05,850.5,453.95,396.54,350.86,0.534
4109,171,27.0,24.41,0.01831,0.81,0.0,0.05,874.33,453.38,420.95,370.09,0.519
4110,171,27.0,24.83,0.01899,0.84,0.0,0.05,908.14,452.88,455.26,397.14,0.499
4111,171,27.0,24.83,0.01899,0.84,0.0,0.05,907.71,452.45,455.26,397.14,0.498
4112,171,27.4,25.36,0.01969,0.85,22.0,0.525,1831.83,1002.24,829.59,684.91,0.547
4113,171,29.0,26.0,0.0201,0.79,149.0,1.0,2964.68,1756.46,1208.21,1029.41,0.592
4114,171,29.0,26.0,0.02008,0.79,305.0,1.0,3163.72,1957.5,1206.22,1027.63,0.619
4115,171,29.8,26.75,0.02106,0.79,442.0,1.0,3476.93,2175.32,1301.61,1140.37,0.626
4116,171,31.0,27.24,0.02146,0.75,542.0,1.0,3706.32,2366.71,1339.62,1215.97,0.639
4117,171,31.0,26.41,0.01998,0.7,597.0,1.0,3635.11,2439.04,1196.08,1088.22,0.671
4118,171,29.2,26.79,0.02141,0.83,601.0,1.0,3688.13,2352.82,1335.31,1149.48,0.638
4119,171,30.0,26.31,0.02024,0.75,628.0,1.0,3650.73,2428.94,1221.79,1076.29,0.665
4120,171,30.0,26.31,0.02026,0.75,570.0,1.0,3579.03,2355.22,1223.8,1078.09,0.658
4121,171,30.6,26.21,0.01984,0.71,435.0,1.0,3396.34,2213.61,1182.73,1062.42,0.652
4122,171,30.0,25.5,0.01887,0.7,226.0,1.0,3003.91,1915.44,1088.47,957.64,0.638
4123,171,29.0,25.99,0.02015,0.79,48.0,0.5,1928.98,1084.47,844.51,739.37,0.562
4124,171,29.0,26.0,0.02012,0.79,0.0,0.05,1038.85,526.32,512.53,474.3,0.507
4125,171,29.0,26.0,0.0201,0.79,0.0,0.05,1037.56,526.07,511.49,473.48,0.507
4126,171,28.0,25.79,0.02017,0.84,0.0,0.05,1007.98,493.05,514.93,460.18,0.489
4127,171,27.9,25.84,0.0203,0.85,0.0,0.05,1010.22,488.96,521.26,463.57,0.484
4128,172,28.0,25.79,0.02017,0.84,0.0,0.05,1006.41,491.48,514.93,460.18,0.488
4129,172,28.0,25.79,0.02017,0.84,0.0,0.05,1005.81,490.88,514.93,460.18,0.488
4130,172,27.5,25.45,0.01983,0.85,0.0,0.05,971.82,473.97,497.85,438.71,0.488
4131,172,27.0,24.83,0.01901,0.84,0.0,0.05,913.05,456.81,456.24,397.91,0.5
4132,172,27.0,24.83,0.01903,0.84,0.0,0.05,913.07,455.84,457.22,398.68,0.499
4133,172,27.6,25.41,0.01973,0.84,0.0,0.05,967.4,474.69,492.71,436.26,0.491
4134,172,27.0,25.53,0.02018,0.89,0.0,0.05,969.89,454.66,515.23,444.41,0.469
4135,172,27.0,25.53,0.02018,0.89,0.0,0.05,969.22,453.99,515.23,444.41,0.468
4136,172,27.7,25.93,0.02056,0.87,22.0,0.525,1909.97,1016.24,893.73,747.39,0.532
4137,172,29.0,26.0,0.0201,0.79,149.0,1.0,2966.02,1757.8,1208.21,1029.41,0.593
4138,172,30.0,26.94,0.02134,0.79,304.0,1.0,3337.21,2008.98,1328.23,1171.03,0.602
4139,172,29.5,26.31,0.02044,0.78,442.0,1.0,3402.54,2161.46,1241.08,1076.06,0.635
4140,172,30.0,26.31,0.02022,0.75,542.0,1.0,3536.09,2316.32,1219.77,1074.5,0.655
4141,172,31.0,27.24,0.02146,0.75,596.0,1.0,3777.8,2438.18,1339.62,1215.97,0.645
4142,172,31.5,26.53,0.01999,0.68,602.0,1.0,3670.19,2473.16,1197.02,1106.47,0.674
4143,172,31.0,25.73,0.01882,0.66,557.0,1.0,3474.82,2391.23,1083.59,988.1,0.688
4144,172,31.0,25.21,0.01796,0.63,465.0,1.0,3274.07,2274.28,999.79,913.52,0.695
4145,172,31.3,26.0,0.0192,0.66,333.0,1.0,3241.29,2121.36,1119.93,1030.89,0.654
4146,172,30.0,25.5,0.01887,0.7,178.0,1.0,2944.91,1856.44,1088.47,957.64,0.63
4147,172,29.0,25.99,0.02015,0.79,39.0,0.5,1919.66,1075.14,844.51,739.37,0.56
4148,172,28.7,26.01,0.0203,0.81,0.0,0.05,1040.0,518.4,521.61,476.65,0.498
4149,172,28.0,25.79,0.02019,0.84,0.0,0.05,1010.71,494.74,515.97,461.0,0.489
4150,172,28.0,25.79,0.02017,0.84,0.0,0.05,1008.63,493.7,514.93,460.18,0.489
4151,172,27.8,25.45,0.01969,0.83,0.0,0.05,976.61,486.24,490.37,437.62,0.498
4152,173,28.0,25.79,0.02017,0.84,0.0,0.05,1006.83,491.9,514.93,460.18,0.489
4153,173,27.0,25.53,0.02016,0.89,0.0,0.05,972.63,458.44,514.19,443.58,0.471
4154,173,27.5,25.02,0.01909,0.82,0.0,0.05,934.09,473.66,460.43,409.22,0.507
4155,173,28.0,25.79,0.02019,0.84,0.0,0.05,1005.32,489.35,515.97,461.0,0.487
4156,173,27.7,25.5,0.01983,0.84,0.0,0.05,976.91,479.2,497.71,441.8,0.491
4157,173,27.4,25.36,0.01973,0.85,0.0,0.05,961.75,468.91,492.84,433.16,0.488
4158,173,27.0,24.12,0.01783,0.79,0.0,0.05,851.75,455.21,396.54,350.86,0.534
4159,173,27.0,24.83,0.01899,0.84,0.0,0.05,909.72,454.46,455.26,397.14,0.5
4160,173,26.7,24.41,0.01844,0.83,21.0,0.525,1710.0,973.16,736.84,587.8,0.569
4161,173,27.0,24.12,0.01783,0.79,149.0,1.0,2641.21,1654.32,986.89,762.81,0.626
4162,173,29.0,25.23,0.01879,0.74,304.0,1.0,3036.66,1955.9,1080.77,915.97,0.644
4163,173,30.0,24.84,0.01774,0.66,443.0,1.0,3165.51,2186.65,978.86,860.09,0.691
4164,173,30.0,23.63,0.01582,0.59,546.0,1.0,3111.34,2320.12,791.22,693.09,0.746
4165,173,30.0,24.84,0.01773,0.66,599.0,1.0,3366.38,2389.28,977.1,858.52,0.71
4166,173,29.8,25.48,0.01891,0.71,603.0,1.0,3476.77,2385.1,1091.67,953.53,0.686
4167,173,30.0,24.84,0.01776,0.66,558.0,1.0,3319.07,2338.45,980.62,861.65,0.705
4168,173,31.0,25.73,0.01884,0.66,465.0,1.0,3357.0,2271.54,1085.46,989.77,0.677
4169,173,30.5,25.62,0.01889,0.68,333.0,1.0,3167.47,2077.71,1089.76,976.19,0.656
4170,173,30.0,25.5,0.01889,0.7,179.0,1.0,2945.52,1855.17,1090.35,959.31,0.63
4171,173,29.0,25.99,0.02015,0.79,40.0,0.5,1918.74,1074.22,844.51,739.37,0.56
4172,173,29.0,25.22,0.01885,0.74,0.0,0.05,974.55,526.33,448.22,423.6,0.54
4173,173,28.0,25.79,0.02021,0.84,0.0,0.05,1010.29,493.28,517.02,461.83,0.488
4174,173,28.0,25.79,0.02019,0.84,0.0,0.05,1008.41,492.44,515.97,461.0,0.488
4175,173,28.3,26.07,0.02056,0.84,0.0,0.05,1036.09,501.55,534.54,480.44,0.484
4176,174,28.0,25.79,0.02019,0.84,0.0,0.05,1007.25,491.27,515.97,461.0,0.488
4177,174,28.0,25.79,0.02017,0.84,0.0,0.05,1005.63,490.71,514.93,460.18,0.488
4178,174,27.7,25.93,0.02056,0.87,0.0,0.05,1015.03,480.37,534.65,470.92,0.473
4179,174,28.0,25.79,0.02019,0.84,0.0,0.05,1005.58,489.61,515.97,461.0,0.487
4180,174,27.0,25.53,0.02018,0.89,0.0,0.05,971.69,456.46,515.23,444.41,0.47
4181,174,26.7,24.26,0.01823,0.82,0.0,0.05,862.49,445.7,416.79,362.01,0.517
4182,174,25.0,23.59,0.01786,0.89,0.0,0.05,787.18,388.95,398.23,320.17,0.494
4183,174,25.0,24.24,0.01889,0.94,0.0,0.05,837.48,387.05,450.44,361.32,0.462
4184,174,23.6,22.86,0.01731,0.94,8.0,0.05,726.75,356.14,370.62,282.39,0.49
4185,174,25.0,24.24,0.01888,0.94,56.0,0.15,1074.07,557.31,516.76,405.11,0.519
4186,174,25.0,23.59,0.01784,0.89,115.0,0.15,1091.41,631.88,459.53,358.92,0.579
4187,174,25.5,24.21,0.01861,0.9,168.0,0.15,1218.36,716.29,502.07,402.25,0.588
4188,174,26.0,23.88,0.01787,0.84,206.0,0.15,1243.05,781.91,461.14,378.21,0.629
4189,174,27.0,25.53,0.02018,0.89,226.0,0.15,1431.15,842.21,588.93,499.33,0.588
4190,174,27.0,25.25,0.01971,0.87,228.0,0.15,1408.29,845.28,563.01,478.41,0.6
4191,174,27.0,24.83,0.01903,0.84,212.0,0.15,1350.47,825.19,525.27,447.96,0.611
4192,174,27.0,24.83,0.01903,0.84,177.0,0.05,1131.57,674.35,457.22,398.68,0.596
4193,174,27.6,25.26,0.01951,0.83,127.0,0.05,1111.7,630.22,481.48,427.41,0.567
4194,174,28.0,25.79,0.02021,0.84,68.0,0.05,1085.33,568.32,517.02,461.83,0.524
4195,174,27.0,24.83,0.01903,0.84,15.0,0.05,925.56,468.34,457.22,398.68,0.506
4196,174,26.9,25.57,0.02031,0.9,0.0,0.05,967.77,445.9,521.87,448.04,0.461
4197,174,27.0,25.53,0.0202,0.89,0.0,0.05,965.46,449.19,516.27,445.23,0.465
4198,174,27.0,25.53,0.02018,0.89,0.0,0.05,964.49,449.26,515.23,444.41,0.466
4199,174,26.7,24.96,0.01935,0.87,0.0,0.05,913.14,439.48,473.66,406.84,0.481
4200,175,27.0,24.83,0.01901,0.84,0.0,0.05,905.42,449.18,456.24,397.91,0.496
4201,175,26.0,25.22,0.02009,0.94,0.0,0.05,927.16,416.45,510.71,424.84,0.449
4202,175,26.8,25.06,0.01949,0.87,0.0,0.05,922.75,442.13,480.62,413.92,0.479
4203,175,27.0,25.53,0.0202,0.89,0.0,0.05,964.98,448.71,516.27,445.23,0.465
4204,175,27.0,25.53,0.02022,0.89,0.0,0.05,966.16,448.84,517.32,446.05,0.465
4205,175,26.4,25.08,0.01972,0.9,0.0,0.05,921.46,429.27,492.19,416.64,0.466
4206,175,27.0,25.53,0.02022,0.89,0.0,0.05,966.01,448.68,517.32,446.05,0.464
4207,175,27.0,25.53,0.0202,0.89,0.0,0.05,965.1,448.82,516.27,445.23,0.465
4208,175,27.5,25.45,0.01985,0.85,21.0,0.05,991.16,492.28,498.88,439.52,0.497
4209,175,29.0,26.74,0.02144,0.84,147.0,0.15,1472.8,813.81,658.99,591.84,0.553
4210,175,29.0,26.0,0.02012,0.79,303.0,0.15,1601.18,1015.21,585.97,532.92,0.634
4211,175,30.4,26.84,0.02101,0.76,440.0,0.15,1876.06,1240.75,635.31,597.92,0.661
4212,175,30.0,26.31,0.02024,0.75,542.0,0.15,1952.08,1359.51,592.57,556.23,0.696
4213,175,27.0,24.83,0.01901,0.84,598.0,0.15,1852.52,1328.33,524.2,447.09,0.717
4214,175,26.6,25.41,0.02017,0.91,602.0,0.15,1907.4,1318.83,588.57,491.84,0.691
4215,175,31.0,25.73,0.01886,0.66,558.0,0.15,1930.53,1414.59,515.94,512.38,0.733
4216,175,31.0,25.73,0.01886,0.66,466.0,0.05,1633.04,1184.32,448.72,456.02,0.725
4217,175,30.0,25.17,0.01834,0.68,335.0,0.05,1407.43,985.21,422.22,419.12,0.7
4218,175,29.0,25.22,0.01885,0.74,192.0,0.05,1218.05,769.84,448.22,423.6,0.632
4219,175,29.0,25.22,0.01885,0.74,46.0,0.05,1030.9,582.69,448.22,423.6,0.565
4220,175,28.0,25.05,0.01899,0.79,1.0,0.05,947.66,492.27,455.39,413.25,0.519
4221,175,28.0,25.05,0.01897,0.79,0.0,0.05,944.87,490.46,454.41,412.48,0.519
4222,175,28.0,25.05,0.01897,0.79,0.0,0.05,944.41,490.0,454.41,412.48,0.519
4223,175,27.8,25.31,0.01948,0.82,0.0,0.05,963.08,483.05,480.03,429.47,0.502
4224,176,28.0,25.79,0.02019,0.84,0.0,0.05,1005.11,489.14,515.97,461.0,0.487
4225,176,28.0,25.05,0.01897,0.79,0.0,0.05,943.27,488.86,454.41,412.48,0.518
4226,176,27.5,25.02,0.01915,0.82,0.0,0.05,935.61,472.22,463.39,411.55,0.505
4227,176,27.0,24.83,0.01903,0.84,0.0,0.05,912.52,455.3,457.22,398.68,0.499
4228,176,27.0,24.83,0.01905,0.84,0.0,0.05,912.75,454.54,458.21,399.46,0.498
4229,176,27.1,24.93,0.01916,0.84,0.0,0.05,921.21,457.16,464.05,405.66,0.496
4230,176,27.0,24.83,0.01903,0.84,0.0,0.05,910.6,453.38,457.22,398.68,0.498
4231,176,27.0,24.83,0.01903,0.84,0.0,0.05,910.1,452.88,457.22,398.68,0.498
4232,176,28.0,25.35,0.01947,0.81,21.0,0.525,1839.6,1026.65,812.95,685.92,0.558
4233,176,29.0,26.0,0.02012,0.79,147.0,1.0,2964.81,1754.59,1210.22,1031.19,0.592
4234,176,30.0,25.5,0.01885,0.7,303.0,1.0,3093.73,2007.14,1086.59,955.97,0.649
4235,176,30.5,25.96,0.01942,0.7,441.0,1.0,3352.89,2211.3,1141.59,1022.32,0.66
4236,176,31.0,27.88,0.02266,0.79,539.0,1.0,3821.47,2364.28,1457.18,1320.61,0.619
4237,176,29.0,25.22,0.01883,0.74,598.0,1.0,3422.85,2338.34,1084.5,919.3,0.683
4238,176,29.4,25.59,0.01931,0.74,603.0,1.0,3496.1,2365.52,1130.58,974.23,0.677
4239,176,31.0,26.41,0.02004,0.7,557.0,1.0,3591.5,2389.44,1202.06,1093.54,0.665
4240,176,31.0,24.5,0.01681,0.59,468.0,1.0,3164.18,2276.59,887.59,813.66,0.719
4241,176,31.0,24.68,0.01712,0.6,336.0,1.0,3026.15,2108.4,917.75,840.5,0.697
4242,176,31.0,24.5,0.01681,0.59,181.0,1.0,2798.14,1910.55,887.59,813.66,0.683
4243,176,29.0,25.22,0.01885,0.74,41.0,0.5,1827.68,1077.17,750.5,659.2,0.589
4244,176,29.4,25.59,0.01931,0.74,0.0,0.05,1012.07,540.9,471.17,448.1,0.534
4245,176,28.0,25.79,0.02019,0.84,0.0,0.05,1010.74,494.77,515.97,461.0,0.49
4246,176,28.0,25.79,0.02019,0.84,0.0,0.05,1009.7,493.73,515.97,461.0,0.489
4247,176,28.0,25.93,0.02044,0.85,0.0,0.05,1021.34,492.83,528.51,470.88,0.483
4248,177,28.0,25.06,0.01893,0.79,0.0,0.05,944.5,492.05,452.45,410.93,0.521
4249,177,27.0,24.83,0.01899,0.84,0.0,0.05,913.83,458.57,455.26,397.14,0.502
4250,177,27.6,24.83,0.01874,0.8,0.0,0.05,919.91,477.05,442.86,396.97,0.519
4251,177,27.0,25.53,0.02018,0.89,0.0,0.05,971.93,456.7,515.23,444.41,0.47
4252,177,27.0,25.53,0.0202,0.89,0.0,0.05,972.03,455.75,516.27,445.23,0.469
4253,177,27.5,25.87,0.02058,0.88,0.0,0.05,1006.76,471.33,535.43,468.33,0.468
4254,177,27.0,25.53,0.02018,0.89,0.0,0.05,969.76,454.53,515.23,444.41,0.469
4255,177,27.0,25.53,0.02018,0.89,0.0,0.05,969.11,453.88,515.23,444.41,0.468
4256,177,27.7,25.93,0.02056,0.87,29.0,0.525,1918.85,1025.12,893.73,747.39,0.534
4257,177,29.0,26.0,0.02012,0.79,200.0,1.0,3033.35,1823.14,1210.22,1031.19,0.601
4258,177,30.0,26.94,0.02136,0.79,371.0,1.0,3425.21,2094.85,1330.36,1172.93,0.612
4259,177,30.6,26.21,0.01982,0.71,440.0,1.0,3396.35,2215.6,1180.76,1060.66,0.652
4260,177,32.0,26.8,0.02027,0.67,541.0,1.0,3643.28,2418.88,1224.4,1148.23,0.664
4261,177,32.0,26.8,0.02029,0.67,597.0,1.0,3719.28,2492.86,1226.42,1150.03,0.67
4262,177,32.2,26.98,0.02053,0.67,602.0,1.0,3761.07,2511.45,1249.62,1177.64,0.668
4263,177,31.0,26.41,0.02004,0.7,630.0,1.0,3689.23,2487.17,1202.06,1093.54,0.674
4264,177,30.0,25.5,0.01889,0.7,575.0,1.0,3456.12,2365.77,1090.35,959.31,0.685
4265,177,31.0,26.41,0.02006,0.7,439.0,1.0,3447.01,2242.95,1204.06,1095.32,0.651
4266,177,31.0,26.41,0.02004,0.7,247.0,1.0,3199.37,1997.32,1202.06,1093.54,0.624
4267,177,30.0,26.31,0.02029,0.75,58.0,0.5,1997.18,1142.51,854.68,772.95,0.572
4268,177,29.0,25.99,0.02015,0.79,1.0,0.05,1044.83,531.25,513.57,475.12,0.508
4269,177,29.0,25.99,0.02015,0.79,0.0,0.05,1042.8,529.23,513.57,475.12,0.508
4270,177,29.0,26.0,0.02012,0.79,0.0,0.05,1041.12,528.58,512.53,474.3,0.508
4271,177,29.0,26.15,0.02039,0.8,0.0,0.05,1053.84,528.03,525.82,484.77,0.501
4272,178,29.0,26.0,0.0201,0.79,0.0,0.05,1039.04,527.55,511.49,473.48,0.508
4273,178,29.0,26.0,0.02012,0.79,0.0,0.05,1039.66,527.13,512.53,474.3,0.507
4274,178,28.1,26.03,0.02056,0.85,0.0,0.05,1031.99,497.25,534.74,477.4,0.482
4275,178,28.0,25.79,0.02019,0.84,0.0,0.05,1009.07,493.1,515.97,461.0,0.489
4276,178,28.0,26.5,0.02146,0.89,0.0,0.05,1072.15,492.28,579.87,511.37,0.459
4277,178,28.0,26.07,0.02071,0.86,0.0,0.05,1033.71,491.58,542.13,481.62,0.476
4278,178,28.0,25.79,0.02019,0.84,0.0,0.05,1006.94,490.97,515.97,461.0,0.488
4279,178,28.0,25.79,0.02019,0.84,0.0,0.05,1006.42,490.44,515.97,461.0,0.487
4280,178,28.0,26.07,0.02069,0.86,29.0,0.525,1944.75,1041.65,903.1,763.02,0.536
4281,178,29.0,26.0,0.0201,0.79,199.0,1.0,3033.6,1825.39,1208.21,1029.41,0.602
4282,178,30.0,26.15,0.01994,0.74,371.0,1.0,3290.61,2097.9,1192.71,1050.42,0.638
4283,178,31.0,26.41,0.01998,0.7,440.0,1.0,3434.95,2238.88,1196.08,1088.22,0.652
4284,178,31.0,26.41,0.01998,0.7,541.0,1.0,3565.88,2369.8,1196.08,1088.22,0.665
4285,178,27.0,24.12,0.01785,0.79,599.0,1.0,3227.62,2238.97,988.65,764.38,0.694
4286,178,29.1,26.84,0.02159,0.84,601.0,1.0,3701.43,2348.44,1353.0,1161.75,0.634
4287,178,30.0,26.94,0.02138,0.79,557.0,1.0,3670.98,2338.48,1332.5,1174.83,0.637
4288,178,30.0,26.31,0.02029,0.75,467.0,1.0,3449.46,2223.63,1225.83,1079.89,0.645
4289,178,30.8,26.23,0.01983,0.7,336.0,1.0,3278.61,2097.4,1181.21,1068.03,0.64
4290,178,29.0,25.22,0.01885,0.74,182.0,1.0,2894.29,1807.92,1086.38,920.97,0.625
4291,178,29.0,25.99,0.02017,0.79,42.0,0.5,1922.61,1076.6,846.01,740.65,0.56
4292,178,29.0,25.99,0.02017,0.79,0.0,0.05,1040.79,526.17,514.62,475.94,0.506
4293,178,28.0,26.5,0.02144,0.89,0.0,0.05,1071.89,493.13,578.76,510.49,0.46
4294,178,28.0,25.79,0.02019,0.84,0.0,0.05,1008.29,492.31,515.97,461.0,0.488
4295,178,28.0,25.93,0.02044,0.85,0.0,0.05,1020.12,491.61,528.51,470.88,0.482
4296,179,29.0,26.0,0.0201,0.79,0.0,0.05,1035.29,523.8,511.49,473.48,0.506
4297,179,28.0,25.79,0.02019,0.84,0.0,0.05,1007.06,491.09,515.97,461.0,0.488
4298,179,27.5,25.59,0.02007,0.86,0.0,0.05,984.15,474.14,510.01,448.3,0.482
4299,179,27.0,25.53,0.0202,0.89,0.0,0.05,973.23,456.96,516.27,445.23,0.47
4300,179,26.0,24.56,0.01901,0.89,0.0,0.05,879.26,423.17,456.09,381.78,0.481
4301,179,25.8,24.63,0.01923,0.91,0.0,0.05,882.54,415.13,467.41,387.5,0.47
4302,179,26.0,24.56,0.01903,0.89,0.0,0.05,877.37,420.3,457.08,382.56,0.479
4303,179,27.0,25.53,0.02022,0.89,0.0,0.05,969.34,452.02,517.32,446.05,0.466
4304,179,26.9,25.16,0.01963,0.87,20.0,0.525,1803.14,978.2,824.94,668.22,0.542
4305,179,29.0,25.99,0.02015,0.79,145.0,1.0,2962.92,1750.7,1212.22,1032.97,0.591
4306,179,29.0,26.0,0.02012,0.79,301.0,1.0,3162.04,1951.82,1210.22,1031.19,0.617
4307,179,30.1,26.87,0.02121,0.78,439.0,1.0,3501.87,2186.48,1315.39,1163.08,0.624
4308,179,30.0,26.94,0.02136,0.79,540.0,1.0,3642.68,2312.32,1330.36,1172.93,0.635
4309,179,31.0,27.24,0.0215,0.75,596.0,1.0,3780.84,2436.94,1343.9,1219.78,0.645
4310,179,31.0,27.24,0.0215,0.75,602.0,1.0,3790.19,2446.29,1343.9,1219.78,0.645
4311,179,31.0,26.41,0.02004,0.7,559.0,1.0,3594.61,2392.55,1202.06,1093.54,0.666
4312,179,30.8,26.39,0.02012,0.71,467.0,1.0,3475.1,2265.45,1209.64,1093.33,0.652
4313,179,30.6,26.37,0.02017,0.72,336.0,1.0,3302.84,2088.04,1214.8,1090.96,0.632
4314,179,30.0,26.93,0.02143,0.79,182.0,1.0,3197.0,1860.23,1336.78,1178.63,0.582
4315,179,29.0,26.74,0.02149,0.84,42.0,0.5,2019.75,1077.83,941.92,822.43,0.534
4316,179,29.0,25.99,0.02017,0.79,1.0,0.05,1043.13,528.52,514.62,475.94,0.507
4317,179,28.0,25.79,0.02021,0.84,0.0,0.05,1011.07,494.05,517.02,461.83,0.489
4318,179,27.0,25.53,0.02018,0.89,0.0,0.05,975.53,460.3,515.23,444.41,0.472
4319,179,27.2,26.13,0.02114,0.92,0.0,0.05,1029.03,465.43,563.6,485.74,0.452
4320,180,27.0,24.83,0.01899,0.84,0.0,0.05,913.01,457.75,455.26,397.14,0.501
4321,180,25.9,24.19,0.01844,0.87,0.0,0.05,847.8,420.57,427.23,357.43,0.496
4322,180,24.8,23.66,0.01807,0.91,0.0,0.05,791.61,382.85,408.76,325.26,0.484
4323,180,25.0,24.24,0.01891,0.94,0.0,0.05,838.74,387.32,451.41,362.09,0.462
4324,180,25.0,24.24,0.01893,0.94,0.0,0.05,838.03,385.64,452.39,362.86,0.46
4325,180,24.9,24.4,0.01923,0.96,0.0,0.05,848.28,380.9,467.38,373.07,0.449
4326,180,25.0,24.24,0.01893,0.94,0.0,0.05,835.26,382.86,452.39,362.86,0.458
4327,180,25.0,24.24,0.01891,0.94,0.0,0.05,833.2,381.79,451.41,362.09,0.458
4328,180,26.0,24.56,0.01901,0.89,19.0,0.525,1712.52,933.7,778.82,605.91,0.545
4329,180,27.0,25.53,0.02018,0.89,145.0,1.0,2857.82,1642.41,1215.41,966.2,0.575
4330,180,29.0,26.0,0.02012,0.79,301.0,1.0,3156.4,1946.18,1210.22,1031.19,0.617
4331,180,30.2,26.65,0.02077,0.76,439.0,1.0,3459.47,2186.76,1272.71,1128.58,0.632
4332,180,31.0,27.24,0.02148,0.75,540.0,1.0,3701.53,2359.77,1341.76,1217.87,0.638
4333,180,31.0,27.24,0.0215,0.75,596.0,1.0,3777.88,2433.97,1343.9,1219.78,0.644
4334,180,28.0,26.5,0.02148,0.89,602.0,1.0,3630.93,2288.91,1342.02,1113.69,0.63
4335,180,26.0,23.88,0.01794,0.84,561.0,1.0,3131.32,2133.02,998.3,738.16,0.681
4336,180,26.0,24.56,0.01905,0.89,468.0,1.0,3117.73,2012.4,1105.33,833.42,0.645
4337,180,27.2,24.88,0.01908,0.83,338.0,1.0,3015.39,1906.42,1108.96,878.42,0.632
4338,180,27.0,25.53,0.02024,0.89,183.0,1.0,2918.5,1697.04,1221.46,971.58,0.581
4339,180,26.5,25.18,0.01984,0.9,42.0,0.5,1785.83,963.34,822.49,658.31,0.539
4340,180,26.0,24.83,0.01945,0.91,1.0,0.05,898.05,419.71,478.33,399.31,0.467
4341,180,25.7,24.67,0.01931,0.92,0.0,0.05,879.19,407.76,471.43,389.07,0.464
4342,180,25.5,24.47,0.01908,0.92,0.0,0.05,859.86,400.29,459.57,376.52,0.466
4343,180,25.6,24.44,0.01896,0.91,0.0,0.05,856.31,402.67,453.65,373.45,0.47
4344,181,25.7,24.4,0.01888,0.9,0.0,0.05,854.81,405.23,449.59,371.85,0.474
4345,181,25.8,24.5,0.01899,0.9,0.0,0.05,863.37,407.95,455.43,378.06,0.473
4346,181,25.9,24.6,0.01911,0.9,0.0,0.05,872.11,410.8,461.3,384.29,0.471
4347,181,25.8,24.5,0.01901,0.9,0.0,0.05,863.63,407.22,456.41,378.83,0.472
4348,181,25.6,24.44,0.019,0.91,0.0,0.05,855.94,400.33,455.61,375.0,0.468
4349,181,25.5,24.47,0.0191,0.92,0.0,0.05,857.2,396.65,460.55,377.3,0.463
4350,181,25.4,24.5,0.01919,0.93,0.0,0.05,858.36,392.96,465.41,379.52,0.458
4351,181,26.2,24.62,0.01902,0.88,0.0,0.05,875.4,418.78,456.61,385.4,0.478
4352,181,26.6,24.45,0.01857,0.84,22.0,0.05,894.47,460.26,434.21,374.14,0.515
4353,181,27.7,24.92,0.01888,0.8,153.0,0.15,1289.32,772.46,516.86,453.76,0.599
4354,181,28.9,25.44,0.01922,0.76,309.0,0.15,1551.24,1015.31,535.93,490.73,0.655
4355,181,30.0,25.83,0.01941,0.72,446.0,0.15,1777.21,1230.92,546.3,518.89,0.693
4356,181,31.0,25.73,0.01884,0.66,546.0,0.15,1910.92,1396.05,514.87,511.51,0.731
4357,181,31.0,25.73,0.01884,0.66,602.0,0.15,1985.17,1470.3,514.87,511.51,0.741
4358,181,29.9,24.75,0.01768,0.66,609.0,0.15,1893.42,1443.11,450.32,439.63,0.762
4359,181,31.0,25.21,0.01798,0.63,566.0,0.15,1894.4,1427.34,467.06,472.93,0.753
4360,181,32.0,25.36,0.01784,0.59,476.0,0.05,1629.06,1232.11,396.95,431.22,0.756
4361,181,31.3,24.94,0.01744,0.6,347.0,0.05,1422.59,1045.73,376.86,404.18,0.735
4362,181,30.4,25.02,0.01794,0.65,193.0,0.05,1222.26,820.0,402.26,409.79,0.671
4363,181,29.4,25.11,0.01852,0.71,48.0,0.05,1033.23,601.8,431.43,416.78,0.582
4364,181,28.5,25.37,0.01934,0.78,1.0,0.05,984.59,511.88,472.7,434.9,0.52
4365,181,28.2,25.09,0.01897,0.78,0.0,0.05,954.42,500.1,454.32,415.61,0.524
4366,181,28.0,25.05,0.01897,0.79,0.0,0.05,947.2,492.79,454.41,412.48,0.52
4367,181,28.1,25.0,0.01884,0.78,0.0,0.05,942.91,495.3,447.61,408.72,0.525
4368,182,28.0,25.35,0.01947,0.81,0.0,0.05,970.84,491.41,479.42,432.19,0.506
4369,182,28.0,26.5,0.02146,0.89,0.0,0.05,1070.69,490.83,579.87,511.37,0.458
4370,182,27.3,25.96,0.02083,0.9,0.0,0.05,1015.48,467.36,548.13,475.14,0.46
4371,182,27.0,26.21,0.02139,0.94,0.0,0.05,1033.29,456.64,576.65,492.82,0.442
4372,182,25.5,24.21,0.01869,0.9,0.0,0.05,846.42,406.49,439.93,361.04,0.48
4373,182,24.1,23.23,0.01773,0.93,0.0,0.05,750.67,358.81,391.86,300.73,0.478
4374,182,24.2,23.33,0.01784,0.93,0.0,0.05,757.11,359.71,397.4,306.7,0.475
4375,182,24.2,23.33,0.01783,0.93,0.0,0.05,754.19,357.72,396.48,305.98,0.474
4376,182,24.3,23.42,0.01794,0.93,21.0,0.05,788.26,386.21,402.05,311.97,0.49
4377,182,25.5,23.94,0.01824,0.88,128.0,0.15,1146.34,664.76,481.58,385.71,0.58
4378,182,26.8,24.64,0.01882,0.84,195.0,0.15,1309.08,795.43,513.64,434.97,0.608
4379,182,28.0,25.05,0.01899,0.79,169.0,0.15,1327.48,804.21,523.27,464.32,0.606
4380,182,29.0,25.99,0.02017,0.79,545.0,0.15,1910.64,1322.38,588.26,534.77,0.692
4381,182,29.2,26.03,0.02016,0.78,445.0,0.15,1790.68,1202.62,588.06,538.2,0.672
4382,182,29.5,26.31,0.02053,0.78,230.0,0.15,1546.96,938.74,608.22,559.87,0.607
4383,182,30.0,26.3,0.02033,0.75,564.0,0.15,1983.2,1386.02,597.18,559.95,0.699
4384,182,30.0,26.3,0.02033,0.75,475.0,0.05,1683.91,1161.16,522.75,498.36,0.69
4385,182,29.5,26.0,0.02002,0.76,346.0,0.05,1488.1,980.65,507.45,478.3,0.659
4386,182,29.0,25.99,0.02021,0.79,289.0,0.05,1408.7,891.99,516.71,477.59,0.633
4387,182,28.5,25.82,0.02012,0.81,72.0,0.05,1110.19,597.67,512.51,466.28,0.538
4388,182,28.0,26.5,0.02152,0.89,1.0,0.05,1073.48,490.26,583.22,514.01,0.457
4389,182,28.0,25.79,0.02025,0.84,0.0,0.05,1007.84,488.72,519.12,463.48,0.485
4390,182,27.7,25.93,0.02063,0.87,0.0,0.05,1016.52,478.66,537.86,473.45,0.471
4391,182,27.5,25.87,0.0206,0.88,0.0,0.05,1008.22,471.72,536.5,469.18,0.468
4392,183,28.0,25.79,0.02023,0.84,0.0,0.05,1005.74,487.67,518.07,462.65,0.485
4393,183,27.0,26.21,0.02139,0.94,0.0,0.05,1031.44,454.79,576.65,492.82,0.441
4394,183,27.0,25.53,0.02022,0.89,0.0,0.05,971.42,454.1,517.32,446.05,0.467
4395,183,26.6,25.28,0.01998,0.9,0.0,0.05,945.79,440.38,505.41,430.27,0.466
4396,183,26.3,25.12,0.01985,0.91,0.0,0.05,928.29,429.77,498.52,420.03,0.463
4397,183,25.9,24.86,0.01959,0.92,0.0,0.05,901.25,415.8,485.45,403.32,0.461
4398,183,25.9,25.13,0.02003,0.94,0.0,0.05,922.46,414.82,507.64,420.81,0.45
4399,183,26.0,25.22,0.02013,0.94,0.0,0.05,930.05,417.25,512.8,426.48,0.449
4400,183,26.8,26.01,0.02114,0.94,21.0,0.525,1909.02,972.95,936.07,760.72,0.51
4401,183,28.0,26.5,0.02148,0.89,152.0,1.0,3048.03,1706.01,1342.02,1113.69,0.56
4402,183,29.0,26.74,0.02146,0.84,466.0,1.0,3501.53,2161.06,1340.47,1147.11,0.617
4403,183,25.7,24.93,0.01974,0.94,445.0,1.0,3138.22,1965.04,1173.18,883.36,0.626
4404,183,24.0,24.0,0.01895,1.0,546.0,1.0,3102.24,2005.86,1096.39,755.84,0.647
4405,183,24.0,24.0,0.01895,1.0,602.0,1.0,3172.14,2075.76,1096.39,755.84,0.654
4406,183,25.3,25.05,0.02011,0.98,608.0,1.0,3357.87,2148.87,1209.0,901.32,0.64
4407,183,25.1,24.85,0.01989,0.98,565.0,1.0,3269.85,2082.76,1187.1,874.86,0.637
4408,183,25.0,25.0,0.0202,1.0,475.0,1.0,3179.23,1961.48,1217.75,898.66,0.617
4409,183,25.8,25.03,0.01991,0.94,347.0,1.0,3026.86,1837.93,1188.93,900.86,0.607
4410,183,26.0,25.22,0.02015,0.94,193.0,1.0,2863.39,1650.66,1212.74,929.01,0.576
4411,183,25.8,25.03,0.01991,0.94,48.0,0.5,1761.75,934.64,827.11,644.8,0.531
4412,183,25.7,25.06,0.01998,0.95,1.0,0.05,908.5,403.22,505.28,415.75,0.444
4413,183,25.5,24.99,0.01995,0.96,0.0,0.05,899.08,395.26,503.82,411.4,0.44
4414,183,25.4,25.02,0.02002,0.97,0.0,0.05,899.15,391.75,507.39,412.61,0.436
4415,183,25.2,24.95,0.01999,0.98,0.0,0.05,890.62,384.94,505.68,408.06,0.432
4416,184,25.3,25.17,0.02032,0.99,0.0,0.05,910.47,387.87,522.6,423.0,0.426
4417,184,25.3,25.17,0.02032,0.99,0.0,0.05,910.24,387.64,522.6,423.0,0.426
4418,184,25.4,25.27,0.02045,0.99,0.0,0.05,919.64,390.71,528.92,429.58,0.425
4419,184,25.0,25.0,0.02016,1.0,0.0,0.05,891.83,377.48,514.35,411.69,0.423
4420,184,25.0,25.0,0.02016,1.0,0.0,0.05,891.48,377.13,514.35,411.69,0.423
4421,184,25.0,25.0,0.02018,1.0,0.0,0.05,892.23,376.83,515.4,412.52,0.422
4422,184,25.0,25.0,0.02016,1.0,0.0,0.05,890.92,376.57,514.35,411.69,0.423
4423,184,25.1,25.1,0.02029,1.0,0.0,0.05,900.26,379.63,520.64,418.25,0.422
4424,184,25.1,25.1,0.02029,1.0,21.0,0.525,1766.87,893.64,873.23,663.79,0.506
4425,184,26.1,25.45,0.02043,0.95,151.0,1.0,2839.36,1599.09,1240.27,957.0,0.563
4426,184,27.1,25.76,0.02054,0.9,307.0,1.0,3101.57,1851.32,1250.25,1000.69,0.597
4427,184,28.1,26.03,0.02056,0.85,444.0,1.0,3332.71,2079.73,1252.98,1037.93,0.624
4428,184,29.0,26.15,0.02039,0.8,545.0,1.0,3493.07,2257.28,1235.8,1053.95,0.646
4429,184,30.0,26.31,0.02026,0.75,602.0,1.0,3607.7,2383.9,1223.8,1078.09,0.661
4430,184,29.0,25.22,0.01883,0.74,609.0,1.0,3428.04,2343.54,1084.5,919.3,0.684
4431,184,29.2,26.03,0.02014,0.78,565.0,1.0,3510.62,2298.76,1211.86,1039.62,0.655
4432,184,29.4,26.06,0.02011,0.77,476.0,1.0,3405.32,2196.19,1209.13,1044.15,0.645
4433,184,29.6,25.93,0.01983,0.75,347.0,1.0,3223.77,2042.27,1181.5,1026.51,0.634
4434,184,29.0,25.22,0.01885,0.74,291.0,1.0,3027.05,1940.67,1086.38,920.97,0.641
4435,184,28.0,25.05,0.01899,0.79,73.0,0.5,1829.37,1068.55,760.82,643.09,0.584
4436,184,27.4,25.36,0.01975,0.85,1.0,0.05,962.92,469.06,493.86,433.97,0.487
4437,184,27.2,25.31,0.01973,0.86,0.0,0.05,953.61,460.79,492.81,429.94,0.483
4438,184,27.1,25.35,0.01985,0.87,0.0,0.05,955.71,457.02,498.68,432.96,0.478
4439,184,26.9,25.3,0.01982,0.88,0.0,0.05,947.3,449.98,497.33,428.69,0.475
4440,185,26.6,25.28,0.01992,0.9,0.0,0.05,941.9,439.59,502.31,427.82,0.467
4441,185,26.4,25.22,0.01991,0.91,0.0,0.05,933.91,432.37,501.54,424.01,0.463
4442,185,26.1,25.19,0.01999,0.93,0.0,0.05,927.56,421.84,505.72,422.5,0.455
4443,185,26.0,25.22,0.02009,0.94,0.0,0.05,928.48,417.77,510.71,424.84,0.45
4444,185,25.5,24.47,0.01908,0.92,0.0,0.05,860.19,400.63,459.57,376.52,0.466
4445,185,25.0,24.11,0.01871,0.93,0.0,0.05,824.22,383.27,440.95,353.84,0.465
4446,185,25.1,24.34,0.01903,0.94,0.0,0.05,842.72,385.42,457.3,368.32,0.457
4447,185,25.2,24.57,0.01936,0.95,0.0,0.05,861.6,387.78,473.82,382.95,0.45
4448,185,25.3,24.79,0.01967,0.96,21.0,0.525,1734.04,906.35,827.69,629.92,0.523
4449,185,28.0,26.5,0.02144,0.89,151.0,1.0,3038.69,1700.96,1337.73,1109.87,0.56
4450,185,28.5,25.68,0.01979,0.8,307.0,1.0,3105.39,1928.05,1177.35,984.53,0.621
4451,185,29.1,25.94,0.01998,0.78,445.0,1.0,3333.59,2137.36,1196.22,1022.22,0.641
4452,185,29.0,26.0,0.02012,0.79,546.0,1.0,3473.5,2263.29,1210.22,1031.19,0.652
4453,185,29.0,25.99,0.02015,0.79,602.0,1.0,3548.6,2336.38,1212.22,1032.97,0.658
4454,185,29.9,26.37,0.02042,0.76,609.0,1.0,3632.01,2392.89,1239.12,1088.24,0.659
4455,185,30.0,25.5,0.01887,0.7,567.0,1.0,3434.15,2345.68,1088.47,957.64,0.683
4456,185,31.0,25.73,0.01884,0.66,478.0,1.0,3369.94,2284.48,1085.46,989.77,0.678
4457,185,27.3,24.83,0.01892,0.82,132.0,1.0,2744.78,1651.52,1093.26,867.92,0.602
4458,185,27.1,24.93,0.01914,0.84,144.0,1.0,2770.8,1655.85,1114.95,880.27,0.598
4459,185,27.0,25.53,0.0202,0.89,49.0,0.5,1844.81,996.41,848.4,692.85,0.54
4460,185,26.0,24.56,0.01899,0.89,1.0,0.05,877.93,422.82,455.11,381.01,0.482
4461,185,26.4,25.08,0.01968,0.9,0.0,0.05,923.56,433.41,490.15,415.03,0.469
4462,185,26.7,25.24,0.01981,0.89,0.0,0.05,939.26,442.42,496.84,425.11,0.471
4463,185,27.1,25.49,0.02004,0.88,0.0,0.05,963.51,455.01,508.5,440.7,0.472
4464,186,26.7,25.37,0.02004,0.9,0.0,0.05,950.12,441.67,508.45,434.26,0.465
4465,186,26.2,25.16,0.01989,0.92,0.0,0.05,925.47,424.84,500.63,420.09,0.459
4466,186,25.8,25.03,0.01984,0.94,0.0,0.05,909.42,411.03,498.39,411.92,0.452
4467,186,25.8,25.03,0.01986,0.94,0.0,0.05,909.6,410.19,499.42,412.73,0.451
4468,186,25.8,25.03,0.01986,0.94,0.0,0.05,908.88,409.46,499.42,412.73,0.451
4469,186,25.8,25.16,0.0201,0.95,0.0,0.05,920.3,408.83,511.47,422.23,0.444
4470,186,26.0,25.22,0.02011,0.94,0.0,0.05,926.6,414.85,511.75,425.66,0.448
4471,186,26.0,25.22,0.02009,0.94,0.0,0.05,925.22,414.51,510.71,424.84,0.448
4472,186,26.0,25.22,0.02009,0.94,20.0,0.525,1794.24,935.53,858.72,674.24,0.521
4473,186,28.0,25.79,0.02019,0.84,226.0,1.0,3015.22,1798.38,1216.84,1002.28,0.596
4474,186,27.5,25.31,0.01957,0.84,428.0,1.0,3189.31,2032.71,1156.6,931.26,0.637
4475,186,27.0,25.11,0.01946,0.86,445.0,1.0,3174.56,2029.29,1145.27,903.78,0.639
4476,186,29.0,26.0,0.0201,0.79,546.0,1.0,3470.45,2262.23,1208.21,1029.41,0.652
4477,186,26.0,24.56,0.01899,0.89,904.0,1.0,3667.69,2568.03,1099.65,828.36,0.7
4478,186,28.9,26.05,0.02029,0.8,609.0,1.0,3564.63,2338.63,1226.0,1041.75,0.656
4479,186,25.0,25.0,0.02016,1.0,567.0,1.0,3298.46,2084.74,1213.72,895.08,0.632
4480,186,25.8,24.9,0.01965,0.93,478.0,1.0,3174.27,2010.51,1163.77,878.46,0.633
4481,186,26.6,24.87,0.01926,0.87,349.0,1.0,3011.54,1885.65,1125.89,872.6,0.626
4482,186,26.6,24.87,0.01926,0.87,195.0,1.0,2813.92,1688.02,1125.89,872.6,0.6
4483,186,26.6,24.87,0.01926,0.87,50.0,0.5,1754.29,974.27,780.02,624.58,0.555
4484,186,26.5,24.77,0.01912,0.87,1.0,0.05,895.01,433.15,461.86,394.33,0.484
4485,186,26.5,24.77,0.01912,0.87,0.0,0.05,893.61,431.75,461.86,394.33,0.483
4486,186,26.5,24.77,0.0191,0.87,0.0,0.05,892.52,431.65,460.87,393.56,0.484
4487,186,26.5,24.77,0.0191,0.87,0.0,0.05,892.44,431.56,460.87,393.56,0.484
4488,187,26.4,24.81,0.01921,0.88,0.0,0.05,894.59,428.21,466.39,396.3,0.479
4489,187,26.4,24.95,0.01944,0.89,0.0,0.05,905.83,428.08,477.76,405.26,0.473
4490,187,26.3,24.99,0.01954,0.9,0.0,0.05,907.79,424.69,483.11,407.88,0.468
4491,187,26.0,24.56,0.01897,0.89,0.0,0.05,868.82,414.69,454.13,380.24,0.477
4492,187,25.7,24.93,0.01972,0.94,0.0,0.05,896.8,404.52,492.28,405.5,0.451
4493,187,25.5,24.99,0.01991,0.96,0.0,0.05,899.26,397.5,501.76,409.77,0.442
4494,187,25.2,24.95,0.01995,0.98,0.0,0.05,890.74,387.13,503.62,406.43,0.435
4495,187,25.0,24.24,0.01888,0.94,0.0,0.05,829.39,379.92,449.46,360.55,0.458
4496,187,26.0,25.36,0.02029,0.95,20.0,0.525,1806.85,933.37,873.48,686.87,0.517
4497,187,27.0,25.11,0.01944,0.86,210.0,1.0,2867.73,1724.39,1143.34,902.06,0.601
4498,187,28.0,25.06,0.0189,0.79,461.0,1.0,3189.39,2098.61,1090.78,890.08,0.658
4499,187,26.8,24.22,0.01802,0.81,169.0,1.0,2668.62,1663.32,1005.31,772.24,0.623
4500,187,25.0,24.24,0.01884,0.94,547.0,1.0,3140.61,2055.57,1085.04,780.55,0.655
4501,187,25.0,24.24,0.01886,0.94,604.0,1.0,3214.72,2127.81,1086.91,782.21,0.662
4502,187,25.6,24.96,0.0198,0.95,231.0,1.0,2858.03,1679.56,1178.47,884.59,0.588
4503,187,27.0,24.83,0.01901,0.84,568.0,1.0,3285.62,2183.8,1101.83,865.11,0.665
4504,187,27.1,25.07,0.01936,0.85,479.0,1.0,3211.29,2075.42,1135.87,898.89,0.646
4505,187,27.3,24.98,0.01914,0.83,350.0,1.0,3035.35,1920.88,1114.48,886.81,0.633
4506,187,27.0,24.83,0.01903,0.84,196.0,1.0,2812.22,1708.5,1103.72,866.79,0.608
4507,187,26.6,24.59,0.01878,0.85,50.0,0.5,1718.77,973.27,745.5,595.14,0.566
4508,187,26.3,24.44,0.01867,0.86,1.0,0.05,864.62,425.72,438.9,373.03,0.492
4509,187,26.0,24.56,0.01897,0.89,0.0,0.05,868.61,414.48,454.13,380.24,0.477
4510,187,25.9,24.06,0.0182,0.86,0.0,0.05,826.18,410.9,415.28,348.01,0.497
4511,187,25.9,24.06,0.01818,0.86,0.0,0.05,824.93,410.58,414.34,347.27,0.498
4512,188,25.9,24.19,0.01842,0.87,0.0,0.05,836.59,410.31,426.28,356.68,0.49
4513,188,26.0,24.56,0.01897,0.89,0.0,0.05,867.49,413.36,454.13,380.24,0.476
4514,188,25.4,24.5,0.01913,0.93,0.0,0.05,855.97,393.53,462.44,377.18,0.46
4515,188,25.2,24.31,0.01892,0.93,0.0,0.05,838.11,386.47,451.64,365.46,0.461
4516,188,25.0,24.24,0.01889,0.94,0.0,0.05,829.8,379.36,450.44,361.32,0.457
4517,188,24.4,24.15,0.01903,0.98,0.0,0.05,816.23,359.07,457.16,357.01,0.44
4518,188,24.0,24.0,0.01893,1.0,0.0,0.05,797.49,345.05,452.44,346.88,0.433
4519,188,24.0,24.0,0.01893,1.0,0.0,0.05,796.47,344.03,452.44,346.88,0.432
4520,188,24.6,24.35,0.01922,0.98,29.0,0.05,867.13,400.03,467.1,368.04,0.461
4521,188,26.1,24.79,0.01931,0.9,225.0,0.15,1345.37,804.81,540.56,444.11,0.598
4522,188,27.5,25.02,0.01909,0.82,465.0,0.15,1690.75,1161.96,528.8,459.79,0.687
4523,188,29.0,26.0,0.02012,0.79,675.0,0.15,2070.86,1484.89,585.97,532.92,0.717
4524,188,30.0,26.31,0.02024,0.75,819.0,0.15,2299.08,1706.52,592.57,556.23,0.742
4525,188,30.1,25.76,0.01924,0.71,841.0,0.15,2277.87,1740.68,537.19,513.34,0.764
4526,188,30.3,25.77,0.01919,0.7,611.0,0.15,1989.03,1454.81,534.22,514.54,0.731
4527,188,30.3,25.77,0.01921,0.7,569.0,0.15,1938.26,1402.95,535.31,515.42,0.724
4528,188,30.3,25.94,0.01951,0.71,479.0,0.05,1658.06,1176.4,481.67,470.78,0.71
4529,188,30.3,25.94,0.01953,0.71,351.0,0.05,1496.39,1013.72,482.68,471.58,0.677
4530,188,29.7,25.55,0.01911,0.72,222.0,0.05,1290.94,829.87,461.07,444.94,0.643
4531,188,29.0,25.22,0.01883,0.74,62.0,0.05,1049.67,602.42,447.24,422.84,0.574
4532,188,28.4,24.82,0.01842,0.75,1.0,0.05,931.24,504.71,426.53,396.9,0.542
4533,188,27.9,24.81,0.01859,0.78,0.0,0.05,922.13,486.84,435.29,395.81,0.528
4534,188,27.4,24.93,0.01898,0.82,0.0,0.05,924.59,469.96,454.63,403.04,0.508
4535,188,26.9,25.02,0.01934,0.86,0.0,0.05,925.71,452.84,472.87,409.42,0.489
4536,189,26.8,24.92,0.01922,0.86,0.0,0.05,915.59,448.63,466.97,403.16,0.49
4537,189,26.6,24.73,0.01899,0.86,0.0,0.05,896.45,441.2,455.26,390.73,0.492
4538,189,26.5,24.77,0.0191,0.87,0.0,0.05,897.91,437.04,460.87,393.56,0.487
4539,189,26.4,24.81,0.01921,0.88,0.0,0.05,899.33,432.94,466.39,396.3,0.481
4540,189,26.2,24.89,0.01944,0.9,0.0,0.05,903.73,425.61,478.12,402.34,0.471
4541,189,26.1,24.93,0.01955,0.91,0.0,0.05,904.87,421.54,483.33,404.86,0.466
4542,189,26.0,25.22,0.02009,0.94,0.0,0.05,928.23,417.51,510.71,424.84,0.45
4543,189,26.1,25.32,0.02021,0.94,0.0,0.05,937.02,420.09,516.93,431.34,0.448
4544,189,26.2,25.42,0.02031,0.94,28.0,0.05,980.86,458.74,522.13,437.03,0.468
4545,189,28.0,25.79,0.02017,0.84,224.0,0.15,1465.7,877.09,588.6,517.05,0.598
4546,189,28.8,25.35,0.01909,0.76,454.0,0.15,1729.22,1200.71,528.5,482.94,0.694
4547,189,29.6,25.14,0.01839,0.7,645.0,0.15,1964.69,1474.69,490.0,466.26,0.751
4548,189,30.0,25.5,0.01885,0.7,821.0,0.15,2231.38,1715.87,515.51,494.05,0.769
4549,189,31.0,26.41,0.02,0.7,604.0,0.15,2052.9,1473.85,579.05,563.31,0.718
4550,189,30.0,25.66,0.01915,0.71,612.0,0.15,1983.26,1451.28,531.98,507.34,0.732
4551,189,31.0,26.41,0.02004,0.7,569.0,0.15,2013.3,1431.98,581.32,565.14,0.711
4552,189,30.0,25.5,0.01889,0.7,480.0,0.05,1622.59,1172.31,450.28,441.24,0.722
4553,189,30.0,25.82,0.01947,0.72,351.0,0.05,1486.95,1007.56,479.39,464.19,0.678
4554,189,30.0,25.5,0.01891,0.7,197.0,0.05,1261.9,810.64,451.26,442.01,0.642
4555,189,30.0,25.5,0.01891,0.7,51.0,0.05,1075.15,623.9,451.26,442.01,0.58
4556,189,28.6,25.47,0.01945,0.78,1.0,0.05,992.86,514.29,478.57,441.12,0.518
4557,189,28.5,25.52,0.01957,0.79,0.0,0.05,993.86,509.26,484.6,444.28,0.512
4558,189,28.4,25.58,0.01969,0.8,0.0,0.05,996.01,505.51,490.51,447.33,0.508
4559,189,28.3,25.78,0.02008,0.82,0.0,0.05,1011.82,501.76,510.06,461.15,0.496
4560,190,27.9,25.55,0.01985,0.83,0.0,0.05,986.59,488.17,498.43,445.57,0.495
4561,190,27.5,25.45,0.01985,0.85,0.0,0.05,973.27,474.39,498.88,439.52,0.487
4562,190,27.1,25.35,0.01985,0.87,0.0,0.05,959.14,460.46,498.68,432.96,0.48
4563,190,26.7,25.24,0.01983,0.89,0.0,0.05,944.25,446.38,497.87,425.92,0.473
4564,190,26.4,25.22,0.01993,0.91,0.0,0.05,938.04,435.47,502.57,424.83,0.464
4565,190,26.0,25.09,0.01989,0.93,0.0,0.05,921.84,421.23,500.61,416.87,0.457
4566,190,26.0,25.22,0.02011,0.94,0.0,0.05,931.78,420.02,511.75,425.66,0.451
4567,190,26.0,25.22,0.02011,0.94,0.0,0.05,930.73,418.97,511.75,425.66,0.45
4568,190,26.8,26.01,0.02111,0.94,19.0,0.525,1906.34,971.87,934.46,759.35,0.51
4569,190,28.0,26.07,0.02069,0.86,181.0,1.0,3009.64,1744.5,1265.14,1045.26,0.58
4570,190,29.2,26.34,0.02063,0.8,413.0,1.0,3364.14,2104.51,1259.62,1082.12,0.626
4571,190,30.4,26.36,0.02016,0.73,635.0,1.0,3665.89,2452.38,1213.51,1082.85,0.669
4572,190,30.7,26.3,0.01994,0.71,807.0,1.0,3882.42,2690.25,1192.16,1074.29,0.693
4573,190,31.0,25.73,0.01884,0.66,907.0,1.0,3921.18,2835.72,1085.46,989.77,0.723
4574,190,29.9,25.73,0.01931,0.72,612.0,1.0,3533.59,2402.22,1131.37,992.34,0.68
4575,190,30.0,24.84,0.01778,0.66,867.0,1.0,3717.62,2735.23,982.39,863.23,0.736
4576,190,25.0,24.24,0.01893,0.94,730.0,1.0,3396.62,2302.2,1094.42,788.9,0.678
4577,190,25.5,24.86,0.01976,0.95,352.0,1.0,3015.21,1840.64,1174.57,877.63,0.61
4578,190,26.0,24.56,0.01903,0.89,198.0,1.0,2770.5,1667.06,1103.44,831.73,0.602
4579,190,25.0,24.24,0.01891,0.94,19.0,0.5,1627.82,872.71,755.1,563.47,0.536
4580,190,23.6,23.48,0.01828,0.99,0.0,0.05,765.84,346.41,419.43,320.86,0.452
4581,190,23.4,23.28,0.01804,0.99,0.0,0.05,747.8,340.69,407.11,311.16,0.456
4582,190,23.3,23.18,0.01793,0.99,0.0,0.05,738.31,336.84,401.47,306.71,0.456
4583,190,23.1,22.98,0.01769,0.99,0.0,0.05,720.92,331.54,389.38,297.18,0.46
4584,191,23.5,23.01,0.01757,0.96,0.0,0.05,719.78,336.46,383.32,292.4,0.467
4585,191,24.0,23.0,0.01736,0.92,0.0,0.05,716.47,343.55,372.92,284.2,0.48
4586,191,24.4,23.01,0.0172,0.89,0.0,0.05,720.56,355.86,364.7,284.13,0.494
4587,191,24.3,23.04,0.01731,0.9,0.0,0.05,722.35,352.12,370.23,286.89,0.487
4588,191,24.1,22.97,0.01729,0.91,0.0,0.05,714.48,345.1,369.38,283.02,0.483
4589,191,24.0,22.88,0.0172,0.91,0.0,0.05,706.19,341.3,364.9,277.88,0.483
4590,191,24.3,23.3,0.01772,0.92,0.0,0.05,741.74,350.63,391.12,303.35,0.473
4591,191,24.7,23.82,0.01837,0.93,0.0,0.05,787.18,363.49,423.69,335.43,0.462
4592,191,25.0,24.24,0.01889,0.94,19.0,0.525,1654.55,884.0,770.55,573.43,0.534
4593,191,26.1,24.52,0.01888,0.88,150.0,1.0,2684.72,1595.28,1089.44,822.76,0.594
4594,191,27.3,24.98,0.01912,0.83,307.0,1.0,2972.03,1859.46,1112.58,885.11,0.626
4595,191,28.4,25.28,0.01914,0.78,446.0,1.0,3210.68,2096.01,1114.66,925.26,0.653
4596,191,29.2,25.09,0.01851,0.72,549.0,1.0,3324.44,2271.39,1053.05,898.27,0.683
4597,191,30.0,24.84,0.01774,0.66,607.0,1.0,3368.14,2389.28,978.86,860.09,0.709
4598,191,29.8,24.82,0.01783,0.67,615.0,1.0,3378.55,2391.63,986.92,860.3,0.708
4599,191,30.0,24.16,0.01666,0.62,573.0,1.0,3223.18,2350.03,873.15,766.0,0.729
4600,191,29.7,24.23,0.01692,0.64,484.0,1.0,3121.31,2222.2,899.11,778.67,0.712
4601,191,29.5,23.88,0.01646,0.63,355.0,1.0,2901.46,2047.79,853.67,731.26,0.706
4602,191,28.7,24.16,0.01723,0.69,199.0,1.0,2736.32,1807.47,928.84,770.32,0.661
4603,191,28.0,24.45,0.018,0.75,52.0,0.5,1730.63,1041.68,688.96,581.8,0.602
4604,191,27.2,24.59,0.01857,0.81,1.0,0.05,896.67,462.56,434.11,383.67,0.516
4605,191,27.1,24.64,0.01868,0.82,0.0,0.05,896.79,457.44,439.35,386.19,0.51
4606,191,27.1,24.79,0.01889,0.83,0.0,0.05,907.12,456.9,450.22,394.77,0.504
4607,191,27.0,24.83,0.01901,0.84,0.0,0.05,909.39,453.15,456.24,397.91,0.498
4608,192,27.0,24.97,0.01924,0.85,0.0,0.05,920.7,452.68,468.02,407.19,0.492
4609,192,26.9,25.02,0.01936,0.86,0.0,0.05,922.86,449.0,473.87,410.2,0.487
4610,192,26.9,25.16,0.01959,0.87,0.0,0.05,934.18,448.58,485.59,419.44,0.48
4611,192,26.8,25.06,0.01949,0.87,0.0,0.05,925.57,444.95,480.62,413.92,0.481
4612,192,26.7,24.96,0.01937,0.87,0.0,0.05,915.96,441.3,474.66,407.63,0.482
4613,192,26.6,24.87,0.01926,0.87,0.0,0.05,906.37,437.63,468.74,401.36,0.483
4614,192,27.0,24.83,0.01903,0.84,0.0,0.05,907.59,450.37,457.22,398.68,0.496
4615,192,26.0,24.56,0.01899,0.89,0.0,0.05,872.58,417.47,455.11,381.01,0.478
4616,192,26.8,25.06,0.01947,0.87,19.0,0.525,1783.79,970.57,813.22,655.66,0.544
4617,192,28.0,25.79,0.02017,0.84,149.0,1.0,2917.16,1702.33,1214.83,1000.49,0.584
4618,192,28.0,25.79,0.02017,0.84,306.0,1.0,3119.2,1904.36,1214.83,1000.49,0.611
4619,192,28.7,25.71,0.01975,0.79,446.0,1.0,3294.09,2120.63,1173.46,988.03,0.644
4620,192,29.3,25.82,0.01967,0.76,548.0,1.0,3448.94,2283.35,1165.58,1001.91,0.662
4621,192,29.9,25.9,0.01957,0.73,606.0,1.0,3546.21,2389.89,1156.32,1014.55,0.674
4622,192,30.5,25.96,0.01942,0.7,614.0,1.0,3574.08,2432.5,1141.59,1022.32,0.681
4623,192,31.0,25.73,0.01884,0.66,572.0,1.0,3491.46,2406.0,1085.46,989.77,0.689
4624,192,30.1,25.43,0.01872,0.69,483.0,1.0,3321.12,2247.06,1074.06,948.3,0.677
4625,192,29.3,25.02,0.01839,0.71,354.0,1.0,3082.75,2041.19,1041.56,891.52,0.662
4626,192,28.6,25.01,0.01866,0.75,199.0,1.0,2874.55,1806.51,1068.04,890.72,0.628
4627,192,28.0,25.05,0.01897,0.79,52.0,0.5,1804.66,1045.25,759.41,641.88,0.579
4628,192,27.5,25.02,0.01913,0.82,1.0,0.05,937.89,475.49,462.4,410.77,0.507
4629,192,27.4,24.93,0.019,0.82,0.0,0.05,925.75,470.14,455.61,403.82,0.508
4630,192,27.3,24.98,0.01912,0.83,0.0,0.05,927.93,466.11,461.82,407.11,0.502
4631,192,27.2,24.88,0.01899,0.83,0.0,0.05,917.15,462.13,455.03,400.15,0.504
4632,193,27.1,24.93,0.01911,0.84,0.0,0.05,919.25,458.17,461.08,403.32,0.498
4633,193,26.9,24.88,0.01913,0.85,0.0,0.05,913.12,450.97,462.15,400.97,0.494
4634,193,26.8,25.06,0.01947,0.87,0.0,0.05,926.62,447.01,479.61,413.13,0.482
4635,193,26.9,25.16,0.01961,0.87,0.0,0.05,936.25,449.64,486.61,420.24,0.48
4636,193,27.0,25.53,0.0202,0.89,0.0,0.05,968.7,452.42,516.27,445.23,0.467
4637,193,26.5,25.31,0.02007,0.91,0.0,0.05,945.41,435.65,509.76,432.09,0.461
4638,193,26.7,25.1,0.0196,0.88,0.0,0.05,927.84,441.58,486.26,416.77,0.476
4639,193,26.8,24.92,0.01926,0.86,0.0,0.05,913.4,444.44,468.95,404.73,0.487
4640,193,27.0,24.83,0.01903,0.84,19.0,0.525,1760.61,980.14,780.47,632.74,0.557
4641,193,28.0,25.79,0.02021,0.84,149.0,1.0,2922.28,1703.42,1218.85,1004.07,0.583
4642,193,28.8,25.5,0.01937,0.77,307.0,1.0,3084.37,1947.88,1136.49,958.61,0.632
4643,193,29.6,25.94,0.01977,0.75,446.0,1.0,3343.97,2168.39,1175.58,1021.24,0.648
4644,193,30.0,26.94,0.02136,0.79,547.0,1.0,3650.26,2319.89,1330.36,1172.93,0.636
4645,193,31.0,26.41,0.02002,0.7,606.0,1.0,3648.62,2448.56,1200.06,1091.76,0.671
4646,193,31.0,26.07,0.01943,0.68,615.0,1.0,3604.62,2461.91,1142.71,1040.72,0.683
4647,193,31.0,26.41,0.02004,0.7,572.0,1.0,3610.38,2408.32,1202.06,1093.54,0.667
4648,193,30.6,25.88,0.01929,0.69,483.0,1.0,3403.5,2274.87,1128.63,1014.26,0.668
4649,193,30.3,25.77,0.01925,0.7,355.0,1.0,3221.28,2096.13,1125.15,1000.73,0.651
4650,193,29.6,25.93,0.01983,0.75,167.0,1.0,3000.96,1819.46,1181.5,1026.51,0.606
4651,193,29.0,25.99,0.02017,0.79,33.0,0.5,1911.29,1065.28,846.01,740.65,0.557
4652,193,28.3,26.07,0.0206,0.84,0.0,0.05,1040.07,503.4,536.67,482.12,0.484
4653,193,28.1,26.03,0.02061,0.85,0.0,0.05,1033.02,496.15,536.88,479.08,0.48
4654,193,28.0,26.22,0.02096,0.87,0.0,0.05,1046.84,492.14,554.7,491.53,0.47
4655,193,27.8,26.17,0.02095,0.88,0.0,0.05,1039.33,484.9,554.43,488.12,0.467
4656,194,27.7,26.07,0.02083,0.88,0.0,0.05,1028.97,480.9,548.07,481.49,0.467
4657,194,27.5,25.73,0.02034,0.87,0.0,0.05,996.89,473.66,523.24,458.72,0.475
4658,194,27.4,25.64,0.02021,0.87,0.0,0.05,986.71,469.66,517.05,452.24,0.476
4659,194,27.3,25.68,0.02033,0.88,0.0,0.05,988.64,465.7,522.93,455.28,0.471
4660,194,27.1,25.63,0.02034,0.89,0.0,0.05,982.02,458.49,523.53,452.55,0.467
4661,194,27.0,25.67,0.02045,0.9,0.0,0.05,983.7,454.53,529.17,455.39,0.462
4662,194,27.0,25.53,0.02022,0.89,0.0,0.05,971.19,453.87,517.32,446.05,0.467
4663,194,27.0,25.53,0.0202,0.89,0.0,0.05,969.58,453.31,516.27,445.23,0.468
4664,194,27.7,25.5,0.01985,0.84,19.0,0.525,1852.99,1011.8,841.19,702.45,0.546
4665,194,28.8,25.81,0.01991,0.79,149.0,1.0,2935.91,1746.97,1188.94,1005.29,0.595
4666,194,30.0,26.31,0.02024,0.75,307.0,1.0,3234.04,2012.26,1221.79,1076.29,0.622
4667,194,30.5,26.29,0.01999,0.72,446.0,1.0,3414.97,2217.71,1197.26,1071.87,0.649
4668,194,29.0,26.0,0.02012,0.79,822.0,1.0,3834.29,2624.08,1210.22,1031.19,0.684
4669,194,25.0,22.79,0.01662,0.83,610.0,1.0,3016.0,2146.07,869.93,589.1,0.712
4670,194,22.4,22.16,0.01679,0.98,234.0,1.0,2469.03,1583.1,885.93,568.53,0.641
4671,194,22.9,22.54,0.01716,0.97,218.0,1.0,2489.12,1567.46,921.66,600.33,0.63
4672,194,23.5,23.13,0.01783,0.97,184.0,1.0,2517.98,1531.2,986.78,658.29,0.608
4673,194,24.0,23.51,0.01819,0.96,135.0,1.0,2497.09,1474.76,1022.33,689.93,0.591
4674,194,24.2,23.58,0.01822,0.95,108.0,1.0,2474.17,1449.05,1025.12,699.38,0.586
4675,194,24.4,23.65,0.01825,0.94,36.0,0.5,1566.66,860.0,706.66,507.21,0.549
4676,194,24.6,23.72,0.01825,0.93,1.0,0.05,783.52,365.52,418.0,329.34,0.467
4677,194,24.8,23.79,0.01827,0.92,0.0,0.05,789.3,370.22,419.08,333.4,0.469
4678,194,25.0,24.24,0.01889,0.94,0.0,0.05,826.84,376.4,450.44,361.32,0.455
4679,194,24.6,23.72,0.01823,0.93,0.0,0.05,780.14,363.08,417.06,328.6,0.465
4680,195,24.5,23.75,0.01832,0.94,0.0,0.05,780.91,359.37,421.54,330.53,0.46
4681,195,24.4,23.78,0.01841,0.95,0.0,0.05,781.59,355.67,425.92,332.39,0.455
4682,195,24.3,23.8,0.01851,0.96,0.0,0.05,783.13,351.95,431.18,334.93,0.449
4683,195,24.0,24.0,0.01895,1.0,0.0,0.05,795.09,341.67,453.41,347.65,0.43
4684,195,24.0,23.88,0.01878,0.99,0.0,0.05,785.64,341.11,444.52,340.65,0.434
4685,195,24.0,23.88,0.0188,0.99,0.0,0.05,786.12,340.62,445.5,341.41,0.433
4686,195,24.3,24.18,0.01913,0.99,0.0,0.05,812.32,350.05,462.28,359.44,0.431
4687,195,24.5,24.25,0.01917,0.98,0.0,0.05,820.53,356.43,464.1,364.08,0.434
4688,195,24.8,24.55,0.0195,0.98,19.0,0.05,871.76,390.62,481.15,382.32,0.448
4689,195,26.1,25.06,0.01979,0.92,149.0,0.15,1272.06,704.73,567.33,465.71,0.554
4690,195,27.3,25.54,0.02007,0.87,307.0,0.15,1533.12,950.09,583.03,499.97,0.62
4691,195,28.6,26.21,0.02068,0.83,446.0,0.15,1791.74,1175.17,616.57,550.41,0.656
4692,195,30.0,26.94,0.02136,0.79,548.0,0.15,2011.32,1356.87,654.45,606.17,0.675
4693,195,29.0,26.74,0.02144,0.84,908.0,0.15,2445.59,1786.6,658.99,591.84,0.731
4694,195,24.2,23.95,0.01878,0.98,234.0,0.15,1268.03,756.83,511.2,386.23,0.597
4695,195,24.7,24.33,0.01918,0.97,218.0,0.15,1285.82,752.22,533.6,413.3,0.585
4696,195,25.3,24.66,0.01948,0.95,184.0,0.05,1105.39,625.55,479.84,389.29,0.566
4697,195,25.8,25.03,0.01989,0.94,135.0,0.05,1079.09,578.64,500.45,413.54,0.536
4698,195,26.0,25.22,0.02011,0.94,201.0,0.05,1181.53,669.77,511.75,425.66,0.567
4699,195,25.7,24.4,0.01888,0.9,48.0,0.05,913.31,463.73,449.59,371.85,0.508
4700,195,25.4,23.98,0.0183,0.89,1.0,0.05,814.06,393.45,420.61,344.21,0.483
4701,195,25.2,23.65,0.01787,0.88,0.0,0.05,784.1,385.3,398.8,323.82,0.491
4702,195,24.9,23.23,0.01732,0.87,0.0,0.05,746.18,375.06,371.12,297.19,0.503
4703,195,24.6,22.94,0.01701,0.87,0.0,0.05,719.85,364.69,355.16,279.81,0.507
4704,196,22.0,21.29,0.01567,0.94,0.0,0.05,598.55,310.77,287.77,217.09,0.519
4705,196,22.0,22.0,0.0167,1.0,0.0,0.05,648.25,308.6,339.65,257.98,0.476
4706,196,22.2,21.85,0.01639,0.97,0.0,0.05,634.06,310.08,323.97,245.62,0.489
4707,196,22.5,22.02,0.01654,0.96,0.0,0.05,645.17,313.62,331.55,251.59,0.486
4708,196,22.8,22.32,0.01687,0.96,0.0,0.05,665.73,317.55,348.18,264.7,0.477
4709,196,23.1,22.49,0.01702,0.95,0.0,0.05,677.63,321.82,355.81,270.72,0.475
4710,196,23.2,22.59,0.01713,0.95,0.0,0.05,684.18,323.02,361.16,274.94,0.472
4711,196,23.4,22.91,0.01753,0.96,0.0,0.05,707.47,326.02,381.44,290.92,0.461
4712,196,23.5,23.01,0.01764,0.96,7.0,0.05,723.45,336.5,386.95,295.26,0.465
4713,196,24.7,23.3,0.01755,0.89,110.0,0.15,1045.14,601.67,443.47,340.56,0.576
4714,196,26.0,24.56,0.01901,0.89,307.0,0.15,1424.28,900.25,524.03,428.97,0.632
4715,196,27.8,24.27,0.01775,0.75,448.0,0.15,1599.62,1145.11,454.52,405.24,0.716
4716,196,28.3,24.27,0.01754,0.72,552.0,0.15,1740.99,1298.22,442.77,404.76,0.746
4717,196,28.8,24.41,0.01757,0.7,610.0,0.15,1836.95,1392.32,444.63,415.26,0.758
4718,196,29.3,24.38,0.01731,0.67,619.0,0.15,1853.43,1423.57,429.86,412.32,0.768
4719,196,30.0,24.16,0.01666,0.62,578.0,0.15,1791.5,1397.64,393.86,395.87,0.78
4720,196,30.0,24.67,0.0175,0.65,487.0,0.05,1551.3,1171.08,380.22,386.02,0.755
4721,196,30.1,24.75,0.01763,0.65,358.0,0.05,1397.36,1010.99,386.37,392.46,0.724
4722,196,29.0,24.43,0.01756,0.69,202.0,0.05,1159.67,776.68,382.99,372.19,0.67
4723,196,28.0,24.3,0.01776,0.74,53.0,0.05,946.64,553.68,392.96,364.04,0.585
4724,196,27.5,24.29,0.01795,0.77,1.0,0.05,873.5,470.77,402.73,363.73,0.539
4725,196,27.3,24.69,0.01868,0.81,0.0,0.05,902.57,462.78,439.79,389.74,0.513
4726,196,27.2,25.16,0.0195,0.85,0.0,0.05,940.11,459.24,480.86,420.52,0.489
4727,196,27.0,25.53,0.02018,0.89,0.0,0.05,967.63,452.4,515.23,444.41,0.468
4728,197,26.8,25.2,0.01972,0.88,0.0,0.05,937.77,445.48,492.29,423.12,0.475
4729,197,26.5,24.91,0.01937,0.88,0.0,0.05,909.5,435.19,474.3,404.14,0.478
4730,197,26.3,24.58,0.01891,0.87,0.0,0.05,879.23,428.06,451.17,382.7,0.487
4731,197,26.0,25.22,0.02011,0.94,0.0,0.05,929.36,417.61,511.75,425.66,0.449
4732,197,26.0,24.56,0.01903,0.89,0.0,0.05,873.96,416.89,457.08,382.56,0.477
4733,197,26.4,24.67,0.01904,0.87,0.0,0.05,887.36,429.39,457.98,389.67,0.484
4734,197,26.7,25.1,0.0196,0.88,0.0,0.05,925.2,438.94,486.26,416.77,0.474
4735,197,27.0,25.53,0.0202,0.89,0.0,0.05,965.0,448.72,516.27,445.23,0.465
4736,197,26.9,25.57,0.02029,0.9,18.0,0.525,1846.28,972.79,873.49,709.75,0.527
4737,197,27.9,25.84,0.02032,0.85,148.0,1.0,2924.37,1695.32,1229.04,1009.66,0.58
4738,197,29.0,26.74,0.02144,0.84,306.0,1.0,3293.75,1955.42,1338.32,1145.21,0.594
4739,197,29.5,26.16,0.02017,0.77,447.0,1.0,3378.12,2163.35,1214.77,1052.65,0.64
4740,197,29.7,26.19,0.02016,0.76,550.0,1.0,3520.84,2307.19,1213.65,1058.61,0.655
4741,197,29.9,26.37,0.0204,0.76,609.0,1.0,3631.61,2394.53,1237.08,1086.43,0.659
4742,197,30.1,26.4,0.02038,0.75,617.0,1.0,3651.91,2416.39,1235.53,1092.0,0.662
4743,197,30.0,26.94,0.02138,0.79,574.0,1.0,3689.8,2357.3,1332.5,1174.83,0.639
4744,197,30.0,25.66,0.01915,0.71,487.0,1.0,3362.2,2246.71,1115.49,981.69,0.668
4745,197,30.0,25.34,0.01861,0.69,358.0,1.0,3145.43,2082.1,1063.32,935.26,0.662
4746,197,29.0,25.22,0.01885,0.74,202.0,1.0,2917.52,1831.14,1086.38,920.97,0.628
4747,197,28.0,25.05,0.01899,0.79,53.0,0.5,1807.72,1046.9,760.82,643.09,0.579
4748,197,27.9,25.11,0.01913,0.8,1.0,0.05,951.01,488.93,462.08,416.92,0.514
4749,197,27.7,25.36,0.01961,0.83,0.0,0.05,966.93,480.5,486.42,432.91,0.497
4750,197,27.5,25.74,0.02032,0.87,0.0,0.05,995.5,473.31,522.18,457.89,0.475
4751,197,27.3,25.96,0.02077,0.9,0.0,0.05,1010.98,466.08,544.89,472.59,0.461
4752,198,27.2,25.72,0.0204,0.89,0.0,0.05,988.7,462.1,526.6,456.57,0.467
4753,198,27.0,25.53,0.02018,0.89,0.0,0.05,970.1,454.87,515.23,444.41,0.469
4754,198,26.9,25.3,0.01982,0.88,0.0,0.05,948.22,450.89,497.33,428.69,0.476
4755,198,26.5,25.18,0.0198,0.9,0.0,0.05,933.31,437.1,496.21,421.41,0.468
4756,198,26.1,25.19,0.01999,0.93,0.0,0.05,928.87,423.15,505.72,422.5,0.456
4757,198,25.7,25.06,0.01994,0.95,0.0,0.05,912.28,409.06,503.21,414.12,0.448
4758,198,25.8,25.16,0.02006,0.95,0.0,0.05,920.66,411.26,509.39,420.59,0.447
4759,198,25.9,25.39,0.0204,0.96,0.0,0.05,940.36,413.67,526.69,435.83,0.44
4760,198,26.0,25.62,0.02075,0.97,18.0,0.525,1842.66,935.01,907.65,716.09,0.507
4761,198,27.2,25.45,0.01993,0.87,183.0,1.0,2895.02,1703.72,1191.3,951.7,0.588
4762,198,28.3,25.34,0.01928,0.79,421.0,1.0,3194.04,2066.05,1127.99,933.64,0.647
4763,198,29.5,25.21,0.01855,0.71,648.0,1.0,3477.47,2420.08,1057.39,912.58,0.696
4764,198,30.2,25.02,0.01794,0.66,757.0,1.0,3595.15,2597.57,997.58,883.71,0.723
4765,198,30.9,24.77,0.01724,0.61,754.0,1.0,3561.12,2631.62,929.51,847.49,0.739
4766,198,31.6,24.47,0.01646,0.56,622.0,1.0,3354.73,2500.39,854.34,804.95,0.745
4767,198,32.0,26.1,0.01902,0.63,865.0,1.0,3938.01,2834.87,1103.14,1040.31,0.72
4768,198,31.3,24.94,0.01738,0.6,708.0,1.0,3543.25,2599.46,943.79,874.12,0.734
4769,198,30.6,25.03,0.01785,0.64,470.0,1.0,3248.28,2259.43,988.85,889.86,0.696
4770,198,30.1,25.26,0.01843,0.68,250.0,1.0,2997.25,1952.18,1045.06,922.49,0.651
4771,198,29.6,25.46,0.01897,0.72,61.0,0.5,1886.29,1126.92,759.36,681.7,0.597
4772,198,29.1,25.63,0.01947,0.76,1.0,0.05,1011.5,531.91,479.59,449.94,0.526
4773,198,28.8,25.5,0.01939,0.77,0.0,0.05,995.7,520.46,475.24,441.71,0.523
4774,198,28.4,25.43,0.01941,0.79,0.0,0.05,983.55,506.87,476.69,436.44,0.515
4775,198,28.1,25.3,0.01932,0.8,0.0,0.05,968.13,496.37,471.76,427.76,0.513
4776,199,28.0,25.79,0.02019,0.84,0.0,0.05,1008.31,492.34,515.97,461.0,0.488
4777,199,28.0,25.79,0.02019,0.84,0.0,0.05,1007.6,491.63,515.97,461.0,0.488
4778,199,27.5,26.01,0.02082,0.89,0.0,0.05,1022.24,474.61,547.63,477.95,0.464
4779,199,27.3,25.96,0.02081,0.9,0.0,0.05,1014.25,467.2,547.05,474.29,0.461
4780,199,27.0,25.94,0.0209,0.92,0.0,0.05,1008.32,456.51,551.81,473.24,0.453
4781,199,26.8,26.01,0.02111,0.94,0.0,0.05,1011.53,449.02,562.5,478.46,0.444
4782,199,26.9,25.98,0.02101,0.93,0.0,0.05,1008.59,451.38,557.21,475.89,0.448
4783,199,27.1,26.04,0.02101,0.92,0.0,0.05,1014.35,457.21,557.15,479.05,0.451
4784,199,27.2,25.86,0.02066,0.9,24.0,0.525,1898.72,997.71,901.01,740.91,0.525
4785,199,28.3,26.36,0.02107,0.86,194.0,1.0,3080.9,1779.1,1301.8,1088.33,0.577
4786,199,29.4,26.83,0.02142,0.82,402.0,1.0,3439.24,2103.02,1336.21,1157.25,0.611
4787,199,30.5,27.41,0.022,0.79,585.0,1.0,3788.43,2395.51,1392.92,1246.01,0.632
4788,199,31.2,26.93,0.02083,0.72,798.0,1.0,3985.58,2706.4,1279.18,1169.15,0.679
4789,199,32.0,26.8,0.02027,0.67,915.0,1.0,4123.93,2899.53,1224.4,1148.23,0.703
4790,199,31.3,25.65,0.01858,0.64,898.0,1.0,3903.46,2843.62,1059.83,977.4,0.728
4791,199,31.6,25.74,0.0186,0.63,856.0,1.0,3868.81,2806.55,1062.27,990.01,0.725
4792,199,32.0,26.09,0.01906,0.63,733.0,1.0,3777.67,2670.74,1106.93,1043.68,0.707
4793,199,31.7,25.65,0.01844,0.62,471.0,1.0,3367.39,2320.58,1046.81,979.73,0.689
4794,199,31.0,25.73,0.01886,0.66,203.0,1.0,3029.05,1941.71,1087.34,991.44,0.641
4795,199,30.0,26.31,0.02029,0.75,54.0,0.5,1992.77,1138.1,854.68,772.95,0.571
4796,199,28.9,25.9,0.02003,0.79,0.0,0.05,1034.82,527.31,507.51,468.74,0.51
4797,199,28.7,26.01,0.0203,0.81,0.0,0.05,1041.47,519.86,521.61,476.65,0.499
4798,199,28.4,26.02,0.02043,0.83,0.0,0.05,1037.08,509.12,527.95,476.85,0.491
4799,199,28.2,26.12,0.02069,0.85,0.0,0.05,1042.61,501.6,541.01,483.94,0.481
4800,200,28.0,25.93,0.02044,0.85,0.0,0.05,1022.6,494.09,528.51,470.88,0.483
4801,200,27.8,25.74,0.0202,0.85,0.0,0.05,1002.72,486.58,516.15,457.94,0.485
4802,200,27.6,25.55,0.01997,0.85,0.0,0.05,984.02,479.07,504.95,445.91,0.487
4803,200,28.0,25.79,0.02021,0.84,0.0,0.05,1008.27,491.25,517.02,461.83,0.487
4804,200,28.0,25.79,0.02021,0.84,0.0,0.05,1007.71,490.69,517.02,461.83,0.487
4805,200,27.4,25.92,0.02069,0.89,0.0,0.05,1011.81,470.52,541.29,471.35,0.465
4806,200,27.0,25.53,0.02018,0.89,0.0,0.05,971.83,456.6,515.23,444.41,0.47
4807,200,27.0,25.53,0.02018,0.89,0.0,0.05,970.89,455.66,515.23,444.41,0.469
4808,200,27.5,25.74,0.02032,0.87,18.0,0.525,1879.6,1004.11,875.49,726.71,0.534
4809,200,29.0,26.74,0.02144,0.84,148.0,1.0,3095.97,1757.64,1338.32,1145.21,0.568
4810,200,29.5,26.16,0.02019,0.77,308.0,1.0,3206.06,1989.28,1216.78,1054.44,0.62
4811,200,30.0,26.31,0.02024,0.75,448.0,1.0,3417.27,2195.49,1221.79,1076.29,0.642
4812,200,31.0,26.41,0.02002,0.7,553.0,1.0,3582.86,2382.8,1200.06,1091.76,0.665
4813,200,31.0,25.73,0.01884,0.66,612.0,1.0,3545.46,2459.99,1085.46,989.77,0.694
4814,200,31.2,26.25,0.01966,0.68,621.0,1.0,3648.22,2483.16,1165.05,1067.57,0.681
4815,200,32.0,26.1,0.01904,0.63,579.0,1.0,3576.86,2471.82,1105.03,1042.0,0.691
4816,200,31.7,26.01,0.01904,0.64,564.0,1.0,3543.21,2438.68,1104.53,1031.1,0.688
4817,200,31.4,25.91,0.01903,0.65,456.0,1.0,3389.34,2285.85,1103.49,1019.74,0.674
4818,200,30.6,25.88,0.01929,0.69,275.0,1.0,3141.85,2013.23,1128.63,1014.26,0.641
4819,200,29.8,26.12,0.02005,0.75,76.0,0.5,1994.84,1157.56,837.29,753.13,0.58
4820,200,29.0,26.15,0.02043,0.8,1.0,0.05,1059.32,531.39,527.93,486.44,0.502
4821,200,28.8,26.26,0.02069,0.82,0.0,0.05,1063.7,522.78,540.92,493.47,0.491
4822,200,28.6,26.36,0.02093,0.84,0.0,0.05,1068.85,515.44,553.41,500.12,0.482
4823,200,28.4,26.32,0.02092,0.85,0.0,0.05,1060.64,508.07,552.57,496.25,0.479
4824,201,28.1,26.17,0.02079,0.86,0.0,0.05,1043.71,497.42,546.29,486.5,0.477
4825,201,27.9,26.26,0.02104,0.88,0.0,0.05,1048.62,489.96,558.66,493.05,0.467
4826,201,27.6,26.11,0.0209,0.89,0.0,0.05,1031.07,479.22,551.84,482.87,0.465
4827,201,27.3,26.1,0.02103,0.91,0.0,0.05,1026.45,468.42,558.03,482.94,0.456
4828,201,27.0,26.21,0.02135,0.94,0.0,0.05,1031.99,457.56,574.44,491.07,0.443
4829,201,27.3,26.23,0.02129,0.92,0.0,0.05,1037.53,466.34,571.19,493.32,0.449
4830,201,27.4,26.33,0.02139,0.92,0.0,0.05,1045.5,468.88,576.62,499.2,0.448
4831,201,27.5,26.43,0.02152,0.92,0.0,0.05,1054.77,471.59,583.18,505.97,0.447
4832,201,27.6,26.53,0.02163,0.92,18.0,0.525,1980.96,1008.23,972.73,812.4,0.509
4833,201,28.8,26.26,0.02064,0.82,148.0,1.0,3008.06,1747.3,1260.76,1069.21,0.581
4834,201,30.0,26.31,0.02022,0.75,308.0,1.0,3234.71,2014.93,1219.77,1074.5,0.623
4835,201,30.2,25.52,0.01878,0.69,651.0,1.0,3545.63,2466.38,1079.25,956.39,0.696
4836,201,30.6,25.38,0.01837,0.66,726.0,1.0,3623.56,2584.35,1039.2,934.68,0.713
4837,201,31.0,25.73,0.01882,0.66,613.0,1.0,3544.86,2461.27,1083.59,988.1,0.694
4838,201,31.9,25.1,0.01739,0.58,738.0,1.0,3613.45,2669.36,944.09,895.27,0.739
4839,201,31.6,25.2,0.01769,0.6,761.0,1.0,3658.76,2685.07,973.69,911.17,0.734
4840,201,31.3,25.3,0.018,0.62,685.0,1.0,3576.92,2573.37,1003.54,927.3,0.719
4841,201,31.0,25.21,0.018,0.63,523.0,1.0,3354.37,2351.01,1003.37,916.7,0.701
4842,201,30.3,25.44,0.01868,0.68,280.0,1.0,3073.86,2003.79,1070.07,951.71,0.652
4843,201,29.5,25.53,0.01915,0.73,67.0,0.5,1905.23,1132.99,772.24,690.19,0.595
4844,201,28.8,25.81,0.01993,0.79,1.0,0.05,1026.72,524.2,502.51,463.2,0.511
4845,201,28.9,25.9,0.02003,0.79,0.0,0.05,1032.91,525.4,507.51,468.74,0.509
4846,201,29.0,25.99,0.02015,0.79,0.0,0.05,1041.62,528.05,513.57,475.12,0.507
4847,201,28.2,26.12,0.02069,0.85,0.0,0.05,1042.33,501.32,541.01,483.94,0.481
4848,202,28.0,26.5,0.02144,0.89,0.0,0.05,1072.6,493.84,578.76,510.49,0.46
4849,202,27.7,25.93,0.02056,0.87,0.0,0.05,1017.74,483.09,534.65,470.92,0.475
4850,202,27.4,25.92,0.02069,0.89,0.0,0.05,1013.56,472.27,541.29,471.35,0.466
4851,202,27.0,25.53,0.0202,0.89,0.0,0.05,974.38,458.11,516.27,445.23,0.47
4852,202,26.9,25.84,0.02078,0.92,0.0,0.05,999.11,453.69,545.42,466.6,0.454
4853,202,26.8,25.88,0.02088,0.93,0.0,0.05,1000.14,449.36,550.78,469.22,0.449
4854,202,26.9,25.98,0.02101,0.93,0.0,0.05,1008.88,451.67,557.21,475.89,0.448
4855,202,27.0,26.21,0.02135,0.94,0.0,0.05,1028.61,454.18,574.44,491.07,0.442
4856,202,27.4,26.33,0.02139,0.92,18.0,0.05,1066.4,489.78,576.62,499.2,0.459
4857,202,29.0,26.74,0.02142,0.84,148.0,0.15,1476.8,819.03,657.77,590.86,0.555
4858,202,29.5,26.62,0.02098,0.8,308.0,0.15,1676.01,1042.42,633.59,580.34,0.622
4859,202,30.1,26.87,0.02118,0.78,449.0,0.15,1889.83,1245.12,644.71,600.11,0.659
4860,202,31.0,27.24,0.02148,0.75,553.0,0.15,2071.98,1411.03,660.94,629.4,0.681
4861,202,30.7,26.8,0.02081,0.74,612.0,0.15,2101.81,1477.88,623.93,594.13,0.703
4862,202,30.5,26.77,0.02087,0.75,621.0,0.15,2111.15,1483.67,627.48,593.4,0.703
4863,202,31.0,26.41,0.02004,0.7,580.0,0.15,2030.71,1449.38,581.32,565.14,0.714
4864,202,30.7,26.14,0.01971,0.7,491.0,0.05,1703.82,1212.24,491.58,485.0,0.711
4865,202,30.4,25.7,0.01908,0.69,362.0,0.05,1497.41,1037.69,459.72,455.08,0.693
4866,202,29.8,25.48,0.01896,0.71,205.0,0.05,1270.99,817.09,453.9,440.89,0.643
4867,202,29.1,25.32,0.01896,0.74,55.0,0.05,1055.67,601.76,453.91,429.69,0.57
4868,202,28.5,25.07,0.01879,0.76,1.0,0.05,957.37,512.4,444.97,413.04,0.535
4869,202,28.4,25.43,0.01943,0.79,0.0,0.05,984.81,507.12,477.69,437.23,0.515
4870,202,28.4,25.88,0.0202,0.82,0.0,0.05,1022.59,506.43,516.17,467.56,0.495
4871,202,28.3,26.22,0.02081,0.85,0.0,0.05,1049.87,502.55,547.31,490.51,0.479
4872,203,28.1,26.17,0.02081,0.86,0.0,0.05,1042.79,495.42,547.37,487.35,0.475
4873,203,28.0,26.5,0.02146,0.89,0.0,0.05,1071.38,491.51,579.87,511.37,0.459
4874,203,27.8,26.31,0.0212,0.89,0.0,0.05,1051.22,484.35,566.87,497.92,0.461
4875,203,27.0,26.21,0.02137,0.94,0.0,0.05,1033.01,457.47,575.54,491.95,0.443
4876,203,27.0,25.94,0.02092,0.92,0.0,0.05,1009.31,456.41,552.89,474.09,0.452
4877,203,27.0,25.94,0.02092,0.92,0.0,0.05,1008.39,455.5,552.89,474.09,0.452
4878,203,27.2,26.13,0.02118,0.92,0.0,0.05,1027.07,461.28,565.8,487.47,0.449
4879,203,27.3,26.1,0.02105,0.91,0.0,0.05,1023.12,464.0,559.12,483.8,0.454
4880,203,27.5,26.15,0.02106,0.9,18.0,0.05,1053.08,493.23,559.85,487.58,0.468
4881,203,28.3,26.36,0.02109,0.86,149.0,0.15,1435.55,796.18,639.37,563.42,0.555
4882,203,29.2,26.64,0.02117,0.82,308.0,0.15,1675.42,1031.73,643.69,583.1,0.616
4883,203,30.0,26.78,0.02108,0.78,449.0,0.15,1880.19,1241.23,638.96,593.67,0.66
4884,203,30.3,26.75,0.02091,0.76,682.0,0.15,2181.36,1551.74,629.62,591.53,0.711
4885,203,30.6,26.54,0.02042,0.73,840.0,0.15,2368.36,1766.07,602.3,574.87,0.746
4886,203,30.9,26.49,0.02022,0.71,901.0,0.15,2447.08,1855.99,591.09,571.22,0.758
4887,203,31.0,25.73,0.01888,0.66,873.0,0.15,2341.83,1824.82,517.01,513.24,0.779
4888,203,30.6,26.21,0.01988,0.71,685.0,0.05,1957.77,1457.46,500.32,490.29,0.744
4889,203,30.3,26.1,0.01984,0.72,362.0,0.05,1532.09,1034.05,498.04,483.69,0.675
4890,203,30.0,26.31,0.02031,0.75,205.0,0.05,1344.97,823.28,521.69,497.53,0.612
4891,203,29.2,25.87,0.0199,0.77,55.0,0.05,1105.8,604.84,500.96,468.38,0.547
4892,203,28.5,25.82,0.0201,0.81,1.0,0.05,1023.76,512.29,511.47,465.46,0.5
4893,203,28.2,25.54,0.01972,0.81,0.0,0.05,992.79,500.46,492.33,445.57,0.504
4894,203,28.0,25.79,0.02021,0.84,0.0,0.05,1010.12,493.1,517.02,461.83,0.488
4895,203,27.9,25.26,0.01935,0.81,0.0,0.05,962.53,489.0,473.53,425.95,0.508
4896,204,27.7,25.36,0.01961,0.83,0.0,0.05,968.1,481.68,486.42,432.91,0.498
4897,204,27.6,25.69,0.02022,0.86,0.0,0.05,994.81,477.61,517.2,455.56,0.48
4898,204,27.4,25.92,0.02069,0.89,0.0,0.05,1011.6,470.3,541.29,471.35,0.465
4899,204,27.0,26.21,0.02139,0.94,0.0,0.05,1033.07,456.42,576.65,492.82,0.442
4900,204,27.0,26.21,0.02139,0.94,0.0,0.05,1032.16,455.51,576.65,492.82,0.441
4901,204,26.9,25.71,0.02056,0.91,0.0,0.05,986.14,451.44,534.7,458.16,0.458
4902,204,27.1,25.9,0.02081,0.91,0.0,0.05,1004.64,457.26,547.39,471.35,0.455
4903,204,27.3,25.96,0.02083,0.9,0.0,0.05,1011.43,463.3,548.13,475.14,0.458
4904,204,27.5,26.15,0.02108,0.9,18.0,0.525,1934.57,1002.39,932.18,775.19,0.518
4905,204,29.0,26.74,0.02146,0.84,149.0,1.0,3097.91,1757.44,1340.47,1147.11,0.567
4906,204,30.0,26.94,0.02138,0.79,309.0,1.0,3347.57,2015.08,1332.5,1174.83,0.602
4907,204,29.0,26.45,0.02091,0.82,450.0,1.0,3432.67,2145.65,1287.02,1099.54,0.625
4908,204,30.0,26.31,0.02026,0.75,556.0,1.0,3557.54,2333.73,1223.8,1078.09,0.656
4909,204,30.5,26.77,0.02087,0.75,615.0,1.0,3719.33,2436.28,1283.05,1148.22,0.655
4910,204,31.0,26.74,0.02063,0.72,624.0,1.0,3734.44,2474.86,1259.58,1144.73,0.663
4911,204,31.0,25.73,0.01886,0.66,583.0,1.0,3510.98,2423.65,1087.34,991.44,0.69
4912,204,31.0,26.07,0.01947,0.68,493.0,1.0,3455.98,2309.39,1146.59,1044.17,0.668
4913,204,31.1,25.82,0.01901,0.66,363.0,1.0,3250.76,2148.83,1101.93,1007.91,0.661
4914,204,30.3,25.6,0.01899,0.69,206.0,1.0,3006.6,1907.11,1099.49,977.89,0.634
4915,204,29.6,25.46,0.01901,0.72,55.0,0.5,1882.44,1120.25,762.19,684.11,0.595
4916,204,28.8,25.19,0.01891,0.75,1.0,0.05,973.95,522.95,451.0,422.6,0.537
4917,204,28.5,25.07,0.01881,0.76,0.0,0.05,957.13,511.19,445.94,413.8,0.534
4918,204,28.2,25.09,0.01895,0.78,0.0,0.05,953.96,500.62,453.34,414.83,0.525
4919,204,27.9,24.96,0.01886,0.79,0.0,0.05,938.63,489.96,448.67,406.35,0.522
4920,205,27.4,25.21,0.0195,0.84,0.0,0.05,953.41,472.66,480.75,423.63,0.496
4921,205,27.0,25.53,0.0202,0.89,0.0,0.05,974.72,458.45,516.27,445.23,0.47
4922,205,27.3,25.68,0.02033,0.88,0.0,0.05,990.04,467.1,522.93,455.28,0.472
4923,205,27.2,25.58,0.02021,0.88,0.0,0.05,979.72,462.98,516.74,448.8,0.473
4924,205,27.2,25.58,0.02023,0.88,0.0,0.05,979.98,462.2,517.79,449.62,0.472
4925,205,27.1,25.35,0.01987,0.87,0.0,0.05,957.95,458.24,499.71,433.77,0.478
4926,205,27.4,25.78,0.02047,0.88,0.0,0.05,997.65,467.43,530.23,462.63,0.469
4927,205,27.7,26.07,0.02083,0.88,0.0,0.05,1024.96,476.89,548.07,481.49,0.465
4928,205,28.0,26.5,0.02146,0.89,18.0,0.525,1984.02,1024.15,959.87,811.57,0.516
4929,205,28.0,25.79,0.02021,0.84,149.0,1.0,2925.57,1706.72,1218.85,1004.07,0.583
4930,205,28.8,25.96,0.02015,0.8,310.0,1.0,3166.8,1954.57,1212.23,1026.02,0.617
4931,205,29.6,25.78,0.0195,0.74,452.0,1.0,3327.7,2178.55,1149.15,997.72,0.655
4932,205,30.3,25.94,0.01947,0.71,557.0,1.0,3497.23,2350.33,1146.9,1020.09,0.672
4933,205,31.0,25.73,0.01884,0.66,617.0,1.0,3550.15,2464.69,1085.46,989.77,0.694
4934,205,31.5,26.18,0.0194,0.66,626.0,1.0,3643.59,2503.57,1140.01,1055.72,0.687
4935,205,32.0,26.1,0.01904,0.63,876.0,1.0,3956.73,2851.69,1105.03,1042.0,0.721
4936,205,31.0,25.21,0.01798,0.63,495.0,1.0,3314.68,2313.11,1001.58,915.11,0.698
4937,205,30.9,25.64,0.01877,0.66,364.0,1.0,3219.24,2140.78,1078.46,980.06,0.665
4938,205,30.2,25.68,0.01912,0.7,206.0,1.0,3014.9,1902.68,1112.21,985.73,0.631
4939,205,29.4,25.43,0.01904,0.73,55.0,0.5,1876.47,1112.48,763.99,680.67,0.593
4940,205,28.7,25.41,0.01929,0.77,1.0,0.05,990.45,520.04,470.4,436.29,0.525
4941,205,28.6,25.47,0.01941,0.78,0.0,0.05,991.29,514.73,476.56,439.54,0.519
4942,205,28.4,25.43,0.01941,0.79,0.0,0.05,984.15,507.47,476.69,436.44,0.516
4943,205,28.3,25.49,0.01955,0.8,0.0,0.05,987.0,503.45,483.55,440.25,0.51
4944,206,28.1,25.45,0.01957,0.81,0.0,0.05,980.53,496.19,484.34,437.67,0.506
4945,206,28.0,25.06,0.01895,0.79,0.0,0.05,945.61,492.18,453.43,411.7,0.52
4946,206,27.7,25.21,0.01934,0.82,0.0,0.05,954.78,481.65,473.12,422.42,0.504
4947,206,27.5,25.31,0.01961,0.84,0.0,0.05,961.02,474.31,486.71,429.93,0.494
4948,206,27.4,25.36,0.01973,0.85,0.0,0.05,963.06,470.22,492.84,433.16,0.488
4949,206,27.2,25.45,0.01997,0.87,0.0,0.05,967.68,462.91,504.77,439.36,0.478
4950,206,27.6,25.41,0.01973,0.84,0.0,0.05,967.96,475.25,492.71,436.26,0.491
4951,206,28.0,25.79,0.02019,0.84,0.0,0.05,1003.93,487.95,515.97,461.0,0.486
4952,206,27.9,25.26,0.01933,0.81,18.0,0.525,1824.03,1021.17,802.86,674.75,0.56
4953,206,28.9,25.44,0.01922,0.76,149.0,1.0,2876.58,1754.17,1122.41,949.56,0.61
4954,206,30.0,25.5,0.01883,0.7,311.0,1.0,3103.93,2019.21,1084.72,954.3,0.651
4955,206,30.9,25.65,0.01869,0.66,453.0,1.0,3319.91,2248.9,1071.01,973.42,0.677
4956,206,31.0,24.5,0.01677,0.59,561.0,1.0,3278.37,2394.11,884.26,810.7,0.73
4957,206,30.9,25.64,0.01871,0.66,618.0,1.0,3536.29,2463.43,1072.86,975.08,0.697
4958,206,30.9,25.64,0.01873,0.66,628.0,1.0,3552.1,2477.38,1074.73,976.73,0.697
4959,206,31.0,25.21,0.01796,0.63,586.0,1.0,3429.42,2429.63,999.79,913.52,0.708
4960,206,30.5,25.11,0.01801,0.65,367.0,1.0,3128.43,2123.82,1004.61,900.41,0.679
4961,206,30.0,24.84,0.01778,0.66,139.0,1.0,2788.41,1806.02,982.39,863.23,0.648
4962,206,29.3,24.7,0.01786,0.69,131.0,1.0,2749.47,1759.73,989.75,845.41,0.64
4963,206,28.7,24.79,0.01824,0.73,46.0,0.5,1777.06,1070.91,706.14,613.9,0.603
4964,206,28.0,24.61,0.01823,0.76,1.0,0.05,912.89,495.93,416.96,382.96,0.543
4965,206,28.0,24.76,0.01848,0.77,0.0,0.05,923.05,493.62,429.43,392.79,0.535
4966,206,28.0,25.06,0.01895,0.79,0.0,0.05,946.17,492.73,453.43,411.7,0.521
4967,206,27.6,24.97,0.01899,0.81,0.0,0.05,933.9,478.85,455.05,406.58,0.513
4968,207,27.4,24.64,0.01852,0.8,0.0,0.05,902.89,471.37,431.52,384.83,0.522
4969,207,27.1,24.36,0.01819,0.8,0.0,0.05,875.36,460.62,414.73,366.79,0.526
4970,207,26.9,24.02,0.01774,0.79,0.0,0.05,845.12,453.09,392.03,345.7,0.536
4971,207,26.0,23.88,0.01789,0.84,0.0,0.05,822.29,422.59,399.7,337.33,0.514
4972,207,26.2,23.22,0.0168,0.78,0.0,0.05,772.31,427.76,344.55,297.06,0.554
4973,207,26.4,22.97,0.01633,0.75,0.0,0.05,754.25,433.24,321.01,281.71,0.574
4974,207,26.0,23.88,0.01789,0.84,0.0,0.05,819.0,419.31,399.7,337.33,0.512
4975,207,26.5,24.36,0.01844,0.84,0.0,0.05,862.34,434.76,427.58,367.31,0.504
4976,207,27.0,25.25,0.01971,0.87,18.0,0.525,1809.57,978.81,830.77,675.75,0.541
4977,207,28.0,25.35,0.01943,0.81,150.0,1.0,2847.26,1704.66,1142.6,936.2,0.599
4978,207,29.1,25.63,0.01943,0.76,311.0,1.0,3111.38,1968.46,1142.92,974.78,0.633
4979,207,30.1,25.76,0.01922,0.71,454.0,1.0,3327.33,2204.61,1122.72,991.6,0.663
4980,207,30.5,25.62,0.01883,0.68,632.0,1.0,3539.31,2455.17,1084.14,971.19,0.694
4981,207,30.9,25.47,0.01842,0.65,763.0,1.0,3689.96,2645.48,1044.48,949.82,0.717
4982,207,31.3,25.48,0.01826,0.63,824.0,1.0,3774.98,2746.02,1028.97,949.93,0.727
4983,207,31.6,25.56,0.0183,0.62,849.0,1.0,3827.96,2795.25,1032.71,963.71,0.73
4984,207,32.0,26.1,0.01904,0.63,744.0,1.0,3787.88,2682.84,1105.03,1042.0,0.708
4985,207,31.0,25.73,0.01886,0.66,547.0,1.0,3467.55,2380.21,1087.34,991.44,0.686
4986,207,31.0,25.73,0.01886,0.66,311.0,1.0,3165.65,2078.31,1087.34,991.44,0.657
4987,207,29.8,24.66,0.01755,0.66,77.0,0.5,1813.92,1157.59,656.33,598.82,0.638
4988,207,28.6,23.91,0.01686,0.68,1.0,0.05,864.67,517.18,347.48,337.8,0.598
4989,207,28.4,24.36,0.01766,0.72,0.0,0.05,896.74,508.48,388.27,366.74,0.567
4990,207,28.3,24.73,0.01831,0.75,0.0,0.05,925.3,504.32,420.98,390.93,0.545
4991,207,28.1,25.0,0.01882,0.78,0.0,0.05,943.59,496.95,446.64,407.95,0.527
4992,208,27.9,25.11,0.01909,0.8,0.0,0.05,949.66,489.56,460.11,415.37,0.516
4993,208,27.7,25.07,0.01912,0.81,0.0,0.05,943.99,482.15,461.83,413.52,0.511
4994,208,27.5,25.17,0.01937,0.83,0.0,0.05,949.29,474.74,474.55,420.35,0.5
4995,208,27.0,24.83,0.01903,0.84,0.0,0.05,914.7,457.48,457.22,398.68,0.5
4996,208,26.8,24.92,0.01928,0.86,0.0,0.05,919.81,449.86,469.95,405.51,0.489
4997,208,26.7,24.82,0.01916,0.86,0.0,0.05,909.6,445.54,464.06,399.27,0.49
4998,208,27.0,24.83,0.01905,0.84,0.0,0.05,912.63,454.43,458.21,399.46,0.498
4999,208,27.1,25.07,0.01938,0.85,0.0,0.05,931.99,457.07,474.92,414.24,0.49
5000,208,27.3,25.26,0.01962,0.85,18.0,0.525,1817.89,994.11,823.78,677.4,0.547
5001,208,28.2,25.69,0.01996,0.82,150.0,1.0,2911.22,1717.45,1193.77,988.7,0.59
5002,208,29.2,26.03,0.02012,0.78,311.0,1.0,3185.73,1975.87,1209.86,1037.83,0.62
5003,208,30.1,26.4,0.02038,0.75,454.0,1.0,3442.15,2206.63,1235.53,1092.0,0.641
5004,208,30.8,26.23,0.01979,0.7,689.0,1.0,3722.77,2545.51,1177.26,1064.51,0.684
5005,208,31.6,26.27,0.01952,0.66,849.0,1.0,3944.7,2793.6,1151.1,1069.07,0.708
5006,208,32.3,26.18,0.01908,0.62,911.0,1.0,4019.9,2911.12,1108.78,1055.77,0.724
5007,208,32.0,26.09,0.01906,0.63,864.0,1.0,3944.32,2837.39,1106.93,1043.68,0.719
5008,208,31.7,26.0,0.01906,0.64,739.0,1.0,3769.58,2663.15,1106.43,1032.79,0.706
5009,208,31.4,26.09,0.01935,0.66,548.0,1.0,3538.62,2403.85,1134.76,1047.57,0.679
5010,208,30.7,25.97,0.01942,0.69,311.0,1.0,3206.21,2064.56,1141.65,1029.34,0.644
5011,208,29.9,25.73,0.01935,0.72,83.0,0.5,1957.76,1170.77,786.99,712.74,0.598
5012,208,29.2,25.56,0.01936,0.75,2.0,0.05,1013.4,539.35,474.06,447.17,0.532
5013,208,28.8,25.65,0.01967,0.78,0.0,0.05,1012.38,523.01,489.37,452.84,0.517
5014,208,28.5,25.67,0.01983,0.8,0.0,0.05,1009.86,512.35,497.51,454.45,0.507
5015,208,28.1,25.59,0.01984,0.82,0.0,0.05,996.29,498.34,497.95,448.4,0.5
5016,209,28.0,25.93,0.02048,0.85,0.0,0.05,1024.67,494.04,530.63,472.55,0.482
5017,209,28.0,26.5,0.02148,0.89,0.0,0.05,1074.08,493.1,580.98,512.24,0.459
5018,209,27.6,26.53,0.0217,0.92,0.0,0.05,1071.19,479.16,592.03,514.55,0.447
5019,209,27.3,26.37,0.02155,0.93,0.0,0.05,1052.76,468.36,584.4,503.73,0.445
5020,209,27.0,26.21,0.02142,0.94,0.0,0.05,1035.28,457.51,577.76,493.7,0.442
5021,209,27.3,26.37,0.02157,0.93,0.0,0.05,1051.81,466.29,585.52,504.61,0.443
5022,209,27.3,26.37,0.02155,0.93,0.0,0.05,1049.96,465.56,584.4,503.73,0.443
5023,209,27.2,26.4,0.02166,0.94,0.0,0.05,1051.51,461.65,589.85,506.43,0.439
5024,209,27.2,26.4,0.02166,0.94,7.0,0.05,1059.88,470.03,589.85,506.43,0.443
5025,209,23.0,23.0,0.01781,1.0,57.0,0.15,970.13,512.25,457.88,339.6,0.528
5026,209,23.0,23.0,0.01781,1.0,119.0,0.15,1046.59,588.71,457.88,339.6,0.563
5027,209,24.1,23.98,0.01887,0.99,173.0,0.15,1192.33,675.6,516.73,388.89,0.567
5028,209,25.9,24.73,0.01935,0.91,355.0,0.15,1513.05,970.06,542.98,442.46,0.641
5029,209,27.6,25.26,0.01953,0.83,519.0,0.15,1792.3,1239.29,553.01,481.13,0.691
5030,209,29.4,25.75,0.01961,0.75,630.0,0.15,2002.84,1445.11,557.72,517.32,0.722
5031,209,29.7,26.03,0.01997,0.75,588.0,0.15,1980.8,1403.51,577.29,538.51,0.709
5032,209,30.0,25.5,0.01893,0.7,498.0,0.05,1640.24,1188.01,452.24,442.78,0.724
5033,209,30.5,26.28,0.02007,0.72,366.0,0.05,1546.77,1036.81,509.96,496.28,0.67
5034,209,29.7,26.03,0.01997,0.75,208.0,0.05,1314.32,809.69,504.62,479.27,0.616
5035,209,29.0,25.99,0.02019,0.79,56.0,0.05,1108.48,592.81,515.66,476.77,0.535
5036,209,28.0,26.5,0.0215,0.89,1.0,0.05,1072.03,489.93,582.1,513.12,0.457
5037,209,28.0,25.79,0.02025,0.84,0.0,0.05,1007.55,488.44,519.12,463.48,0.485
5038,209,28.0,25.79,0.02023,0.84,0.0,0.05,1006.32,488.26,518.07,462.65,0.485
5039,209,27.7,25.64,0.02012,0.85,0.0,0.05,990.35,478.26,512.09,453.14,0.483
5040,210,27.0,25.25,0.01975,0.87,0.0,0.05,948.62,454.97,493.65,427.4,0.48
5041,210,26.3,24.85,0.01938,0.89,0.0,0.05,906.09,431.29,474.8,401.33,0.476
5042,210,25.7,24.53,0.01913,0.91,0.0,0.05,873.03,410.55,462.48,382.02,0.47
5043,210,25.0,22.79,0.01668,0.83,0.0,0.05,724.68,386.3,338.38,272.99,0.533
5044,210,24.0,23.26,0.01782,0.94,0.0,0.05,748.14,351.95,396.19,302.54,0.47
5045,210,23.7,23.46,0.01826,0.98,0.0,0.05,763.29,344.96,418.34,320.0,0.452
5046,210,24.1,23.85,0.01872,0.98,0.0,0.05,792.85,351.4,441.45,339.82,0.443
5047,210,24.6,24.35,0.0193,0.98,0.0,0.05,837.51,366.42,471.08,371.18,0.438
5048,210,25.0,24.75,0.01979,0.98,7.0,0.05,883.04,387.65,495.39,396.75,0.439
5049,210,26.3,25.12,0.01985,0.91,95.0,0.15,1218.2,647.61,570.59,471.94,0.532
5050,210,27.7,25.5,0.01987,0.84,261.0,0.15,1481.57,909.61,571.96,498.22,0.614
5051,210,29.0,25.84,0.0199,0.78,456.0,0.15,1779.81,1206.15,573.66,522.99,0.678
5052,210,29.7,26.03,0.01993,0.75,562.0,0.15,1943.32,1368.3,575.02,536.67,0.704
5053,210,30.3,26.1,0.01982,0.72,622.0,0.15,2037.1,1468.16,568.94,542.56,0.721
5054,210,31.0,26.41,0.02006,0.7,631.0,0.15,2088.64,1506.18,582.46,566.06,0.721
5055,210,31.0,26.41,0.02008,0.7,882.0,0.15,2414.01,1830.41,583.61,566.99,0.758
5056,210,30.8,26.23,0.01985,0.7,694.0,0.05,1968.91,1470.41,498.5,492.05,0.747
5057,210,30.6,26.04,0.01963,0.7,367.0,0.05,1533.74,1045.98,487.76,480.39,0.682
5058,210,29.9,26.05,0.01993,0.74,208.0,0.05,1322.93,820.3,502.63,480.9,0.62
5059,210,29.2,26.03,0.02018,0.78,56.0,0.05,1118.47,602.99,515.48,479.82,0.539
5060,210,28.5,25.82,0.02012,0.81,1.0,0.05,1022.1,509.59,512.51,466.28,0.499
5061,210,28.2,25.69,0.02,0.82,0.0,0.05,1004.18,498.12,506.06,456.39,0.496
5062,210,28.0,25.79,0.02025,0.84,0.0,0.05,1010.19,491.08,519.12,463.48,0.486
5063,210,26.7,25.1,0.01964,0.88,0.0,0.05,936.18,447.89,488.29,418.37,0.478
5064,211,25.3,24.54,0.01929,0.94,0.0,0.05,870.85,400.68,470.16,381.67,0.46
5065,211,24.0,24.0,0.01897,1.0,0.0,0.05,810.46,356.06,454.39,348.43,0.439
5066,211,24.3,24.05,0.01891,0.98,0.0,0.05,814.63,363.39,451.24,350.75,0.446
5067,211,24.4,24.28,0.01925,0.99,0.0,0.05,832.94,364.68,468.26,365.76,0.438
5068,211,24.5,24.38,0.01937,0.99,0.0,0.05,840.58,366.31,474.28,372.1,0.436
5069,211,24.6,24.48,0.01951,0.99,0.0,0.05,849.56,368.22,481.34,379.27,0.433
5070,211,24.7,24.45,0.0194,0.98,0.0,0.05,846.48,370.38,476.1,376.74,0.438
5071,211,24.8,24.42,0.01932,0.97,0.0,0.05,844.54,372.75,471.79,374.94,0.441
5072,211,24.9,24.4,0.01923,0.96,18.0,0.525,1679.05,883.73,795.32,592.08,0.526
5073,211,26.9,25.16,0.01961,0.87,151.0,1.0,2802.6,1642.3,1160.3,913.66,0.586
5074,211,29.0,26.74,0.02146,0.84,312.0,1.0,3298.41,1957.95,1340.47,1147.11,0.594
5075,211,29.1,26.24,0.02051,0.8,456.0,1.0,3397.46,2149.78,1247.68,1068.01,0.633
5076,211,30.0,25.5,0.01887,0.7,564.0,1.0,3424.99,2336.52,1088.47,957.64,0.682
5077,211,30.0,25.5,0.01887,0.7,624.0,1.0,3504.03,2415.56,1088.47,957.64,0.689
5078,211,30.8,25.38,0.01835,0.65,633.0,1.0,3507.82,2470.19,1037.63,940.24,0.704
5079,211,32.0,25.37,0.01782,0.59,592.0,1.0,3467.46,2481.57,985.89,935.95,0.716
5080,211,31.0,25.73,0.01886,0.66,500.0,1.0,3401.82,2314.48,1087.34,991.44,0.68
5081,211,31.2,25.03,0.01761,0.61,369.0,1.0,3124.54,2158.32,966.22,890.6,0.691
5082,211,30.3,24.76,0.01754,0.64,209.0,1.0,2866.57,1908.11,958.46,852.37,0.666
5083,211,29.1,24.68,0.01791,0.7,56.0,0.5,1780.32,1098.22,682.1,603.35,0.617
5084,211,28.8,24.73,0.01809,0.72,1.0,0.05,930.34,520.51,409.83,390.14,0.559
5085,211,28.5,24.92,0.01853,0.75,0.0,0.05,941.2,509.09,432.11,402.91,0.541
5086,211,28.2,25.09,0.01895,0.78,0.0,0.05,952.14,498.8,453.34,414.83,0.524
5087,211,27.9,25.26,0.01933,0.81,0.0,0.05,960.91,488.38,472.53,425.16,0.508
5088,212,27.6,25.41,0.01971,0.84,0.0,0.05,969.54,477.86,491.69,435.45,0.493
5089,212,27.2,25.31,0.01971,0.86,0.0,0.05,955.75,463.96,491.79,429.13,0.485
5090,212,27.0,25.39,0.01996,0.88,0.0,0.05,960.93,456.48,504.45,435.91,0.475
5091,212,26.8,25.34,0.01995,0.89,0.0,0.05,952.97,449.0,503.97,432.33,0.471
5092,212,26.7,25.37,0.02006,0.9,0.0,0.05,954.28,444.8,509.49,435.08,0.466
5093,212,26.7,25.37,0.02006,0.9,0.0,0.05,953.43,443.94,509.49,435.08,0.466
5094,212,26.7,25.51,0.02029,0.91,0.0,0.05,964.31,443.2,521.11,444.24,0.46
5095,212,27.0,25.53,0.0202,0.89,0.0,0.05,968.68,452.4,516.27,445.23,0.467
5096,212,27.1,26.04,0.02101,0.92,14.0,0.525,1905.91,979.28,926.63,760.28,0.514
5097,212,28.0,26.5,0.02141,0.89,135.0,1.0,3022.27,1686.68,1335.59,1107.97,0.558
5098,212,29.0,26.74,0.02142,0.84,298.0,1.0,3283.89,1947.71,1336.19,1143.3,0.593
5099,212,29.2,26.64,0.02114,0.82,445.0,1.0,3456.88,2147.5,1309.37,1126.4,0.621
5100,212,30.0,26.31,0.02022,0.75,556.0,1.0,3551.85,2332.08,1219.77,1074.5,0.657
5101,212,26.0,24.56,0.01897,0.89,619.0,1.0,3305.54,2207.77,1097.77,826.69,0.668
5102,212,26.4,24.12,0.01812,0.83,629.0,1.0,3255.61,2239.86,1015.75,767.61,0.688
5103,212,26.7,24.12,0.01802,0.81,585.0,1.0,3203.38,2197.96,1005.42,768.86,0.686
5104,212,27.0,24.11,0.01788,0.79,491.0,1.0,3084.45,2092.25,992.2,767.54,0.678
5105,212,28.4,25.28,0.0192,0.78,354.0,1.0,3108.79,1988.41,1120.38,930.35,0.64
5106,212,27.0,24.83,0.01905,0.84,192.0,1.0,2814.54,1708.93,1105.61,868.48,0.607
5107,212,27.0,24.11,0.01788,0.79,46.0,0.5,1669.78,989.62,680.15,549.38,0.593
5108,212,26.2,24.34,0.01859,0.86,1.0,0.05,861.94,426.84,435.1,368.44,0.495
5109,212,26.0,24.56,0.01903,0.89,0.0,0.05,875.29,418.22,457.08,382.56,0.478
5110,212,26.0,23.88,0.01791,0.84,0.0,0.05,818.04,417.41,400.62,338.06,0.51
5111,212,26.0,24.56,0.01901,0.89,0.0,0.05,872.81,416.72,456.09,381.78,0.477
5112,213,26.0,24.56,0.01899,0.89,0.0,0.05,871.23,416.12,455.11,381.01,0.478
5113,213,25.0,24.24,0.01889,0.94,0.0,0.05,833.24,382.8,450.44,361.32,0.459
5114,213,25.4,24.76,0.0196,0.95,0.0,0.05,880.74,394.85,485.89,395.66,0.448
5115,213,25.0,25.0,0.02016,1.0,0.0,0.05,895.41,381.05,514.35,411.69,0.426
5116,213,25.0,25.0,0.02018,1.0,0.0,0.05,895.62,380.22,515.4,412.52,0.425
5117,213,25.0,24.5,0.01935,0.96,0.0,0.05,852.87,379.5,473.37,379.39,0.445
5118,213,25.0,24.24,0.01893,0.94,0.0,0.05,831.27,378.88,452.39,362.86,0.456
5119,213,25.1,24.47,0.01926,0.95,0.0,0.05,850.45,381.62,468.83,377.42,0.449
5120,213,25.2,24.69,0.01959,0.96,15.0,0.525,1713.64,891.89,821.76,622.31,0.52
5121,213,27.1,25.35,0.01985,0.87,135.0,1.0,2815.27,1631.72,1183.55,941.32,0.58
5122,213,29.0,26.0,0.02012,0.79,299.0,1.0,3151.29,1941.07,1210.22,1031.19,0.616
5123,213,29.7,26.34,0.02045,0.77,447.0,1.0,3411.35,2169.02,1242.33,1084.13,0.636
5124,213,30.0,26.31,0.02026,0.75,557.0,1.0,3551.56,2327.76,1223.8,1078.09,0.655
5125,213,31.0,26.41,0.02002,0.7,619.0,1.0,3661.0,2460.94,1200.06,1091.76,0.672
5126,213,29.0,25.22,0.01885,0.74,630.0,1.0,3460.62,2374.24,1086.38,920.97,0.686
5127,213,28.0,25.05,0.01899,0.79,585.0,1.0,3365.93,2265.74,1100.19,898.46,0.673
5128,213,28.0,25.79,0.02023,0.84,490.0,1.0,3364.84,2143.97,1220.87,1005.86,0.637
5129,213,28.3,25.93,0.02037,0.83,354.0,1.0,3219.19,1985.08,1234.1,1028.08,0.617
5130,213,28.0,25.05,0.01899,0.79,217.0,1.0,2894.32,1794.12,1100.19,898.46,0.62
5131,213,28.0,25.05,0.01899,0.79,56.0,0.5,1806.92,1046.1,760.82,643.09,0.579
5132,213,27.6,25.55,0.01999,0.85,1.0,0.05,981.05,475.07,505.98,446.72,0.484
5133,213,28.0,25.79,0.02021,0.84,0.0,0.05,1003.7,486.69,517.02,461.83,0.485
5134,213,28.0,25.79,0.02019,0.84,0.0,0.05,1002.71,486.74,515.97,461.0,0.485
5135,213,27.8,25.74,0.0202,0.85,0.0,0.05,996.37,480.23,516.15,457.94,0.482
5136,214,28.0,25.79,0.02019,0.84,0.0,0.05,1002.68,486.71,515.97,461.0,0.485
5137,214,27.0,25.53,0.02018,0.89,0.0,0.05,969.18,453.95,515.23,444.41,0.468
5138,214,26.9,25.43,0.0201,0.89,0.0,0.05,961.24,450.1,511.15,439.59,0.468
5139,214,27.0,25.53,0.0202,0.89,0.0,0.05,969.09,452.81,516.27,445.23,0.467
5140,214,27.0,25.53,0.0202,0.89,0.0,0.05,968.67,452.39,516.27,445.23,0.467
5141,214,27.0,24.83,0.01903,0.84,0.0,0.05,909.25,452.03,457.22,398.68,0.497
5142,214,27.0,24.83,0.01903,0.84,0.0,0.05,908.93,451.71,457.22,398.68,0.497
5143,214,26.0,25.22,0.02011,0.94,0.0,0.05,930.39,418.63,511.75,425.66,0.45
5144,214,26.2,25.68,0.0208,0.96,15.0,0.525,1852.67,941.12,911.55,724.51,0.508
5145,214,27.0,25.53,0.02016,0.89,136.0,1.0,2847.95,1634.54,1213.4,964.41,0.574
5146,214,27.0,25.53,0.02016,0.89,300.0,1.0,3058.27,1844.87,1213.4,964.41,0.603
5147,214,28.0,25.2,0.01918,0.8,448.0,1.0,3204.84,2086.29,1118.56,914.8,0.651
5148,214,27.0,25.53,0.02016,0.89,467.0,1.0,3273.05,2059.65,1213.4,964.41,0.629
5149,214,24.0,24.0,0.01892,1.0,393.0,1.0,2902.43,1809.81,1092.62,752.49,0.624
5150,214,23.6,23.6,0.01845,1.0,239.0,1.0,2651.19,1603.59,1047.6,712.42,0.605
5151,214,26.0,25.22,0.02009,0.94,370.0,1.0,3086.33,1879.61,1206.72,923.65,0.609
5152,214,27.0,24.83,0.01903,0.84,411.0,1.0,3087.34,1983.62,1103.72,866.79,0.643
5153,214,28.1,25.59,0.01984,0.82,355.0,1.0,3151.16,1969.02,1182.14,974.88,0.625
5154,214,27.0,24.83,0.01903,0.84,192.0,1.0,2807.97,1704.25,1103.72,866.79,0.607
5155,214,27.0,24.83,0.01903,0.84,46.0,0.5,1749.04,985.58,763.46,620.42,0.563
5156,214,26.3,24.71,0.01913,0.88,1.0,0.05,889.11,426.63,462.48,391.62,0.48
5157,214,26.0,24.56,0.01899,0.89,0.0,0.05,870.37,415.26,455.11,381.01,0.477
5158,214,26.0,23.88,0.01787,0.84,0.0,0.05,813.64,414.86,398.78,336.61,0.51
5159,214,25.5,23.94,0.01818,0.88,0.0,0.05,812.69,398.11,414.58,341.06,0.49
5160,215,25.0,23.59,0.01784,0.89,0.0,0.05,778.41,381.1,397.31,319.44,0.49
5161,215,25.0,23.59,0.01784,0.89,0.0,0.05,777.57,380.26,397.31,319.44,0.489
5162,215,25.4,23.98,0.0183,0.89,0.0,0.05,813.26,392.66,420.61,344.21,0.483
5163,215,25.0,24.24,0.01889,0.94,0.0,0.05,829.59,379.16,450.44,361.32,0.457
5164,215,25.0,24.24,0.01889,0.94,0.0,0.05,829.02,378.58,450.44,361.32,0.457
5165,215,24.7,24.2,0.01898,0.96,0.0,0.05,822.76,368.24,454.52,359.73,0.448
5166,215,25.0,24.24,0.01889,0.94,0.0,0.05,827.9,377.47,450.44,361.32,0.456
5167,215,24.8,24.17,0.01887,0.95,0.0,0.05,819.67,370.56,449.11,357.07,0.452
5168,215,24.7,24.2,0.01894,0.96,15.0,0.525,1643.19,869.54,773.65,568.46,0.529
5169,215,27.0,25.53,0.02016,0.89,136.0,1.0,2839.86,1626.46,1213.4,964.41,0.573
5170,215,27.0,25.53,0.02014,0.89,301.0,1.0,3050.57,1839.17,1211.4,962.63,0.603
5171,215,28.5,25.97,0.02026,0.82,449.0,1.0,3330.31,2107.33,1222.98,1025.14,0.633
5172,215,29.0,26.0,0.02008,0.79,559.0,1.0,3482.18,2275.96,1206.22,1027.63,0.654
5173,215,30.0,26.31,0.02022,0.75,622.0,1.0,3629.95,2410.18,1219.77,1074.5,0.664
5174,215,30.0,25.34,0.01858,0.69,632.0,1.0,3484.81,2425.18,1059.63,931.97,0.696
5175,215,30.0,25.5,0.01885,0.7,588.0,1.0,3457.22,2370.63,1086.59,955.97,0.686
5176,215,30.0,26.31,0.02024,0.75,492.0,1.0,3470.9,2249.12,1221.79,1076.29,0.648
5177,215,29.7,26.03,0.01991,0.75,355.0,1.0,3248.33,2059.31,1189.02,1036.69,0.634
5178,215,29.0,26.0,0.02012,0.79,192.0,1.0,3025.36,1815.14,1210.22,1031.19,0.6
5179,215,29.0,25.23,0.01881,0.74,46.0,0.5,1824.59,1076.88,747.71,656.81,0.59
5180,215,28.3,25.78,0.02006,0.82,1.0,0.05,1009.32,500.3,509.02,460.33,0.496
5181,215,28.0,25.79,0.02017,0.84,0.0,0.05,1004.01,489.08,514.93,460.18,0.487
5182,215,28.0,25.79,0.02017,0.84,0.0,0.05,1003.74,488.81,514.93,460.18,0.487
5183,215,28.2,25.83,0.02014,0.83,0.0,0.05,1008.69,495.14,513.55,462.29,0.491
5184,216,28.0,25.79,0.02017,0.84,0.0,0.05,1003.43,488.5,514.93,460.18,0.487
5185,216,28.0,25.79,0.02017,0.84,0.0,0.05,1003.24,488.31,514.93,460.18,0.487
5186,216,27.4,25.5,0.01993,0.86,0.0,0.05,971.34,468.46,502.88,441.07,0.482
5187,216,27.0,25.53,0.02016,0.89,0.0,0.05,969.01,454.82,514.19,443.58,0.469
5188,216,26.0,25.22,0.02009,0.94,0.0,0.05,932.04,421.32,510.71,424.84,0.452
5189,216,26.4,25.35,0.02015,0.92,0.0,0.05,947.21,433.22,513.99,433.82,0.457
5190,216,26.0,25.22,0.02007,0.94,0.0,0.05,928.97,419.29,509.68,424.02,0.451
5191,216,27.0,25.53,0.02018,0.89,0.0,0.05,966.38,451.15,515.23,444.41,0.467
5192,216,27.5,25.45,0.01983,0.85,15.0,0.05,984.45,486.6,497.85,438.71,0.494
5193,216,29.0,26.0,0.0201,0.79,155.0,0.15,1410.65,825.81,584.83,532.0,0.585
5194,216,29.0,26.0,0.02008,0.79,371.0,0.15,1687.63,1103.93,583.69,531.08,0.654
5195,216,29.6,25.78,0.01946,0.74,590.0,0.15,1955.59,1406.63,548.96,513.84,0.719
5196,216,30.0,26.31,0.02022,0.75,768.0,0.15,2241.45,1650.03,591.42,555.3,0.736
5197,216,31.0,25.21,0.01792,0.63,884.0,0.15,2298.87,1834.86,464.01,470.47,0.798
5198,216,31.7,25.65,0.01839,0.62,917.0,0.15,2392.95,1903.25,489.71,503.8,0.795
5199,216,31.0,26.41,0.02,0.7,874.0,0.15,2404.7,1825.65,579.05,563.31,0.759
5200,216,30.0,25.5,0.01887,0.7,744.0,0.05,1962.37,1513.06,449.3,440.47,0.771
5201,216,30.7,25.97,0.0194,0.69,539.0,0.05,1749.42,1273.5,475.92,472.65,0.728
5202,216,30.0,24.84,0.01776,0.66,293.0,0.05,1329.09,935.79,393.29,396.32,0.704
5203,216,29.0,24.59,0.01778,0.7,69.0,0.05,1010.29,615.92,394.37,381.16,0.61
5204,216,28.5,25.07,0.01879,0.76,1.0,0.05,956.86,511.9,444.97,413.04,0.535
5205,216,28.0,25.06,0.01893,0.79,0.0,0.05,946.01,493.56,452.45,410.93,0.522
5206,216,28.0,25.79,0.02017,0.84,0.0,0.05,1007.61,492.68,514.93,460.18,0.489
5207,216,27.6,25.83,0.02042,0.87,0.0,0.05,1006.14,478.8,527.35,463.56,0.476
5208,217,27.0,25.53,0.02016,0.89,0.0,0.05,972.4,458.21,514.19,443.58,0.471
5209,217,27.0,25.53,0.02016,0.89,0.0,0.05,971.24,457.06,514.19,443.58,0.471
5210,217,27.0,25.53,0.02014,0.89,0.0,0.05,969.2,456.06,513.15,442.76,0.471
5211,217,27.0,25.53,0.02016,0.89,0.0,0.05,969.38,455.2,514.19,443.58,0.47
5212,217,26.0,25.22,0.02007,0.94,0.0,0.05,931.32,421.64,509.68,424.02,0.453
5213,217,26.0,25.22,0.02007,0.94,0.0,0.05,930.05,420.38,509.68,424.02,0.452
5214,217,26.0,25.22,0.02007,0.94,0.0,0.05,928.96,419.28,509.68,424.02,0.451
5215,217,27.0,25.53,0.02016,0.89,0.0,0.05,965.33,451.14,514.19,443.58,0.467
5216,217,27.2,25.72,0.0204,0.89,22.0,0.05,1012.33,485.73,526.6,456.57,0.48
5217,217,29.0,26.0,0.02008,0.79,188.0,0.15,1451.64,867.95,583.69,531.08,0.598
5218,217,29.0,26.0,0.02008,0.79,372.0,0.15,1688.74,1105.05,583.69,531.08,0.654
5219,217,30.0,26.47,0.02046,0.76,451.0,0.15,1846.64,1242.11,604.53,565.88,0.673
5220,217,31.0,27.24,0.02143,0.75,561.0,0.15,2077.92,1419.42,658.51,627.43,0.683
5221,217,31.0,26.41,0.01998,0.7,624.0,0.15,2080.0,1502.09,577.91,562.39,0.722
5222,217,31.6,25.39,0.01796,0.61,635.0,0.15,2004.62,1538.68,465.94,482.82,0.768
5223,217,31.0,25.21,0.01794,0.63,667.0,0.15,2025.64,1560.61,465.03,471.29,0.77
5224,217,31.0,26.41,0.02,0.7,608.0,0.05,1878.06,1371.84,506.22,501.35,0.73
5225,217,30.7,26.14,0.01967,0.7,467.0,0.05,1671.67,1182.13,489.54,483.4,0.707
5226,217,31.0,25.73,0.01884,0.66,279.0,0.05,1399.23,951.49,447.74,455.25,0.68
5227,217,30.0,24.84,0.01774,0.66,68.0,0.05,1041.18,648.8,392.38,395.6,0.623
5228,217,28.8,26.26,0.02067,0.82,1.0,0.05,1063.38,523.53,539.85,492.63,0.492
5229,217,28.0,25.06,0.01893,0.79,0.0,0.05,947.75,495.29,452.45,410.93,0.523
5230,217,28.0,25.79,0.02017,0.84,0.0,0.05,1009.11,494.18,514.93,460.18,0.49
5231,217,28.0,25.93,0.0204,0.85,0.0,0.05,1019.62,493.22,526.4,469.22,0.484
5232,218,28.0,25.79,0.02015,0.84,0.0,0.05,1006.28,492.39,513.89,459.36,0.489
5233,218,27.7,25.65,0.02003,0.85,0.0,0.05,989.77,481.83,507.94,449.87,0.487
5234,218,27.4,25.64,0.02017,0.87,0.0,0.05,986.14,471.18,514.96,450.6,0.478
5235,218,27.0,25.53,0.02016,0.89,0.0,0.05,971.36,457.17,514.19,443.58,0.471
5236,218,27.0,25.53,0.02018,0.89,0.0,0.05,971.39,456.16,515.23,444.41,0.47
5237,218,26.8,25.06,0.01947,0.87,0.0,0.05,928.33,448.72,479.61,413.13,0.483
5238,218,26.0,24.56,0.01897,0.89,0.0,0.05,875.73,421.59,454.13,380.24,0.481
5239,218,27.0,25.53,0.02016,0.89,0.0,0.05,967.33,453.14,514.19,443.58,0.468
5240,218,27.3,25.68,0.02029,0.88,23.0,0.525,1873.42,999.9,873.52,719.93,0.534
5241,218,28.0,25.79,0.02015,0.84,207.0,1.0,2992.54,1779.71,1212.83,998.71,0.595
5242,218,29.0,25.23,0.01877,0.74,455.0,1.0,3228.58,2149.68,1078.9,914.32,0.666
5243,218,29.5,25.37,0.0188,0.72,679.0,1.0,3545.35,2463.64,1081.7,934.21,0.695
5244,218,29.0,26.0,0.02008,0.79,828.0,1.0,3836.22,2630.0,1206.22,1027.63,0.686
5245,218,31.0,26.41,0.01998,0.7,884.0,1.0,4001.7,2805.62,1196.08,1088.22,0.701
5246,218,30.6,26.38,0.02009,0.72,831.0,1.0,3925.52,2718.74,1206.78,1083.82,0.693
5247,218,31.0,24.5,0.01675,0.59,729.0,1.0,3492.42,2609.81,882.6,809.22,0.747
5248,218,31.0,23.77,0.01561,0.55,562.0,1.0,3167.87,2396.94,770.93,709.83,0.757
5249,218,31.4,25.21,0.01779,0.61,358.0,1.0,3139.91,2157.07,982.85,912.36,0.687
5250,218,30.0,24.84,0.01774,0.66,238.0,1.0,2911.01,1932.15,978.86,860.09,0.664
5251,218,29.0,25.23,0.01881,0.74,62.0,0.5,1851.27,1103.56,747.71,656.81,0.596
5252,218,28.7,25.56,0.01951,0.78,1.0,0.05,1000.17,518.74,481.43,444.98,0.519
5253,218,28.0,25.06,0.01893,0.79,0.0,0.05,946.38,493.92,452.45,410.93,0.522
5254,218,28.0,25.79,0.02017,0.84,0.0,0.05,1007.93,493.0,514.93,460.18,0.489
5255,218,27.7,25.36,0.01957,0.83,0.0,0.05,966.75,482.35,484.4,431.31,0.499
5256,219,28.0,25.06,0.01893,0.79,0.0,0.05,943.77,491.32,452.45,410.93,0.521
5257,219,27.0,24.83,0.01899,0.84,0.0,0.05,913.2,457.94,455.26,397.14,0.501
5258,219,27.1,24.36,0.01819,0.8,0.0,0.05,874.84,460.1,414.73,366.79,0.526
5259,219,27.0,24.12,0.01785,0.79,0.0,0.05,853.38,455.92,397.46,351.58,0.534
5260,219,26.0,23.88,0.01789,0.84,0.0,0.05,821.97,422.27,399.7,337.33,0.514
5261,219,26.3,24.02,0.018,0.83,0.0,0.05,835.82,430.76,405.07,346.37,0.515
5262,219,26.0,23.88,0.01787,0.84,0.0,0.05,818.71,419.93,398.78,336.61,0.513
5263,219,26.0,23.88,0.01787,0.84,0.0,0.05,817.68,418.9,398.78,336.61,0.512
5264,219,27.0,24.83,0.01897,0.84,23.0,0.525,1761.55,985.38,776.17,629.06,0.559
5265,219,28.0,25.06,0.01892,0.79,204.0,1.0,2866.73,1774.07,1092.66,891.75,0.619
5266,219,29.0,26.0,0.02008,0.79,430.0,1.0,3322.27,2116.06,1206.22,1027.63,0.637
5267,219,29.4,25.75,0.01947,0.75,595.0,1.0,3496.42,2349.39,1147.03,988.88,0.672
5268,219,31.0,26.41,0.01996,0.7,695.0,1.0,3755.48,2561.38,1194.09,1086.45,0.682
5269,219,31.0,25.21,0.01792,0.63,710.0,1.0,3578.85,2582.62,996.23,910.35,0.722
5270,219,31.1,25.65,0.01862,0.65,637.0,1.0,3559.66,2495.86,1063.8,973.97,0.701
5271,219,31.0,25.21,0.01794,0.63,670.0,1.0,3532.59,2534.58,998.01,911.93,0.717
5272,219,31.0,25.73,0.01882,0.66,611.0,1.0,3543.77,2460.18,1083.59,988.1,0.694
5273,219,30.8,25.89,0.0192,0.68,468.0,1.0,3388.14,2267.54,1120.6,1014.08,0.669
5274,219,30.0,25.5,0.01887,0.7,238.0,1.0,3020.53,1932.06,1088.47,957.64,0.64
5275,219,29.0,25.23,0.01881,0.74,51.0,0.5,1837.09,1089.38,747.71,656.81,0.593
5276,219,28.9,24.98,0.01844,0.73,1.0,0.05,952.72,525.24,427.48,405.66,0.551
5277,219,29.0,25.23,0.01879,0.74,0.0,0.05,972.1,526.8,445.3,421.31,0.542
5278,219,28.0,25.06,0.01893,0.79,0.0,0.05,946.14,493.68,452.45,410.93,0.522
5279,219,27.9,25.4,0.01954,0.82,0.0,0.05,972.45,489.51,482.94,433.36,0.503
5280,220,28.0,25.79,0.02015,0.84,0.0,0.05,1005.84,491.95,513.89,459.36,0.489
5281,220,28.0,25.79,0.02015,0.84,0.0,0.05,1005.18,491.29,513.89,459.36,0.489
5282,220,27.5,25.31,0.01957,0.84,0.0,0.05,959.01,474.32,484.69,428.34,0.495
5283,220,27.0,25.53,0.02016,0.89,0.0,0.05,971.3,457.11,514.19,443.58,0.471
5284,220,27.0,25.53,0.02016,0.89,0.0,0.05,970.3,456.11,514.19,443.58,0.47
5285,220,27.0,25.53,0.02016,0.89,0.0,0.05,969.43,455.24,514.19,443.58,0.47
5286,220,26.0,25.22,0.02007,0.94,0.0,0.05,931.36,421.68,509.68,424.02,0.453
5287,220,26.0,25.22,0.02007,0.94,0.0,0.05,930.09,420.41,509.68,424.02,0.452
5288,220,27.1,25.21,0.01955,0.86,15.0,0.525,1799.94,980.64,819.29,668.48,0.545
5289,220,28.0,25.79,0.02015,0.84,139.0,1.0,2904.71,1691.88,1212.83,998.71,0.582
5290,220,29.0,25.23,0.01877,0.74,306.0,1.0,3036.93,1958.03,1078.9,914.32,0.645
5291,220,29.5,26.0,0.01986,0.76,455.0,1.0,3360.4,2175.86,1184.54,1025.74,0.648
5292,220,29.0,26.0,0.02008,0.79,473.0,1.0,3380.46,2174.25,1206.22,1027.63,0.643
5293,220,25.0,23.59,0.01782,0.89,398.0,1.0,2858.86,1872.26,986.59,692.93,0.655
5294,220,26.3,24.85,0.0193,0.89,242.0,1.0,2867.18,1737.31,1129.87,865.7,0.606
5295,220,27.0,24.83,0.01899,0.84,375.0,1.0,3043.1,1943.16,1099.94,863.43,0.639
5296,220,26.0,24.56,0.01897,0.89,415.0,1.0,3040.32,1942.55,1097.77,826.69,0.639
5297,220,26.3,24.72,0.01909,0.88,358.0,1.0,2994.06,1884.03,1110.04,848.05,0.629
5298,220,27.0,24.12,0.01783,0.79,193.0,1.0,2694.8,1707.91,986.89,762.81,0.634
5299,220,26.0,23.88,0.01787,0.84,45.0,0.5,1624.04,944.65,679.39,523.82,0.582
5300,220,26.0,23.88,0.01787,0.84,1.0,0.05,816.72,417.94,398.78,336.61,0.512
5301,220,26.0,23.88,0.01787,0.84,0.0,0.05,814.85,416.07,398.78,336.61,0.511
5302,220,26.0,24.56,0.01897,0.89,0.0,0.05,869.69,415.56,454.13,380.24,0.478
5303,220,25.8,24.37,0.0187,0.89,0.0,0.05,849.14,408.56,440.59,366.36,0.481
5304,221,26.0,23.88,0.01785,0.84,0.0,0.05,812.47,414.61,397.86,335.88,0.51
5305,221,26.0,23.88,0.01785,0.84,0.0,0.05,812.16,414.3,397.86,335.88,0.51
5306,221,25.0,23.59,0.01784,0.89,0.0,0.05,778.54,381.22,397.31,319.44,0.49
5307,221,26.0,24.56,0.01897,0.89,0.0,0.05,867.31,413.17,454.13,380.24,0.476
5308,221,26.0,24.56,0.01897,0.89,0.0,0.05,867.19,413.06,454.13,380.24,0.476
5309,221,26.0,24.02,0.01809,0.85,0.0,0.05,822.79,412.96,409.83,345.32,0.502
5310,221,26.0,23.88,0.01787,0.84,0.0,0.05,811.65,412.87,398.78,336.61,0.509
5311,221,26.0,23.88,0.01787,0.84,0.0,0.05,811.57,412.79,398.78,336.61,0.509
5312,221,26.5,24.5,0.01865,0.85,16.0,0.525,1702.43,950.02,752.41,596.03,0.558
5313,221,28.0,25.06,0.01893,0.79,140.0,1.0,2781.64,1687.1,1094.54,893.42,0.607
5314,221,29.0,24.59,0.01773,0.7,307.0,1.0,2931.49,1954.07,977.42,824.0,0.667
5315,221,29.2,24.13,0.01689,0.66,458.0,1.0,3055.37,2159.7,895.67,758.2,0.707
5316,221,29.0,25.23,0.01877,0.74,568.0,1.0,3370.9,2292.0,1078.9,914.32,0.68
5317,221,30.0,25.5,0.01883,0.7,631.0,1.0,3510.33,2425.61,1084.72,954.3,0.691
5318,221,27.8,24.27,0.01773,0.75,640.0,1.0,3303.09,2325.28,977.81,782.57,0.704
5319,221,31.0,25.21,0.01794,0.63,595.0,1.0,3430.76,2432.75,998.01,911.93,0.709
5320,221,31.0,24.5,0.01679,0.59,499.0,1.0,3197.58,2311.65,885.93,812.18,0.723
5321,221,30.5,24.42,0.01687,0.61,359.0,1.0,3001.97,2108.03,893.93,801.9,0.702
5322,221,30.0,24.84,0.01776,0.66,193.0,1.0,2851.14,1870.52,980.62,861.65,0.656
5323,221,29.0,24.59,0.01778,0.7,45.0,0.5,1751.43,1078.38,673.06,593.15,0.616
5324,221,28.7,24.79,0.01822,0.73,1.0,0.05,932.26,515.82,416.44,393.75,0.553
5325,221,28.0,25.79,0.02017,0.84,0.0,0.05,1006.33,491.4,514.93,460.18,0.488
5326,221,28.0,25.79,0.02017,0.84,0.0,0.05,1005.75,490.82,514.93,460.18,0.488
5327,221,27.8,25.31,0.01942,0.82,0.0,0.05,960.77,483.75,477.02,427.1,0.504
5328,222,28.0,25.79,0.02017,0.84,0.0,0.05,1004.68,489.75,514.93,460.18,0.487
5329,222,27.0,25.53,0.02016,0.89,0.0,0.05,970.77,456.58,514.19,443.58,0.47
5330,222,26.8,25.34,0.01991,0.89,0.0,0.05,951.0,449.09,501.91,430.7,0.472
5331,222,27.0,25.53,0.02016,0.89,0.0,0.05,968.91,454.72,514.19,443.58,0.469
5332,222,27.0,25.53,0.02016,0.89,0.0,0.05,968.23,454.04,514.19,443.58,0.469
5333,222,26.4,24.95,0.01946,0.89,0.0,0.05,912.53,433.77,478.76,406.05,0.475
5334,222,26.0,25.22,0.02007,0.94,0.0,0.05,929.44,419.76,509.68,424.02,0.452
5335,222,26.0,25.22,0.02007,0.94,0.0,0.05,928.43,418.75,509.68,424.02,0.451
5336,222,26.0,25.22,0.02007,0.94,16.0,0.525,1791.26,934.07,857.2,672.95,0.521
5337,222,28.0,25.79,0.02017,0.84,141.0,1.0,2907.35,1692.52,1214.83,1000.49,0.582
5338,222,29.0,26.0,0.0201,0.79,308.0,1.0,3167.15,1958.93,1208.21,1029.41,0.619
5339,222,29.3,26.13,0.02018,0.78,457.0,1.0,3382.19,2166.67,1215.52,1046.36,0.641
5340,222,31.0,27.24,0.02146,0.75,568.0,1.0,3737.56,2397.94,1339.62,1215.97,0.642
5341,222,31.0,26.41,0.01998,0.7,631.0,1.0,3676.9,2480.82,1196.08,1088.22,0.675
5342,222,30.6,25.71,0.01896,0.68,641.0,1.0,3571.64,2474.79,1096.84,985.98,0.693
5343,222,31.0,25.73,0.01884,0.66,595.0,1.0,3523.19,2437.72,1085.46,989.77,0.692
5344,222,30.0,26.31,0.02026,0.75,497.0,1.0,3485.59,2261.78,1223.8,1078.09,0.649
5345,222,28.9,23.85,0.01666,0.66,360.0,1.0,2903.09,2029.85,873.24,727.79,0.699
5346,222,29.0,25.22,0.01883,0.74,253.0,1.0,2982.06,1897.56,1084.5,919.3,0.636
5347,222,29.0,25.99,0.02015,0.79,17.0,0.5,1887.8,1043.29,844.51,739.37,0.553
5348,222,29.0,25.23,0.01881,0.74,0.0,0.05,971.37,525.1,446.27,422.07,0.541
5349,222,29.0,25.23,0.01879,0.74,0.0,0.05,970.32,525.02,445.3,421.31,0.541
5350,222,28.0,25.06,0.01893,0.79,0.0,0.05,944.59,492.14,452.45,410.93,0.521
5351,222,28.0,24.3,0.0177,0.74,0.0,0.05,881.67,491.45,390.22,361.88,0.557
5352,223,28.0,25.06,0.01893,0.79,0.0,0.05,943.31,490.86,452.45,410.93,0.52
5353,223,28.0,25.06,0.01893,0.79,0.0,0.05,942.8,490.35,452.45,410.93,0.52
5354,223,28.0,25.06,0.01893,0.79,0.0,0.05,942.36,489.91,452.45,410.93,0.52
5355,223,28.0,25.06,0.01893,0.79,0.0,0.05,941.98,489.53,452.45,410.93,0.52
5356,223,27.0,24.83,0.01899,0.84,0.0,0.05,911.65,456.39,455.26,397.14,0.501
5357,223,27.2,24.88,0.01901,0.83,0.0,0.05,918.05,462.04,456.01,400.93,0.503
5358,223,27.0,24.83,0.01899,0.84,0.0,0.05,910.08,454.82,455.26,397.14,0.5
5359,223,27.0,24.83,0.01899,0.84,0.0,0.05,909.39,454.13,455.26,397.14,0.499
5360,223,27.7,25.07,0.01908,0.81,16.0,0.05,956.88,497.01,459.86,411.97,0.519
5361,223,29.0,25.23,0.01879,0.74,142.0,0.15,1323.68,811.49,512.19,473.38,0.613
5362,223,30.0,26.31,0.0202,0.75,309.0,0.15,1651.5,1061.22,590.27,554.38,0.643
5363,223,29.4,25.44,0.01894,0.73,460.0,0.15,1755.61,1235.3,520.31,487.12,0.704
5364,223,31.0,26.41,0.01996,0.7,570.0,0.15,2009.55,1432.77,576.78,561.48,0.713
5365,223,30.0,25.5,0.01883,0.7,633.0,0.15,1994.86,1480.41,514.45,493.19,0.742
5366,223,30.0,25.83,0.01941,0.72,641.0,0.15,2037.74,1491.44,546.3,518.89,0.732
5367,223,29.0,25.23,0.01881,0.74,596.0,0.15,1912.86,1399.6,513.26,474.24,0.732
5368,223,30.0,25.5,0.01887,0.7,499.0,0.05,1646.96,1197.65,449.3,440.47,0.727
5369,223,29.0,25.99,0.02015,0.79,358.0,0.05,1498.14,984.57,513.57,475.12,0.657
5370,223,29.0,25.22,0.01883,0.74,193.0,0.05,1220.05,772.8,447.24,422.84,0.633
5371,223,28.0,25.05,0.01897,0.79,45.0,0.05,1004.46,550.05,454.41,412.48,0.548
5372,223,28.3,25.19,0.01907,0.78,1.0,0.05,961.84,502.75,459.1,420.97,0.523
5373,223,28.0,25.06,0.01895,0.79,0.0,0.05,944.62,491.19,453.43,411.7,0.52
5374,223,28.0,25.06,0.01893,0.79,0.0,0.05,943.09,490.64,452.45,410.93,0.52
5375,223,28.0,25.06,0.01892,0.79,0.0,0.05,941.63,490.16,451.48,410.17,0.521
5376,224,28.0,25.06,0.01893,0.79,0.0,0.05,942.19,489.74,452.45,410.93,0.52
5377,224,27.0,24.83,0.01899,0.84,0.0,0.05,911.83,456.58,455.26,397.14,0.501
5378,224,27.6,25.41,0.01969,0.84,0.0,0.05,965.99,475.33,490.67,434.65,0.492
5379,224,27.0,25.53,0.02016,0.89,0.0,0.05,969.4,455.21,514.19,443.58,0.47
5380,224,27.0,25.53,0.02016,0.89,0.0,0.05,968.65,454.46,514.19,443.58,0.469
5381,224,26.5,25.18,0.01982,0.9,0.0,0.05,934.65,437.41,497.24,422.22,0.468
5382,224,27.0,25.53,0.02018,0.89,0.0,0.05,968.18,452.95,515.23,444.41,0.468
5383,224,26.0,25.22,0.02009,0.94,0.0,0.05,930.41,419.7,510.71,424.84,0.451
5384,224,27.3,25.54,0.02007,0.87,16.0,0.05,991.72,481.87,509.85,444.97,0.486
5385,224,28.0,25.06,0.01893,0.79,143.0,0.15,1296.03,775.99,520.04,461.72,0.599
5386,224,29.0,25.23,0.01879,0.74,310.0,0.15,1537.56,1025.37,512.19,473.38,0.667
5387,224,30.2,25.69,0.01904,0.7,461.0,0.15,1787.55,1261.76,525.79,505.94,0.706
5388,224,30.0,24.84,0.01773,0.66,573.0,0.15,1853.15,1400.04,453.11,443.68,0.755
5389,224,31.0,25.73,0.0188,0.66,635.0,0.15,2028.32,1515.58,512.74,509.79,0.747
5390,224,29.9,25.25,0.01847,0.69,643.0,0.15,1983.34,1489.27,494.07,474.94,0.751
5391,224,30.0,26.31,0.02026,0.75,596.0,0.15,2026.96,1433.24,593.72,557.16,0.707
5392,224,30.0,24.84,0.01776,0.66,500.0,0.05,1591.86,1198.57,393.29,396.32,0.753
5393,224,30.0,24.84,0.01776,0.66,360.0,0.05,1412.91,1019.62,393.29,396.32,0.722
5394,224,28.0,25.05,0.01897,0.79,193.0,0.05,1194.75,740.34,454.41,412.48,0.62
5395,224,26.0,24.56,0.01899,0.89,44.0,0.05,937.95,482.83,455.11,381.01,0.515
5396,224,26.0,24.29,0.01855,0.87,1.0,0.05,858.69,425.77,432.92,363.52,0.496
5397,224,25.0,24.24,0.01888,0.94,0.0,0.05,839.49,390.03,449.46,360.55,0.465
5398,224,24.0,23.26,0.01773,0.94,0.0,0.05,746.77,355.17,391.6,298.93,0.476
5399,224,24.0,22.88,0.01713,0.91,0.0,0.05,714.14,352.77,361.36,275.1,0.494
5400,225,24.0,23.26,0.01771,0.94,0.0,0.05,741.4,350.71,390.69,298.21,0.473
5401,225,24.0,23.26,0.01773,0.94,0.0,0.05,740.52,348.92,391.6,298.93,0.471
5402,225,24.3,23.17,0.01749,0.91,0.0,0.05,736.53,357.21,379.31,294.05,0.485
5403,225,25.0,23.59,0.01784,0.89,0.0,0.05,776.34,379.03,397.31,319.44,0.488
5404,225,25.0,23.59,0.01784,0.89,0.0,0.05,775.78,378.47,397.31,319.44,0.488
5405,225,24.0,23.51,0.01815,0.96,0.0,0.05,758.26,345.18,413.08,315.86,0.455
5406,225,24.0,23.26,0.01775,0.94,0.0,0.05,736.66,344.14,392.52,299.65,0.467
5407,225,24.0,23.26,0.01775,0.94,0.0,0.05,735.76,343.24,392.52,299.65,0.467
5408,225,25.0,24.11,0.01867,0.93,16.0,0.525,1635.91,882.07,753.84,559.15,0.539
5409,225,26.0,24.02,0.01807,0.85,143.0,1.0,2593.47,1582.79,1010.68,749.18,0.61
5410,225,27.0,24.12,0.01781,0.79,312.0,1.0,2836.87,1851.75,985.12,761.24,0.653
5411,225,27.7,24.33,0.01785,0.76,463.0,1.0,3071.91,2082.69,989.22,789.25,0.678
5412,225,28.0,25.06,0.01893,0.79,574.0,1.0,3336.5,2241.96,1094.54,893.42,0.672
5413,225,29.0,26.0,0.0201,0.79,635.0,1.0,3581.43,2373.21,1208.21,1029.41,0.663
5414,225,29.5,25.53,0.01909,0.73,644.0,1.0,3522.16,2412.39,1109.77,959.19,0.685
5415,225,29.0,25.23,0.01879,0.74,598.0,1.0,3410.25,2329.48,1080.77,915.97,0.683
5416,225,29.0,24.59,0.01777,0.7,501.0,1.0,3187.33,2206.39,980.94,827.13,0.692
5417,225,28.3,23.8,0.01679,0.69,361.0,1.0,2877.82,1991.83,885.99,718.25,0.692
5418,225,29.0,24.59,0.01777,0.7,193.0,1.0,2793.96,1813.02,980.94,827.13,0.649
5419,225,28.0,25.06,0.01895,0.79,44.0,0.5,1787.67,1029.67,758.0,640.68,0.576
5420,225,27.0,24.83,0.01901,0.84,1.0,0.05,910.73,454.49,456.24,397.91,0.499
5421,225,27.0,24.83,0.01899,0.84,0.0,0.05,907.99,452.73,455.26,397.14,0.499
5422,225,27.0,24.83,0.01899,0.84,0.0,0.05,907.58,452.32,455.26,397.14,0.498
5423,225,26.8,24.92,0.01922,0.86,0.0,0.05,912.37,445.4,466.97,403.16,0.488
5424,226,27.0,24.83,0.01899,0.84,0.0,0.05,906.79,451.53,455.26,397.14,0.498
5425,226,27.0,24.83,0.01899,0.84,0.0,0.05,906.54,451.28,455.26,397.14,0.498
5426,226,26.5,25.05,0.01955,0.89,0.0,0.05,918.41,434.67,483.74,411.58,0.473
5427,226,27.0,25.53,0.02016,0.89,0.0,0.05,964.76,450.57,514.19,443.58,0.467
5428,226,27.0,25.53,0.02016,0.89,0.0,0.05,964.64,450.45,514.19,443.58,0.467
5429,226,26.8,25.06,0.01947,0.87,0.0,0.05,923.4,443.79,479.61,413.13,0.481
5430,226,26.0,25.22,0.02007,0.94,0.0,0.05,927.01,417.33,509.68,424.02,0.45
5431,226,26.0,24.56,0.01897,0.89,0.0,0.05,870.78,416.65,454.13,380.24,0.478
5432,226,25.7,25.19,0.02014,0.96,17.0,0.525,1783.1,920.87,862.22,669.62,0.516
5433,226,28.0,25.06,0.01893,0.79,144.0,1.0,2789.15,1694.62,1094.54,893.42,0.608
5434,226,29.0,26.0,0.0201,0.79,312.0,1.0,3170.76,1962.55,1208.21,1029.41,0.619
5435,226,29.3,25.5,0.01911,0.74,463.0,1.0,3284.88,2173.05,1111.82,954.06,0.662
5436,226,30.0,26.31,0.02022,0.75,574.0,1.0,3572.67,2352.9,1219.77,1074.5,0.659
5437,226,30.0,25.5,0.01883,0.7,637.0,1.0,3520.03,2435.31,1084.72,954.3,0.692
5438,226,30.1,25.76,0.01924,0.71,645.0,1.0,3576.75,2452.11,1124.63,993.3,0.686
5439,226,32.0,26.8,0.02027,0.67,598.0,1.0,3715.53,2491.13,1224.4,1148.23,0.67
5440,226,30.0,25.5,0.01885,0.7,501.0,1.0,3352.36,2265.77,1086.59,955.97,0.676
5441,226,27.8,24.72,0.01848,0.78,360.0,1.0,3022.75,1972.09,1050.66,847.41,0.652
5442,226,28.0,24.3,0.01772,0.74,178.0,1.0,2724.67,1748.21,976.46,788.33,0.642
5443,226,27.0,24.83,0.01899,0.84,37.0,0.5,1744.2,983.57,760.63,618.01,0.564
5444,226,25.0,24.24,0.01888,0.94,0.0,0.05,840.4,390.94,449.46,360.55,0.465
5445,226,25.0,24.24,0.01888,0.94,0.0,0.05,838.23,388.77,449.46,360.55,0.464
5446,226,24.0,24.0,0.01892,1.0,0.0,0.05,805.54,354.08,451.46,346.11,0.44
5447,226,24.1,23.85,0.01862,0.98,0.0,0.05,791.74,355.11,436.63,336.02,0.449
5448,227,24.0,24.0,0.01892,1.0,0.0,0.05,801.41,349.95,451.46,346.11,0.437
5449,227,25.0,24.24,0.01888,0.94,0.0,0.05,830.54,381.07,449.46,360.55,0.459
5450,227,24.6,23.97,0.0186,0.95,0.0,0.05,802.65,367.12,435.53,343.16,0.457
5451,227,24.0,23.26,0.01775,0.94,0.0,0.05,738.98,346.46,392.52,299.65,0.469
5452,227,25.0,23.59,0.01784,0.89,0.0,0.05,775.37,378.05,397.31,319.44,0.488
5453,227,24.5,22.98,0.0171,0.88,0.0,0.05,721.2,361.23,359.98,282.01,0.501
5454,227,24.0,23.26,0.01775,0.94,0.0,0.05,736.66,344.14,392.52,299.65,0.467
5455,227,24.0,23.26,0.01775,0.94,0.0,0.05,735.76,343.24,392.52,299.65,0.467
5456,227,24.7,23.56,0.01792,0.91,6.0,0.525,1555.28,856.58,698.7,504.37,0.551
5457,227,25.0,23.59,0.01782,0.89,92.0,1.0,2452.18,1465.58,986.59,692.93,0.598
5458,227,25.0,23.59,0.01782,0.89,263.0,1.0,2671.51,1684.91,986.59,692.93,0.631
5459,227,27.5,25.45,0.01979,0.85,464.0,1.0,3249.74,2071.73,1178.01,950.31,0.638
5460,227,28.0,25.79,0.02017,0.84,576.0,1.0,3457.57,2242.74,1214.83,1000.49,0.649
5461,227,29.0,25.23,0.01879,0.74,639.0,1.0,3457.56,2376.8,1080.77,915.97,0.687
5462,227,29.4,25.75,0.01951,0.75,646.0,1.0,3559.37,2408.46,1150.9,992.32,0.677
5463,227,29.0,24.59,0.01775,0.7,600.0,1.0,3310.01,2330.83,979.18,825.56,0.704
5464,227,29.0,24.59,0.01777,0.7,502.0,1.0,3187.56,2206.62,980.94,827.13,0.692
5465,227,29.0,24.59,0.01778,0.7,360.0,1.0,3008.47,2025.77,982.7,828.7,0.673
5466,227,28.0,24.3,0.01774,0.74,193.0,1.0,2739.28,1761.07,978.22,789.9,0.643
5467,227,28.0,24.3,0.01774,0.74,43.0,0.5,1697.17,1027.46,669.71,565.38,0.605
5468,227,27.0,24.4,0.01833,0.81,1.0,0.05,875.58,453.69,421.89,370.84,0.518
5469,227,27.0,24.83,0.01901,0.84,0.0,0.05,908.28,452.04,456.24,397.91,0.498
5470,227,26.0,24.56,0.01897,0.89,0.0,0.05,873.05,418.92,454.13,380.24,0.48
5471,227,26.4,24.54,0.01876,0.86,0.0,0.05,874.82,431.14,443.68,378.4,0.493
5472,228,26.0,24.56,0.01897,0.89,0.0,0.05,871.63,417.49,454.13,380.24,0.479
5473,228,26.0,24.56,0.01897,0.89,0.0,0.05,870.92,416.79,454.13,380.24,0.479
5474,228,25.8,24.37,0.01874,0.89,0.0,0.05,852.13,409.62,442.51,367.88,0.481
5475,228,26.0,24.56,0.01897,0.89,0.0,0.05,869.66,415.53,454.13,380.24,0.478
5476,228,26.0,24.56,0.01897,0.89,0.0,0.05,869.23,415.09,454.13,380.24,0.478
5477,228,25.9,24.99,0.01975,0.93,0.0,0.05,904.9,411.44,493.47,409.64,0.455
5478,228,23.0,21.65,0.01577,0.89,0.0,0.05,624.65,331.92,292.73,221.0,0.531
5479,228,23.0,22.27,0.01668,0.94,0.0,0.05,668.45,329.78,338.67,257.21,0.493
5480,228,22.9,22.66,0.0173,0.98,7.0,0.525,1465.08,812.09,652.98,447.48,0.554
5481,228,24.0,23.26,0.01775,0.94,55.0,1.0,2346.48,1367.35,979.13,651.48,0.583
5482,228,25.0,23.59,0.01784,0.89,120.0,1.0,2489.94,1501.58,988.36,694.51,0.603
5483,228,25.3,23.88,0.01816,0.89,177.0,1.0,2608.89,1590.15,1018.75,731.99,0.61
5484,228,26.0,24.56,0.01897,0.89,219.0,1.0,2778.07,1680.31,1097.77,826.69,0.605
5485,228,26.0,25.22,0.02007,0.94,242.0,1.0,2915.1,1710.38,1204.72,921.87,0.587
5486,228,26.4,24.95,0.01944,0.89,246.0,1.0,2879.91,1736.66,1143.26,881.1,0.603
5487,228,27.0,24.83,0.01899,0.84,228.0,1.0,2845.15,1745.21,1099.94,863.43,0.613
5488,228,27.0,24.83,0.01901,0.84,190.0,1.0,2799.25,1697.43,1101.83,865.11,0.606
5489,228,27.2,24.88,0.01902,0.83,137.0,1.0,2743.86,1640.59,1103.27,873.35,0.598
5490,228,27.0,25.53,0.02018,0.89,99.0,1.0,2797.78,1582.37,1215.41,966.2,0.566
5491,228,27.0,24.83,0.01901,0.84,27.0,0.5,1721.02,958.97,762.04,619.21,0.557
5492,228,27.0,24.83,0.01899,0.84,0.0,0.05,901.64,446.38,455.26,397.14,0.495
5493,228,27.0,24.83,0.01901,0.84,0.0,0.05,903.07,446.83,456.24,397.91,0.495
5494,228,27.0,24.83,0.01899,0.84,0.0,0.05,902.48,447.22,455.26,397.14,0.496
5495,228,27.0,24.26,0.01806,0.8,0.0,0.05,855.83,447.56,408.27,360.1,0.523
5496,229,27.0,24.83,0.01899,0.84,0.0,0.05,903.11,447.85,455.26,397.14,0.496
5497,229,27.0,24.83,0.01899,0.84,0.0,0.05,903.36,448.1,455.26,397.14,0.496
5498,229,26.4,24.81,0.01921,0.88,0.0,0.05,895.02,428.63,466.39,396.3,0.479
5499,229,27.0,24.83,0.01899,0.84,0.0,0.05,903.39,448.13,455.26,397.14,0.496
5500,229,26.0,25.22,0.02009,0.94,0.0,0.05,926.25,415.54,510.71,424.84,0.449
5501,229,26.5,24.63,0.01889,0.86,0.0,0.05,881.93,431.5,450.43,385.32,0.489
5502,229,26.0,24.56,0.01899,0.89,0.0,0.05,870.14,415.03,455.11,381.01,0.477
5503,229,26.0,24.56,0.01899,0.89,0.0,0.05,869.77,414.66,455.11,381.01,0.477
5504,229,26.8,24.92,0.01922,0.86,17.0,0.525,1760.3,965.58,794.72,639.84,0.549
5505,229,27.0,25.53,0.02016,0.89,147.0,1.0,2859.46,1646.06,1213.4,964.41,0.576
5506,229,28.0,25.06,0.01893,0.79,316.0,1.0,3009.29,1914.76,1094.54,893.42,0.636
5507,229,29.3,25.66,0.0194,0.75,467.0,1.0,3316.07,2176.43,1139.64,978.82,0.656
5508,229,30.0,25.5,0.01883,0.7,579.0,1.0,3442.52,2357.8,1084.72,954.3,0.685
5509,229,30.0,25.5,0.01883,0.7,641.0,1.0,3523.85,2439.13,1084.72,954.3,0.692
5510,229,29.5,25.53,0.01911,0.73,649.0,1.0,3536.81,2425.15,1111.66,960.88,0.686
5511,229,31.0,24.5,0.01679,0.59,603.0,1.0,3330.51,2444.58,885.93,812.18,0.734
5512,229,31.0,25.73,0.01886,0.66,502.0,1.0,3404.2,2316.86,1087.34,991.44,0.681
5513,229,29.9,25.08,0.01823,0.68,361.0,1.0,3106.62,2080.82,1025.81,898.39,0.67
5514,229,30.0,25.5,0.01887,0.7,192.0,1.0,2958.35,1869.88,1088.47,957.64,0.632
5515,229,29.0,25.99,0.02015,0.79,43.0,0.5,1920.88,1076.37,844.51,739.37,0.56
5516,229,28.4,25.43,0.01943,0.79,0.0,0.05,982.87,505.18,477.69,437.23,0.514
5517,229,28.0,25.79,0.02019,0.84,0.0,0.05,1007.6,491.63,515.97,461.0,0.488
5518,229,28.0,25.06,0.01895,0.79,0.0,0.05,944.45,491.02,453.43,411.7,0.52
5519,229,28.3,25.49,0.01955,0.8,0.0,0.05,983.87,500.33,483.55,440.25,0.509
5520,230,28.0,25.06,0.01893,0.79,0.0,0.05,942.66,490.21,452.45,410.93,0.52
5521,230,28.0,25.06,0.01893,0.79,0.0,0.05,942.24,489.79,452.45,410.93,0.52
5522,230,27.9,24.66,0.01835,0.77,0.0,0.05,909.04,486.14,422.9,386.04,0.535
5523,230,28.0,25.06,0.01895,0.79,0.0,0.05,942.47,489.04,453.43,411.7,0.519
5524,230,27.0,24.83,0.01901,0.84,0.0,0.05,912.21,455.97,456.24,397.91,0.5
5525,230,27.4,25.07,0.01926,0.83,0.0,0.05,936.91,468.24,468.67,414.11,0.5
5526,230,27.0,25.53,0.02018,0.89,0.0,0.05,969.87,454.64,515.23,444.41,0.469
5527,230,27.0,25.53,0.02018,0.89,0.0,0.05,969.2,453.97,515.23,444.41,0.468
5528,230,27.8,25.6,0.01995,0.84,18.0,0.05,1006.48,502.72,503.76,448.18,0.499
5529,230,29.0,26.0,0.0201,0.79,148.0,0.15,1403.96,819.13,584.83,532.0,0.583
5530,230,29.0,26.0,0.0201,0.79,317.0,0.15,1621.48,1036.65,584.83,532.0,0.639
5531,230,29.3,26.28,0.02047,0.79,468.0,0.15,1846.38,1241.42,604.97,553.64,0.672
5532,230,30.0,26.31,0.02022,0.75,580.0,0.15,2001.59,1410.17,591.42,555.3,0.705
5533,230,25.0,24.24,0.01888,0.94,642.0,0.15,1833.61,1316.85,516.76,405.11,0.718
5534,230,26.2,23.93,0.01789,0.83,651.0,0.15,1829.96,1367.96,462.0,382.5,0.748
5535,230,27.0,24.83,0.01903,0.84,602.0,0.15,1857.07,1331.8,525.27,447.96,0.717
5536,230,28.0,25.05,0.01899,0.79,503.0,0.05,1586.19,1130.8,455.39,413.25,0.713
5537,230,27.5,24.88,0.01891,0.81,360.0,0.05,1382.42,931.17,451.24,401.97,0.674
5538,230,27.7,24.62,0.01841,0.78,192.0,0.05,1148.07,722.1,425.97,385.25,0.629
5539,230,28.0,24.3,0.01774,0.74,42.0,0.05,931.59,539.55,392.04,363.32,0.579
5540,230,26.7,23.98,0.01777,0.8,0.0,0.05,836.92,443.22,393.7,343.81,0.53
5541,230,26.0,23.88,0.01789,0.84,0.0,0.05,819.31,419.61,399.7,337.33,0.512
5542,230,26.0,23.88,0.01787,0.84,0.0,0.05,817.4,418.62,398.78,336.61,0.512
5543,230,25.8,24.23,0.01852,0.88,0.0,0.05,842.77,411.2,431.57,359.25,0.488
5544,231,25.0,24.24,0.01888,0.94,0.0,0.05,833.56,384.09,449.46,360.55,0.461
5545,231,25.0,24.24,0.01889,0.94,0.0,0.05,833.29,382.85,450.44,361.32,0.459
5546,231,25.3,23.88,0.01821,0.89,0.0,0.05,807.52,391.61,415.9,338.9,0.485
5547,231,25.0,24.24,0.01891,0.94,0.0,0.05,832.44,381.03,451.41,362.09,0.458
5548,231,25.0,24.24,0.01891,0.94,0.0,0.05,831.61,380.2,451.41,362.09,0.457
5549,231,25.4,24.37,0.01896,0.92,0.0,0.05,846.29,392.6,453.69,370.28,0.464
5550,231,25.0,24.24,0.01891,0.94,0.0,0.05,830.53,379.11,451.41,362.09,0.456
5551,231,25.0,25.0,0.02014,1.0,0.0,0.05,891.85,378.54,513.31,410.87,0.424
5552,231,25.9,25.26,0.02019,0.95,18.0,0.05,946.27,430.66,515.61,427.09,0.455
5553,231,28.0,26.5,0.02141,0.89,148.0,0.15,1432.18,774.75,657.43,572.6,0.541
5554,231,29.0,26.74,0.02142,0.84,318.0,0.15,1686.79,1029.02,657.77,590.86,0.61
5555,231,29.1,26.84,0.02155,0.84,469.0,0.15,1892.94,1228.04,664.9,598.41,0.649
5556,231,30.0,26.31,0.02022,0.75,581.0,0.15,1996.09,1404.68,591.42,555.3,0.704
5557,231,30.0,26.31,0.02022,0.75,643.0,0.15,2077.62,1486.2,591.42,555.3,0.715
5558,231,30.5,26.12,0.01973,0.71,650.0,0.15,2078.13,1514.3,563.83,542.04,0.729
5559,231,31.0,26.41,0.02002,0.7,602.0,0.15,2052.11,1471.93,580.18,564.22,0.717
5560,231,30.0,25.5,0.01889,0.7,503.0,0.05,1650.04,1199.76,450.28,441.24,0.727
5561,231,29.6,25.62,0.01928,0.73,360.0,0.05,1474.29,1004.2,470.09,450.45,0.681
5562,231,29.0,25.22,0.01885,0.74,192.0,0.05,1217.85,769.63,448.22,423.6,0.632
5563,231,29.0,25.22,0.01885,0.74,42.0,0.05,1025.6,577.38,448.22,423.6,0.563
5564,231,28.2,25.24,0.01922,0.79,0.0,0.05,964.37,497.39,466.98,425.59,0.516
5565,231,28.0,25.79,0.02021,0.84,0.0,0.05,1007.47,490.45,517.02,461.83,0.487
5566,231,27.0,25.53,0.02018,0.89,0.0,0.05,972.42,457.19,515.23,444.41,0.47
5567,231,27.3,25.54,0.02007,0.87,0.0,0.05,975.87,466.01,509.85,444.97,0.478
5568,232,27.0,25.53,0.02018,0.89,0.0,0.05,970.71,455.48,515.23,444.41,0.469
5569,232,27.0,25.53,0.02018,0.89,0.0,0.05,969.93,454.7,515.23,444.41,0.469
5570,232,26.9,26.11,0.02124,0.94,0.0,0.05,1019.74,450.74,569.0,485.19,0.442
5571,232,27.0,26.21,0.02137,0.94,0.0,0.05,1028.91,453.37,575.54,491.95,0.441
5572,232,26.0,26.0,0.02144,1.0,0.0,0.05,998.87,420.07,578.8,478.51,0.421
5573,232,26.5,26.11,0.02144,0.97,0.0,0.05,1014.3,435.42,578.88,486.57,0.429
5574,232,27.0,26.21,0.02137,0.94,0.0,0.05,1026.76,451.22,575.54,491.95,0.439
5575,232,27.0,26.21,0.02137,0.94,0.0,0.05,1026.56,451.02,575.54,491.95,0.439
5576,232,27.0,26.21,0.02135,0.94,18.0,0.525,1930.91,978.99,951.92,779.37,0.507
5577,232,28.0,24.3,0.0177,0.74,150.0,1.0,2679.53,1704.82,974.7,786.77,0.636
5578,232,25.0,23.59,0.01784,0.89,321.0,1.0,2758.21,1769.84,988.36,694.51,0.642
5579,232,27.0,26.21,0.02133,0.94,470.0,1.0,3390.01,2062.73,1327.28,1065.76,0.608
5580,232,27.0,24.83,0.01899,0.84,584.0,1.0,3308.9,2208.96,1099.94,863.43,0.668
5581,232,29.0,26.0,0.0201,0.79,644.0,1.0,3597.34,2389.12,1208.21,1029.41,0.664
5582,232,28.8,25.66,0.01965,0.78,652.0,1.0,3553.98,2390.31,1163.67,982.8,0.673
5583,232,30.0,26.94,0.02138,0.79,503.0,1.0,3594.55,2262.06,1332.5,1174.83,0.629
5584,232,29.0,26.74,0.02146,0.84,317.0,1.0,3313.9,1973.44,1340.47,1147.11,0.596
5585,232,28.8,26.7,0.02149,0.85,136.0,1.0,3074.83,1731.68,1343.15,1142.54,0.563
5586,232,28.0,25.79,0.02023,0.84,98.0,1.0,2863.03,1642.16,1220.87,1005.86,0.574
5587,232,28.0,25.79,0.02021,0.84,26.0,0.5,1857.67,1008.2,849.47,718.68,0.543
5588,232,28.0,26.5,0.02146,0.89,0.0,0.05,1067.28,487.42,579.87,511.37,0.457
5589,232,27.0,26.21,0.02137,0.94,0.0,0.05,1030.11,454.57,575.54,491.95,0.441
5590,232,27.0,26.21,0.02135,0.94,0.0,0.05,1028.34,453.91,574.44,491.07,0.441
5591,232,27.3,26.23,0.02126,0.92,0.0,0.05,1033.27,463.18,570.09,492.45,0.448
5592,233,27.0,26.21,0.02133,0.94,0.0,0.05,1026.36,453.03,573.33,490.2,0.441
5593,233,27.0,26.21,0.02133,0.94,0.0,0.05,1025.91,452.58,573.33,490.2,0.441
5594,233,27.1,26.04,0.02103,0.92,0.0,0.05,1013.7,455.47,558.24,479.91,0.449
5595,233,27.0,26.21,0.02135,0.94,0.0,0.05,1026.35,451.91,574.44,491.07,0.44
5596,233,27.0,25.53,0.0202,0.89,0.0,0.05,967.89,451.61,516.27,445.23,0.467
5597,233,26.5,25.58,0.0205,0.93,0.0,0.05,966.65,434.95,531.7,449.39,0.45
5598,233,25.0,22.79,0.01662,0.83,0.0,0.05,721.01,385.21,335.8,270.96,0.534
5599,233,25.0,22.1,0.0156,0.78,0.0,0.05,667.78,383.81,283.97,230.1,0.575
5600,233,24.2,22.81,0.017,0.89,19.0,0.525,1490.35,859.48,630.87,433.65,0.577
5601,233,27.0,23.38,0.01667,0.74,151.0,1.0,2524.74,1650.49,874.24,662.55,0.654
5602,233,29.0,24.59,0.01775,0.7,322.0,1.0,2952.63,1973.46,979.18,825.56,0.668
5603,233,29.5,25.53,0.01909,0.73,473.0,1.0,3304.31,2194.55,1109.77,959.19,0.664
5604,233,29.0,26.0,0.0201,0.79,584.0,1.0,3521.03,2312.82,1208.21,1029.41,0.657
5605,233,30.0,26.94,0.02136,0.79,645.0,1.0,3774.18,2443.82,1330.36,1172.93,0.648
5606,233,30.2,26.81,0.02107,0.77,652.0,1.0,3767.02,2464.74,1302.28,1154.89,0.654
5607,233,30.0,26.94,0.02138,0.79,603.0,1.0,3725.58,2393.09,1332.5,1174.83,0.642
5608,233,30.0,26.31,0.02029,0.75,503.0,1.0,3491.84,2266.01,1225.83,1079.89,0.649
5609,233,29.5,26.15,0.02025,0.77,360.0,1.0,3280.65,2057.81,1222.83,1059.82,0.627
5610,233,30.0,25.5,0.01889,0.7,191.0,1.0,2957.76,1867.41,1090.35,959.31,0.631
5611,233,29.0,25.99,0.02017,0.79,41.0,0.5,1918.8,1072.78,846.01,740.65,0.559
5612,233,27.9,25.84,0.02034,0.85,0.0,0.05,1011.26,487.89,523.36,465.23,0.482
5613,233,27.0,25.53,0.0202,0.89,0.0,0.05,974.03,457.75,516.27,445.23,0.47
5614,233,27.0,24.83,0.01901,0.84,0.0,0.05,912.9,456.66,456.24,397.91,0.5
5615,233,27.2,24.59,0.01853,0.81,0.0,0.05,894.47,462.28,432.19,382.16,0.517
5616,234,27.0,24.83,0.01901,0.84,0.0,0.05,911.26,455.02,456.24,397.91,0.499
5617,234,27.0,24.83,0.01903,0.84,0.0,0.05,911.52,454.3,457.22,398.68,0.498
5618,234,26.7,24.82,0.01916,0.86,0.0,0.05,907.9,443.84,464.06,399.27,0.489
5619,234,26.0,24.56,0.01903,0.89,0.0,0.05,877.22,420.14,457.08,382.56,0.479
5620,234,26.0,24.56,0.01901,0.89,0.0,0.05,875.17,419.08,456.09,381.78,0.479
5621,234,25.9,23.92,0.01804,0.85,0.0,0.05,821.95,414.88,407.07,341.54,0.505
5622,234,26.0,23.88,0.01791,0.84,0.0,0.05,817.93,417.31,400.62,338.06,0.51
5623,234,25.0,24.24,0.01891,0.94,0.0,0.05,835.24,383.82,451.41,362.09,0.46
5624,234,25.9,24.99,0.01975,0.93,25.0,0.525,1772.42,938.93,833.49,650.13,0.53
5625,234,28.0,26.5,0.02141,0.89,186.0,1.0,3083.65,1748.06,1335.59,1107.97,0.567
5626,234,29.0,26.0,0.0201,0.79,364.0,1.0,3237.09,2028.87,1208.21,1029.41,0.627
5627,234,29.5,26.31,0.02044,0.78,474.0,1.0,3438.25,2197.16,1241.08,1076.06,0.639
5628,234,31.0,26.41,0.01998,0.7,586.0,1.0,3615.82,2419.75,1196.08,1088.22,0.669
5629,234,31.0,26.41,0.02,0.7,647.0,1.0,3698.3,2500.23,1198.07,1089.99,0.676
5630,234,28.7,26.31,0.02082,0.83,653.0,1.0,3669.24,2391.18,1278.06,1081.13,0.652
5631,234,29.0,25.99,0.02017,0.79,604.0,1.0,3558.28,2344.05,1214.23,1034.76,0.659
5632,234,29.0,25.99,0.02017,0.79,504.0,1.0,3430.41,2216.17,1214.23,1034.76,0.646
5633,234,28.8,26.4,0.02099,0.83,360.0,1.0,3315.91,2021.48,1294.42,1099.17,0.61
5634,234,29.0,26.74,0.02149,0.84,190.0,1.0,3156.53,1813.92,1342.61,1149.02,0.575
5635,234,28.0,26.5,0.02148,0.89,41.0,0.5,1971.39,1029.92,941.47,797.14,0.522
5636,234,28.0,25.79,0.02021,0.84,0.0,0.05,1006.57,489.56,517.02,461.83,0.486
5637,234,28.0,25.79,0.02021,0.84,0.0,0.05,1006.24,489.22,517.02,461.83,0.486
5638,234,28.0,25.79,0.02019,0.84,0.0,0.05,1004.91,488.93,515.97,461.0,0.487
5639,234,27.7,25.93,0.02056,0.87,0.0,0.05,1013.49,478.84,534.65,470.92,0.472
5640,235,28.0,25.79,0.02017,0.84,0.0,0.05,1003.21,488.28,514.93,460.18,0.487
5641,235,27.0,25.53,0.02016,0.89,0.0,0.05,969.5,455.31,514.19,443.58,0.47
5642,235,27.0,25.94,0.0209,0.92,0.0,0.05,1006.36,454.55,551.81,473.24,0.452
5643,235,26.0,25.22,0.02011,0.94,0.0,0.05,932.84,421.09,511.75,425.66,0.451
5644,235,26.0,25.22,0.02011,0.94,0.0,0.05,931.65,419.9,511.75,425.66,0.451
5645,235,26.0,25.62,0.02077,0.97,0.0,0.05,964.11,418.87,545.24,452.05,0.434
5646,235,26.0,26.0,0.02139,1.0,0.0,0.05,994.56,417.98,576.58,476.76,0.42
5647,235,24.0,22.62,0.01678,0.89,0.0,0.05,695.16,351.6,343.56,261.06,0.506
5648,235,23.4,22.91,0.01746,0.96,7.0,0.525,1489.81,825.46,664.35,457.21,0.554
5649,235,23.0,23.0,0.01776,1.0,97.0,1.0,2389.2,1409.03,980.18,652.41,0.59
5650,235,24.0,24.0,0.0189,1.0,271.0,1.0,2737.76,1647.02,1090.75,750.82,0.602
5651,235,25.4,24.63,0.01931,0.94,476.0,1.0,3111.66,1981.11,1130.55,834.97,0.637
5652,235,27.0,25.53,0.02016,0.89,587.0,1.0,3419.38,2205.98,1213.4,964.41,0.645
5653,235,27.0,25.53,0.02016,0.89,648.0,1.0,3498.55,2285.14,1213.4,964.41,0.653
5654,235,28.3,25.19,0.01905,0.78,655.0,1.0,3467.44,2362.01,1105.43,913.56,0.681
5655,235,29.0,25.23,0.01881,0.74,230.0,1.0,2937.11,1854.48,1082.63,917.64,0.631
5656,235,29.0,25.22,0.01883,0.74,192.0,1.0,2891.97,1807.46,1084.5,919.3,0.625
5657,235,29.0,24.59,0.0178,0.7,137.0,1.0,2722.88,1738.41,984.47,830.27,0.638
5658,235,29.0,24.59,0.0178,0.7,190.0,1.0,2792.16,1807.69,984.47,830.27,0.647
5659,235,29.0,24.59,0.0178,0.7,40.0,0.5,1739.34,1064.97,674.38,594.28,0.612
5660,235,28.0,24.3,0.01774,0.74,0.0,0.05,877.57,485.53,392.04,363.32,0.553
5661,235,27.0,24.12,0.01785,0.79,0.0,0.05,850.4,452.93,397.46,351.58,0.533
5662,235,27.0,24.83,0.01899,0.84,0.0,0.05,907.75,452.49,455.26,397.14,0.498
5663,235,26.8,24.92,0.01924,0.86,0.0,0.05,913.51,445.55,467.96,403.94,0.488
5664,236,26.0,24.56,0.01897,0.89,0.0,0.05,872.99,418.86,454.13,380.24,0.48
5665,236,26.0,24.56,0.01897,0.89,0.0,0.05,872.1,417.97,454.13,380.24,0.479
5666,236,26.2,24.89,0.01944,0.9,0.0,0.05,901.88,423.76,478.12,402.34,0.47
5667,236,26.0,25.22,0.02009,0.94,0.0,0.05,927.38,416.66,510.71,424.84,0.449
5668,236,26.0,25.22,0.02009,0.94,0.0,0.05,926.79,416.07,510.71,424.84,0.449
5669,236,26.5,25.18,0.0198,0.9,0.0,0.05,928.18,431.96,496.21,421.41,0.465
5670,236,26.0,25.22,0.02009,0.94,0.0,0.05,926.14,415.43,510.71,424.84,0.449
5671,236,26.0,25.22,0.02007,0.94,0.0,0.05,924.68,415.01,509.68,424.02,0.449
5672,236,27.2,23.86,0.01734,0.76,20.0,0.525,1642.3,986.61,655.69,531.11,0.601
5673,236,28.0,24.3,0.0177,0.74,154.0,1.0,2681.85,1707.15,974.7,786.77,0.637
5674,236,29.0,23.94,0.01671,0.66,327.0,1.0,2859.46,1981.53,877.92,735.44,0.693
5675,236,30.4,23.98,0.01619,0.59,480.0,1.0,3079.25,2251.4,827.85,739.61,0.731
5676,236,31.0,24.5,0.01675,0.59,728.0,1.0,3485.14,2602.54,882.6,809.22,0.747
5677,236,32.0,25.37,0.01776,0.59,892.0,1.0,3847.25,2866.66,980.59,931.24,0.745
5678,236,31.8,25.38,0.0179,0.6,951.0,1.0,3928.39,2934.5,993.89,936.11,0.747
5679,236,32.0,25.37,0.0178,0.59,832.0,1.0,3778.32,2794.2,984.12,934.38,0.74
5680,236,31.1,24.22,0.01632,0.57,624.0,1.0,3322.84,2482.83,840.01,774.8,0.747
5681,236,30.2,22.9,0.01466,0.54,362.0,1.0,2780.2,2101.37,678.83,600.01,0.756
5682,236,31.0,23.77,0.01564,0.55,191.0,1.0,2697.69,1923.66,774.03,712.59,0.713
5683,236,29.0,23.28,0.01572,0.62,40.0,0.5,1599.01,1076.14,522.87,465.08,0.673
5684,236,27.0,24.11,0.01788,0.79,0.0,0.05,861.68,462.38,399.31,353.03,0.537
5685,236,27.0,24.12,0.01785,0.79,0.0,0.05,858.12,460.66,397.46,351.58,0.537
5686,236,27.0,24.12,0.01785,0.79,0.0,0.05,856.63,459.17,397.46,351.58,0.536
5687,236,26.0,24.43,0.01875,0.88,0.0,0.05,868.12,425.08,443.05,371.5,0.49
5688,237,26.0,24.56,0.01897,0.89,0.0,0.05,877.48,423.35,454.13,380.24,0.482
5689,237,26.0,24.56,0.01897,0.89,0.0,0.05,875.98,421.85,454.13,380.24,0.482
5690,237,25.7,23.86,0.018,0.86,0.0,0.05,815.78,410.71,405.07,336.76,0.503
5691,237,26.0,23.88,0.01789,0.84,0.0,0.05,818.95,419.25,399.7,337.33,0.512
5692,237,25.0,24.24,0.01889,0.94,0.0,0.05,835.94,385.5,450.44,361.32,0.461
5693,237,25.5,24.07,0.01844,0.89,0.0,0.05,827.69,400.47,427.23,351.03,0.484
5694,237,25.0,24.24,0.01889,0.94,0.0,0.05,833.57,383.13,450.44,361.32,0.46
5695,237,25.0,24.24,0.01891,0.94,0.0,0.05,833.43,382.02,451.41,362.09,0.458
5696,237,25.5,23.94,0.0182,0.88,20.0,0.05,838.63,423.11,415.52,341.8,0.505
5697,237,27.0,24.83,0.01899,0.84,155.0,0.15,1274.42,751.3,523.12,446.22,0.59
5698,237,28.0,25.06,0.01893,0.79,327.0,0.15,1527.23,1007.19,520.04,461.72,0.659
5699,237,28.6,24.54,0.01786,0.72,480.0,0.15,1685.71,1225.35,460.36,424.35,0.727
5700,237,30.0,24.84,0.01774,0.66,668.0,0.15,1970.59,1516.47,454.11,444.49,0.77
5701,237,29.0,26.0,0.02012,0.79,801.0,0.15,2240.23,1654.26,585.97,532.92,0.738
5702,237,30.0,25.83,0.01945,0.72,860.0,0.15,2314.31,1765.81,548.5,520.67,0.763
5703,237,31.0,26.41,0.02004,0.7,830.0,0.15,2344.99,1763.67,581.32,565.14,0.752
5704,237,32.0,25.36,0.01784,0.59,716.0,0.05,1934.91,1537.97,396.95,431.22,0.795
5705,237,31.7,25.1,0.01754,0.59,522.0,0.05,1663.84,1281.6,382.24,414.82,0.77
5706,237,31.0,24.5,0.01682,0.59,272.0,0.05,1285.63,939.78,345.84,374.93,0.731
5707,237,30.0,24.83,0.0178,0.66,56.0,0.05,1026.18,631.05,395.13,397.77,0.615
5708,237,29.0,24.59,0.0178,0.7,0.0,0.05,922.06,526.77,395.29,381.89,0.571
5709,237,28.0,25.05,0.01899,0.79,0.0,0.05,949.05,493.65,455.39,413.25,0.52
5710,237,27.0,24.83,0.01903,0.84,0.0,0.05,917.18,459.96,457.22,398.68,0.501
5711,237,27.3,24.98,0.01914,0.83,0.0,0.05,931.22,468.41,462.81,407.89,0.503
5712,238,27.0,24.83,0.01901,0.84,0.0,0.05,913.79,457.55,456.24,397.91,0.501
5713,238,27.0,24.83,0.01901,0.84,0.0,0.05,912.72,456.48,456.24,397.91,0.5
5714,238,26.7,24.96,0.01937,0.87,0.0,0.05,920.38,445.72,474.66,407.63,0.484
5715,238,27.0,25.53,0.0202,0.89,0.0,0.05,970.86,454.58,516.27,445.23,0.468
5716,238,26.0,25.22,0.02013,0.94,0.0,0.05,933.91,421.11,512.8,426.48,0.451
5717,238,26.4,25.35,0.02019,0.92,0.0,0.05,949.12,433.04,516.08,435.47,0.456
5718,238,26.0,25.22,0.02013,0.94,0.0,0.05,931.93,419.13,512.8,426.48,0.45
5719,238,26.0,23.88,0.01793,0.84,0.0,0.05,819.76,418.21,401.55,338.79,0.51
5720,238,26.0,24.56,0.01901,0.89,24.0,0.05,904.29,448.19,456.09,381.78,0.496
5721,238,27.0,25.53,0.02018,0.89,176.0,0.15,1370.54,781.61,588.93,499.33,0.57
5722,238,29.0,26.0,0.02012,0.79,350.0,0.15,1660.37,1074.39,585.97,532.92,0.647
5723,238,28.9,26.05,0.02027,0.8,480.0,0.15,1832.75,1238.93,593.82,537.45,0.676
5724,238,29.0,26.0,0.02012,0.79,591.0,0.15,1971.8,1385.83,585.97,532.92,0.703
5725,238,30.0,24.84,0.01776,0.66,654.0,0.15,1957.49,1502.37,455.12,445.3,0.767
5726,238,30.8,24.5,0.01692,0.6,660.0,0.15,1947.57,1539.35,408.22,421.85,0.79
5727,238,30.4,24.68,0.01737,0.63,609.0,0.15,1895.28,1461.76,433.51,435.06,0.771
5728,238,30.1,24.75,0.01763,0.65,507.0,0.05,1595.66,1209.29,386.37,392.46,0.758
5729,238,29.7,24.73,0.01776,0.67,360.0,0.05,1401.59,1008.51,393.08,391.35,0.72
5730,238,29.4,24.95,0.01825,0.7,189.0,0.05,1197.73,779.86,417.88,406.09,0.651
5731,238,29.0,25.07,0.01861,0.73,39.0,0.05,1010.54,574.6,435.93,413.92,0.569
5732,238,28.7,25.1,0.01879,0.75,0.0,0.05,960.04,514.72,445.31,416.51,0.536
5733,238,28.0,25.05,0.01899,0.79,0.0,0.05,946.95,491.56,455.39,413.25,0.519
5734,238,28.0,25.05,0.01899,0.79,0.0,0.05,946.35,490.96,455.39,413.25,0.519
5735,238,27.6,25.12,0.01927,0.82,0.0,0.05,946.55,477.31,469.24,417.77,0.504
5736,239,27.0,24.83,0.01903,0.84,0.0,0.05,914.15,456.92,457.22,398.68,0.5
5737,239,27.0,25.53,0.0202,0.89,0.0,0.05,972.22,455.94,516.27,445.23,0.469
5738,239,26.6,25.28,0.01996,0.9,0.0,0.05,946.35,441.97,504.38,429.45,0.467
5739,239,26.0,25.22,0.02013,0.94,0.0,0.05,934.11,421.31,512.8,426.48,0.451
5740,239,26.0,25.22,0.02013,0.94,0.0,0.05,932.88,420.09,512.8,426.48,0.45
5741,239,26.7,25.37,0.02011,0.9,0.0,0.05,953.56,442.0,511.57,436.72,0.464
5742,239,27.0,25.53,0.02022,0.89,0.0,0.05,968.68,451.36,517.32,446.05,0.466
5743,239,26.0,25.22,0.02013,0.94,0.0,0.05,931.13,418.33,512.8,426.48,0.449
5744,239,26.4,25.48,0.0204,0.93,21.0,0.525,1838.76,957.0,881.76,704.12,0.52
5745,239,27.5,25.31,0.01963,0.84,157.0,1.0,2849.63,1687.18,1162.45,936.47,0.592
5746,239,28.5,25.07,0.01881,0.76,330.0,1.0,3042.97,1960.98,1081.99,899.66,0.644
5747,239,29.6,24.81,0.01791,0.68,483.0,1.0,3209.46,2214.87,994.59,860.16,0.69
5748,239,30.7,24.77,0.01738,0.62,595.0,1.0,3359.76,2416.74,943.02,852.55,0.719
5749,239,31.7,24.36,0.01629,0.55,657.0,1.0,3387.22,2549.8,837.42,793.37,0.753
5750,239,32.8,24.31,0.01576,0.5,663.0,1.0,3402.6,2616.55,786.06,785.95,0.769
5751,239,33.0,25.07,0.01693,0.53,611.0,1.0,3462.22,2562.83,899.39,893.77,0.74
5752,239,32.0,25.36,0.01784,0.59,507.0,1.0,3367.91,2380.25,987.66,937.53,0.707
5753,239,31.4,24.66,0.01694,0.58,361.0,1.0,3064.02,2163.49,900.53,839.1,0.706
5754,239,31.0,23.76,0.01569,0.55,189.0,1.0,2701.81,1923.12,778.69,716.74,0.712
5755,239,30.0,24.15,0.01669,0.62,38.0,0.5,1710.72,1117.03,593.69,550.39,0.653
5756,239,29.4,24.13,0.01691,0.65,0.0,0.05,893.51,543.24,350.26,352.8,0.608
5757,239,29.0,24.59,0.0178,0.7,0.0,0.05,924.9,529.6,395.29,381.89,0.573
5758,239,29.0,24.59,0.0178,0.7,0.0,0.05,924.2,528.91,395.29,381.89,0.572
5759,239,29.0,24.59,0.01778,0.7,0.0,0.05,922.68,528.31,394.37,381.16,0.573
5760,240,29.0,24.59,0.01778,0.7,0.0,0.05,922.16,527.79,394.37,381.16,0.572
5761,240,28.0,24.3,0.01774,0.74,0.0,0.05,886.58,494.54,392.04,363.32,0.558
5762,240,27.7,24.77,0.01865,0.79,0.0,0.05,921.93,483.68,438.24,394.93,0.525
5763,240,27.0,24.83,0.01905,0.84,0.0,0.05,917.87,459.66,458.21,399.46,0.501
5764,240,27.0,25.53,0.02022,0.89,0.0,0.05,975.63,458.31,517.32,446.05,0.47
5765,240,27.4,25.5,0.02002,0.86,0.0,0.05,977.27,470.26,507.01,444.33,0.481
5766,240,27.0,25.53,0.02022,0.89,0.0,0.05,973.7,456.38,517.32,446.05,0.469
5767,240,27.0,25.53,0.0202,0.89,0.0,0.05,971.75,455.47,516.27,445.23,0.469
5768,240,28.0,24.45,0.018,0.75,21.0,0.525,1733.61,1028.9,704.71,593.35,0.594
5769,240,29.0,24.59,0.01778,0.7,159.0,1.0,2754.63,1771.92,982.7,828.7,0.643
5770,240,29.0,26.0,0.02012,0.79,331.0,1.0,3203.34,1993.13,1210.22,1031.19,0.622
5771,240,30.0,25.66,0.01915,0.71,484.0,1.0,3356.97,2241.48,1115.49,981.69,0.668
5772,240,31.0,25.73,0.01884,0.66,595.0,1.0,3521.98,2436.52,1085.46,989.77,0.692
5773,240,32.0,25.37,0.01782,0.59,657.0,1.0,3555.07,2569.18,985.89,935.95,0.723
5774,240,32.0,25.18,0.01752,0.58,662.0,1.0,3534.98,2577.54,957.44,910.63,0.729
5775,240,32.0,24.8,0.01694,0.56,611.0,1.0,3414.26,2513.8,900.45,859.92,0.736
5776,240,32.0,25.36,0.01789,0.59,507.0,1.0,3374.86,2381.86,993.0,942.28,0.706
5777,240,31.4,24.29,0.01636,0.56,361.0,1.0,3008.75,2164.87,843.87,788.67,0.72
5778,240,30.0,24.83,0.01784,0.66,188.0,1.0,2859.14,1871.43,987.71,867.96,0.655
5779,240,30.0,24.83,0.01784,0.66,38.0,0.5,1794.24,1117.44,676.79,621.26,0.623
5780,240,28.5,25.37,0.01936,0.78,0.0,0.05,987.78,514.08,473.71,435.69,0.52
5781,240,28.0,25.79,0.02025,0.84,0.0,0.05,1015.66,496.55,519.12,463.48,0.489
5782,240,28.0,25.05,0.01899,0.79,0.0,0.05,950.66,495.27,455.39,413.25,0.521
5783,240,28.2,25.39,0.01945,0.8,0.0,0.05,979.36,500.72,478.64,434.78,0.511
5784,241,24.0,21.84,0.01563,0.83,0.0,0.05,647.91,362.1,285.81,215.55,0.559
5785,241,24.0,22.62,0.01681,0.89,0.0,0.05,704.05,358.76,345.29,262.43,0.51
5786,241,24.1,22.2,0.01617,0.85,0.0,0.05,671.98,359.16,312.82,238.43,0.534
5787,241,24.0,23.26,0.0178,0.94,0.0,0.05,748.72,353.45,395.27,301.82,0.472
5788,241,24.0,23.26,0.01782,0.94,0.0,0.05,747.48,351.29,396.19,302.54,0.47
5789,241,24.5,23.23,0.01757,0.9,0.0,0.05,749.6,365.83,383.77,300.76,0.488
5790,241,25.0,23.59,0.01792,0.89,0.0,0.05,781.93,380.93,401.0,322.35,0.487
5791,241,25.0,23.59,0.0179,0.89,0.0,0.05,780.19,380.11,400.08,321.62,0.487
5792,241,25.0,24.11,0.01873,0.93,8.0,0.525,1634.02,875.93,758.08,562.77,0.536
5793,241,27.0,25.53,0.02022,0.89,101.0,1.0,2803.53,1584.09,1219.44,969.78,0.565
5794,241,29.0,24.59,0.01778,0.7,279.0,1.0,2899.05,1916.34,982.7,828.7,0.661
5795,241,30.2,24.33,0.01686,0.62,487.0,1.0,3139.3,2246.93,892.36,790.06,0.716
5796,241,31.0,24.5,0.01679,0.59,598.0,1.0,3318.88,2432.96,885.93,812.18,0.733
5797,241,32.0,24.81,0.01689,0.56,659.0,1.0,3460.75,2565.34,895.41,855.43,0.741
5798,241,31.9,24.53,0.0165,0.55,663.0,1.0,3425.73,2568.13,857.6,818.3,0.75
5799,241,32.0,24.03,0.0157,0.52,613.0,1.0,3291.38,2511.52,779.85,752.58,0.763
5800,241,32.0,24.03,0.01571,0.52,509.0,1.0,3161.65,2380.23,781.41,753.97,0.753
5801,241,32.0,24.61,0.01665,0.55,360.0,1.0,3062.85,2190.93,871.92,834.52,0.715
5802,241,32.0,24.03,0.01571,0.52,188.0,1.0,2753.3,1971.89,781.41,753.97,0.716
5803,241,30.0,23.62,0.01591,0.59,37.0,0.5,1652.09,1115.02,537.07,502.1,0.675
5804,241,30.0,23.63,0.0159,0.59,0.0,0.05,861.31,562.3,299.01,322.01,0.653
5805,241,29.0,23.94,0.01678,0.66,0.0,0.05,872.84,529.44,343.4,340.99,0.607
5806,241,29.0,23.94,0.01678,0.66,0.0,0.05,872.17,528.77,343.4,340.99,0.606
5807,241,28.3,23.95,0.01709,0.7,0.0,0.05,864.63,505.22,359.41,342.39,0.584
5808,242,28.0,24.3,0.01776,0.74,0.0,0.05,887.4,494.44,392.96,364.04,0.557
5809,242,28.0,24.3,0.01776,0.74,0.0,0.05,886.4,493.44,392.96,364.04,0.557
5810,242,27.5,24.58,0.01845,0.79,0.0,0.05,904.1,476.18,427.92,383.59,0.527
5811,242,27.0,24.83,0.01907,0.84,0.0,0.05,917.91,458.72,459.19,400.24,0.5
5812,242,27.0,24.83,0.01911,0.84,0.0,0.05,918.67,457.5,461.17,401.8,0.498
5813,242,27.1,25.21,0.01968,0.86,0.0,0.05,949.57,459.72,489.85,426.0,0.484
5814,242,27.0,25.53,0.02024,0.89,0.0,0.05,973.96,455.59,518.37,446.88,0.468
5815,242,27.0,25.53,0.02024,0.89,0.0,0.05,973.16,454.79,518.37,446.88,0.467
5816,242,26.7,25.91,0.02103,0.94,22.0,0.525,1902.92,974.72,928.19,751.45,0.512
5817,242,29.0,26.74,0.02146,0.84,160.0,1.0,3112.35,1771.89,1340.47,1147.11,0.569
5818,242,29.0,26.74,0.02146,0.84,333.0,1.0,3335.02,1994.55,1340.47,1147.11,0.598
5819,242,30.2,26.49,0.02053,0.75,486.0,1.0,3502.74,2253.38,1249.36,1107.79,0.643
5820,242,32.0,26.1,0.01904,0.63,598.0,1.0,3596.27,2491.24,1105.03,1042.0,0.693
5821,242,31.0,26.41,0.02004,0.7,657.0,1.0,3719.63,2517.57,1202.06,1093.54,0.677
5822,242,31.3,26.0,0.01924,0.66,662.0,1.0,3664.55,2540.79,1123.76,1034.3,0.693
5823,242,31.0,25.73,0.01892,0.66,610.0,1.0,3552.93,2459.94,1092.99,996.47,0.692
5824,242,30.0,26.3,0.02037,0.75,505.0,1.0,3508.57,2274.61,1233.96,1087.13,0.648
5825,242,28.7,25.86,0.02013,0.8,358.0,1.0,3229.74,2019.18,1210.56,1021.05,0.625
5826,242,30.0,24.83,0.01784,0.66,186.0,1.0,2852.72,1865.01,987.71,867.96,0.654
5827,242,27.5,26.15,0.0211,0.9,37.0,0.5,1922.77,1008.55,914.22,761.44,0.525
5828,242,27.2,25.86,0.0207,0.9,0.0,0.05,1008.77,466.99,541.77,468.53,0.463
5829,242,26.8,25.61,0.02044,0.91,0.0,0.05,980.95,452.54,528.42,451.6,0.461
5830,242,26.6,25.41,0.02019,0.91,0.0,0.05,960.52,444.58,515.94,438.56,0.463
5831,242,26.6,25.14,0.01971,0.89,0.0,0.05,935.05,443.24,491.8,419.54,0.474
5832,243,26.8,25.06,0.01949,0.87,0.0,0.05,929.27,448.65,480.62,413.92,0.483
5833,243,27.0,24.97,0.01926,0.85,0.0,0.05,923.36,454.34,469.02,407.98,0.492
5834,243,27.3,25.12,0.0194,0.84,0.0,0.05,939.37,463.55,475.82,418.15,0.493
5835,243,27.5,25.17,0.01939,0.83,0.0,0.05,945.31,469.76,475.56,421.14,0.497
5836,243,27.7,25.5,0.01987,0.84,0.0,0.05,975.9,476.13,499.76,443.42,0.488
5837,243,27.7,25.5,0.01987,0.84,0.0,0.05,975.86,476.1,499.76,443.42,0.488
5838,243,27.8,25.6,0.01999,0.84,0.0,0.05,985.18,479.35,505.83,449.8,0.487
5839,243,28.0,25.79,0.02021,0.84,0.0,0.05,1002.96,485.95,517.02,461.83,0.485
5840,243,28.0,26.07,0.02069,0.86,28.0,0.525,1939.58,1036.48,903.1,763.02,0.534
5841,243,29.0,26.74,0.02144,0.84,177.0,1.0,3132.13,1793.81,1338.32,1145.21,0.573
5842,243,30.0,27.7,0.02276,0.84,347.0,1.0,3530.83,2064.21,1466.62,1294.19,0.585
5843,243,29.2,25.41,0.01902,0.74,498.0,1.0,3320.55,2217.88,1102.67,942.44,0.668
5844,243,31.0,24.5,0.01677,0.59,608.0,1.0,3336.72,2452.45,884.26,810.7,0.735
5845,243,31.0,25.73,0.01884,0.66,664.0,1.0,3611.38,2525.92,1085.46,989.77,0.699
5846,243,30.2,25.01,0.01799,0.66,669.0,1.0,3495.39,2492.46,1002.93,888.47,0.713
5847,243,28.0,25.79,0.02023,0.84,516.0,1.0,3404.27,2183.4,1220.87,1005.86,0.641
5848,243,27.0,24.83,0.01905,0.84,327.0,1.0,2994.23,1888.61,1105.61,868.48,0.631
5849,243,25.7,24.13,0.01846,0.88,142.0,1.0,2631.82,1582.96,1048.86,772.71,0.601
5850,243,26.0,24.56,0.01903,0.89,128.0,1.0,2682.02,1578.58,1103.44,831.73,0.589
5851,243,26.0,24.56,0.01903,0.89,37.0,0.5,1701.89,938.64,763.25,595.32,0.552
5852,243,26.0,24.56,0.01903,0.89,0.0,0.05,877.42,420.34,457.08,382.56,0.479
5853,243,26.0,24.56,0.01901,0.89,0.0,0.05,875.34,419.25,456.09,381.78,0.479
5854,243,26.0,24.56,0.01899,0.89,0.0,0.05,873.42,418.31,455.11,381.01,0.479
5855,243,25.4,24.89,0.01979,0.96,0.0,0.05,893.42,397.81,495.61,403.33,0.445
5856,244,25.0,25.0,0.02014,1.0,0.0,0.05,896.92,383.61,513.31,410.87,0.428
5857,244,25.0,24.24,0.01889,0.94,0.0,0.05,832.87,382.43,450.44,361.32,0.459
5858,244,24.6,23.97,0.01866,0.95,0.0,0.05,806.7,368.29,438.41,345.44,0.457
5859,244,25.0,24.24,0.01891,0.94,0.0,0.05,831.7,380.28,451.41,362.09,0.457
5860,244,25.0,24.24,0.01891,0.94,0.0,0.05,830.97,379.55,451.41,362.09,0.457
5861,244,24.3,23.55,0.01812,0.94,0.0,0.05,767.09,355.96,411.13,319.13,0.464
5862,244,24.0,23.26,0.01778,0.94,0.0,0.05,739.49,345.14,394.35,301.1,0.467
5863,244,24.0,24.0,0.01893,1.0,0.0,0.05,796.54,344.11,452.44,346.88,0.432
5864,244,25.0,24.5,0.01931,0.96,43.0,0.05,902.54,431.18,471.37,377.81,0.478
5865,244,26.0,25.22,0.02009,0.94,233.0,0.15,1395.88,811.9,583.98,477.34,0.582
5866,244,29.0,26.0,0.0201,0.79,525.0,0.15,1876.13,1291.3,584.83,532.0,0.688
5867,244,30.0,26.31,0.02022,0.75,498.0,0.15,1885.16,1293.74,591.42,555.3,0.686
5868,244,27.0,25.53,0.02018,0.89,876.0,0.15,2265.79,1676.86,588.93,499.33,0.74
5869,244,29.0,26.74,0.02146,0.84,251.0,0.15,1605.32,945.12,660.21,592.83,0.589
5870,244,26.0,25.22,0.02013,0.94,253.0,0.15,1431.17,844.9,586.26,479.19,0.59
5871,244,28.0,26.5,0.02148,0.89,234.0,0.15,1550.69,889.6,661.09,575.55,0.574
5872,244,29.0,25.99,0.02017,0.79,675.0,0.05,1895.2,1380.58,514.62,475.94,0.728
5873,244,28.9,25.75,0.0198,0.78,373.0,0.05,1487.6,991.24,496.35,459.95,0.666
5874,244,29.0,25.99,0.02017,0.79,202.0,0.05,1290.88,776.26,514.62,475.94,0.601
5875,244,28.0,25.79,0.02023,0.84,44.0,0.05,1059.84,541.78,518.07,462.65,0.511
5876,244,27.3,25.96,0.02083,0.9,0.0,0.05,1010.74,462.61,548.13,475.14,0.458
5877,244,28.0,25.05,0.01897,0.79,0.0,0.05,939.76,485.35,454.41,412.48,0.516
5878,244,27.0,25.53,0.02018,0.89,0.0,0.05,968.01,452.78,515.23,444.41,0.468
5879,244,27.3,25.68,0.02031,0.88,0.0,0.05,984.09,462.2,521.88,454.45,0.47
5880,245,24.0,23.26,0.01777,0.94,0.0,0.05,747.2,353.77,393.43,300.37,0.473
5881,245,23.0,23.0,0.01779,1.0,0.0,0.05,729.66,334.77,394.89,301.52,0.459
5882,245,23.4,23.16,0.01787,0.98,0.0,0.05,737.53,338.96,398.57,304.42,0.46
5883,245,24.0,23.26,0.01778,0.94,0.0,0.05,741.45,347.1,394.35,301.1,0.468
5884,245,24.0,23.26,0.01778,0.94,0.0,0.05,740.15,345.8,394.35,301.1,0.467
5885,245,23.7,23.21,0.01786,0.96,0.0,0.05,737.69,339.64,398.06,304.02,0.46
5886,245,24.0,23.26,0.0178,0.94,0.0,0.05,738.79,343.52,395.27,301.82,0.465
5887,245,24.0,23.26,0.01778,0.94,0.0,0.05,737.05,342.71,394.35,301.1,0.465
5888,245,25.2,24.31,0.01894,0.93,29.0,0.05,871.19,418.57,452.62,366.23,0.48
5889,245,27.0,25.53,0.02018,0.89,179.0,0.15,1365.43,776.5,588.93,499.33,0.569
5890,245,29.0,26.0,0.02012,0.79,351.0,0.15,1653.91,1067.93,585.97,532.92,0.646
5891,245,29.0,25.69,0.01958,0.77,500.0,0.15,1817.11,1261.37,555.74,508.52,0.694
5892,245,30.0,26.31,0.02024,0.75,607.0,0.15,2027.98,1435.41,592.57,556.23,0.708
5893,245,30.0,25.5,0.01885,0.7,666.0,0.15,2028.96,1513.44,515.51,494.05,0.746
5894,245,30.4,24.85,0.01762,0.64,671.0,0.15,1983.03,1535.8,447.23,446.13,0.774
5895,245,29.0,24.59,0.01778,0.7,619.0,0.15,1878.71,1422.41,456.3,428.27,0.757
5896,245,29.0,24.59,0.0178,0.7,518.0,0.05,1578.72,1183.43,395.29,381.89,0.75
5897,245,30.3,24.76,0.01754,0.64,373.0,0.05,1422.62,1040.83,381.78,392.05,0.732
5898,245,30.0,24.84,0.01776,0.66,202.0,0.05,1206.4,813.1,393.29,396.32,0.674
5899,245,29.0,24.59,0.01778,0.7,43.0,0.05,971.79,577.42,394.37,381.16,0.594
5900,245,28.0,25.06,0.01895,0.79,0.0,0.05,943.19,489.75,453.43,411.7,0.519
5901,245,28.0,25.79,0.02017,0.84,0.0,0.05,1004.32,489.39,514.93,460.18,0.487
5902,245,25.0,22.1,0.01558,0.78,0.0,0.05,673.83,390.66,283.17,229.47,0.58
5903,245,23.6,21.98,0.01598,0.87,0.0,0.05,652.02,349.0,303.02,229.11,0.535
5904,246,24.0,23.26,0.01773,0.94,0.0,0.05,744.61,353.0,391.6,298.93,0.474
5905,246,25.0,22.1,0.01558,0.78,0.0,0.05,666.87,383.71,283.17,229.47,0.575
5906,246,25.0,22.79,0.01661,0.83,0.0,0.05,717.46,382.51,334.95,270.29,0.533
5907,246,25.0,22.79,0.01662,0.83,0.0,0.05,717.29,381.48,335.8,270.96,0.532
5908,246,25.0,22.79,0.01662,0.83,0.0,0.05,716.4,380.59,335.8,270.96,0.531
5909,246,25.0,22.79,0.01662,0.83,0.0,0.05,715.63,379.82,335.8,270.96,0.531
5910,246,25.0,23.59,0.01786,0.89,0.0,0.05,777.39,379.16,398.23,320.17,0.488
5911,246,26.0,24.56,0.01899,0.89,0.0,0.05,866.5,411.39,455.11,381.01,0.475
5912,246,26.8,25.2,0.01968,0.88,11.0,0.525,1783.84,955.05,828.79,668.98,0.535
5913,246,27.0,25.53,0.02016,0.89,68.0,1.0,2755.68,1542.28,1213.4,964.41,0.56
5914,246,24.0,22.62,0.01676,0.89,135.0,1.0,2357.27,1474.06,883.21,566.11,0.625
5915,246,24.0,22.88,0.01715,0.91,191.0,1.0,2465.42,1544.58,920.84,599.6,0.626
5916,246,25.0,22.79,0.01659,0.83,232.0,1.0,2514.29,1647.65,866.64,586.18,0.655
5917,246,24.0,23.26,0.01773,0.94,253.0,1.0,2600.0,1622.63,977.37,649.92,0.624
5918,246,24.0,23.26,0.01773,0.94,255.0,1.0,2601.64,1624.26,977.37,649.92,0.624
5919,246,23.0,22.27,0.01668,0.94,235.0,1.0,2456.46,1581.01,875.45,559.21,0.644
5920,246,25.0,23.59,0.01784,0.89,196.0,1.0,2586.43,1598.07,988.36,694.51,0.618
5921,246,24.6,22.94,0.01703,0.87,142.0,1.0,2417.15,1508.27,908.88,609.84,0.624
5922,246,25.0,22.79,0.01661,0.83,76.0,1.0,2312.38,1444.1,868.29,587.64,0.625
5923,246,25.0,22.1,0.01558,0.78,16.0,0.5,1368.49,855.39,513.1,357.09,0.625
5924,246,24.4,22.22,0.01601,0.83,0.0,0.05,659.26,354.6,304.66,236.8,0.538
5925,246,24.0,21.84,0.0156,0.83,0.0,0.05,625.41,341.19,284.21,214.28,0.546
5926,246,25.0,22.79,0.01659,0.83,0.0,0.05,707.6,373.5,334.1,269.61,0.528
5927,246,25.3,23.35,0.0173,0.85,0.0,0.05,753.39,383.54,369.85,302.6,0.509
5928,247,25.0,22.79,0.01659,0.83,0.0,0.05,708.14,374.05,334.1,269.61,0.528
5929,247,24.0,23.26,0.01773,0.94,0.0,0.05,732.96,341.36,391.6,298.93,0.466
5930,247,24.3,23.04,0.01727,0.9,0.0,0.05,719.13,350.68,368.45,285.49,0.488
5931,247,24.0,23.26,0.01773,0.94,0.0,0.05,732.18,340.58,391.6,298.93,0.465
5932,247,24.0,23.26,0.01775,0.94,0.0,0.05,732.68,340.16,392.52,299.65,0.464
5933,247,24.1,23.23,0.01766,0.93,0.0,0.05,731.29,343.08,388.2,297.85,0.469
5934,247,24.0,23.26,0.01773,0.94,0.0,0.05,731.16,339.56,391.6,298.93,0.464
5935,247,24.0,23.26,0.01773,0.94,0.0,0.05,730.88,339.28,391.6,298.93,0.464
5936,247,24.5,23.49,0.01788,0.92,30.0,0.525,1571.45,875.49,695.95,496.93,0.557
5937,247,27.0,24.83,0.01895,0.84,182.0,1.0,2777.32,1681.15,1096.17,860.08,0.605
5938,247,28.0,25.06,0.0189,0.79,355.0,1.0,3047.09,1956.31,1090.78,890.08,0.642
5939,247,29.4,24.8,0.01787,0.69,504.0,1.0,3212.93,2221.72,991.2,850.19,0.691
5940,247,29.7,25.07,0.01819,0.69,611.0,1.0,3399.5,2377.09,1022.4,888.4,0.699
5941,247,30.0,25.5,0.01881,0.7,668.0,1.0,3551.01,2468.16,1082.85,952.64,0.695
5942,247,30.1,25.26,0.01839,0.68,671.0,1.0,3520.89,2479.49,1041.41,919.23,0.704
5943,247,31.0,26.41,0.02,0.7,618.0,1.0,3658.08,2460.01,1198.07,1089.99,0.672
5944,247,30.0,25.5,0.01885,0.7,517.0,1.0,3367.8,2281.2,1086.59,955.97,0.677
5945,247,30.7,25.8,0.01909,0.68,372.0,1.0,3242.37,2132.74,1109.64,1000.84,0.658
5946,247,29.8,25.64,0.0192,0.72,200.0,1.0,2987.59,1867.32,1120.27,978.98,0.625
5947,247,29.0,24.59,0.01777,0.7,42.0,0.5,1744.54,1072.8,671.74,592.03,0.615
5948,247,28.0,25.2,0.0192,0.8,0.0,0.05,956.0,490.08,465.92,421.55,0.513
5949,247,28.0,25.79,0.02017,0.84,0.0,0.05,1004.6,489.67,514.93,460.18,0.487
5950,247,27.0,25.53,0.02016,0.89,0.0,0.05,970.71,456.52,514.19,443.58,0.47
5951,247,27.2,25.59,0.02015,0.88,0.0,0.05,975.76,462.15,513.61,446.33,0.474
5952,248,27.0,25.53,0.02016,0.89,0.0,0.05,969.11,454.92,514.19,443.58,0.469
5953,248,27.0,25.53,0.02016,0.89,0.0,0.05,968.4,454.21,514.19,443.58,0.469
5954,248,26.0,25.22,0.02007,0.94,0.0,0.05,930.47,420.79,509.68,424.02,0.452
5955,248,26.0,25.22,0.02007,0.94,0.0,0.05,929.32,419.64,509.68,424.02,0.452
5956,248,26.0,25.22,0.02007,0.94,0.0,0.05,928.32,418.65,509.68,424.02,0.451
5957,248,26.0,25.22,0.02007,0.94,0.0,0.05,927.46,417.79,509.68,424.02,0.45
5958,248,25.0,25.0,0.02012,1.0,0.0,0.05,896.51,384.24,512.27,410.05,0.429
5959,248,25.0,25.0,0.02012,1.0,0.0,0.05,895.24,382.97,512.27,410.05,0.428
5960,248,25.8,25.29,0.02024,0.96,40.0,0.525,1823.05,953.22,869.83,678.67,0.523
5961,248,27.0,26.21,0.02131,0.94,239.0,1.0,3088.9,1763.74,1325.16,1063.87,0.571
5962,248,29.0,26.75,0.02138,0.84,135.0,1.0,3065.83,1733.91,1331.93,1139.51,0.566
5963,248,30.0,25.51,0.01878,0.7,192.0,1.0,2939.31,1860.18,1079.13,949.33,0.633
5964,248,31.0,26.42,0.01994,0.7,232.0,1.0,3157.17,1965.06,1192.11,1084.69,0.622
5965,248,31.0,25.22,0.01789,0.63,254.0,1.0,2988.29,1995.6,992.68,907.19,0.668
5966,248,31.0,25.74,0.01878,0.66,255.0,1.0,3078.75,1998.9,1079.86,984.78,0.649
5967,248,31.0,25.22,0.01791,0.63,235.0,1.0,2969.43,1974.98,994.45,908.77,0.665
5968,248,25.0,23.59,0.01784,0.89,517.0,1.0,3016.94,2028.58,988.36,694.51,0.672
5969,248,25.0,23.59,0.01784,0.89,141.0,1.0,2532.2,1543.84,988.36,694.51,0.61
5970,248,25.0,23.59,0.01784,0.89,126.0,1.0,2510.85,1522.49,988.36,694.51,0.606
5971,248,25.0,23.59,0.01786,0.89,34.0,0.5,1569.41,890.8,678.6,498.23,0.568
5972,248,24.7,23.95,0.01855,0.94,0.0,0.05,808.1,375.1,433.0,342.77,0.464
5973,248,25.0,23.59,0.01784,0.89,0.0,0.05,780.71,383.39,397.31,319.44,0.491
5974,248,25.0,24.24,0.01886,0.94,0.0,0.05,830.74,382.24,448.49,359.78,0.46
5975,248,24.6,23.97,0.0186,0.95,0.0,0.05,803.66,368.13,435.53,343.16,0.458
5976,249,24.0,24.0,0.0189,1.0,0.0,0.05,797.82,347.34,450.48,345.34,0.435
5977,249,24.0,24.0,0.0189,1.0,0.0,0.05,796.49,346.0,450.48,345.34,0.434
5978,249,24.3,23.68,0.01826,0.95,0.0,0.05,773.02,354.69,418.32,324.8,0.459
5979,249,24.0,23.26,0.01773,0.94,0.0,0.05,735.65,344.05,391.6,298.93,0.468
5980,249,24.0,23.26,0.01775,0.94,0.0,0.05,735.68,343.16,392.52,299.65,0.466
5981,249,24.0,23.26,0.01775,0.94,0.0,0.05,734.91,342.4,392.52,299.65,0.466
5982,249,24.0,23.26,0.01775,0.94,0.0,0.05,734.25,341.73,392.52,299.65,0.465
5983,249,24.0,23.26,0.01773,0.94,0.0,0.05,732.77,341.16,391.6,298.93,0.466
5984,249,24.4,23.65,0.01817,0.94,31.0,0.525,1591.4,874.18,717.22,512.58,0.549
5985,249,26.0,24.56,0.01893,0.89,184.0,1.0,2727.46,1633.46,1094.01,823.34,0.599
5986,249,28.0,25.79,0.02013,0.84,357.0,1.0,3170.24,1959.41,1210.83,996.92,0.618
5987,249,29.7,25.87,0.01955,0.74,506.0,1.0,3394.84,2240.24,1154.61,1006.06,0.66
5988,249,31.0,26.42,0.01994,0.7,691.0,1.0,3739.5,2547.39,1192.11,1084.69,0.681
5989,249,31.0,25.74,0.01878,0.66,825.0,1.0,3802.32,2722.47,1079.86,984.78,0.716
5990,249,31.0,24.5,0.01675,0.59,883.0,1.0,3682.23,2799.63,882.6,809.22,0.76
5991,249,30.0,25.5,0.01885,0.7,848.0,1.0,3792.11,2705.51,1086.59,955.97,0.713
5992,249,31.0,25.21,0.01794,0.63,731.0,1.0,3606.49,2608.48,998.01,911.93,0.723
5993,249,29.6,24.81,0.01789,0.68,537.0,1.0,3282.07,2289.26,992.81,858.58,0.698
5994,249,29.3,24.86,0.0181,0.7,287.0,1.0,2967.68,1953.85,1013.84,866.85,0.658
5995,249,29.0,24.59,0.01777,0.7,59.0,0.5,1766.67,1094.93,671.74,592.03,0.62
5996,249,28.7,24.79,0.01822,0.73,0.0,0.05,929.76,513.32,416.44,393.75,0.552
5997,249,28.3,25.04,0.01878,0.77,0.0,0.05,944.63,500.19,444.44,409.42,0.53
5998,249,28.0,25.06,0.01893,0.79,0.0,0.05,942.55,490.1,452.45,410.93,0.52
5999,249,28.2,25.69,0.01989,0.82,0.0,0.05,997.15,496.25,500.9,452.32,0.498
6000,250,28.0,25.06,0.01892,0.79,0.0,0.05,940.94,489.46,451.48,410.17,0.52
6001,250,27.0,25.53,0.02016,0.89,0.0,0.05,970.52,456.33,514.19,443.58,0.47
6002,250,26.7,25.1,0.01956,0.88,0.0,0.05,929.83,445.59,484.24,415.17,0.479
6003,250,26.8,25.34,0.01991,0.89,0.0,0.05,949.82,447.91,501.91,430.7,0.472
6004,250,27.0,25.53,0.02016,0.89,0.0,0.05,967.88,453.7,514.19,443.58,0.469
6005,250,26.3,25.52,0.02044,0.94,0.0,0.05,958.59,430.19,528.4,443.58,0.449
6006,250,26.1,25.45,0.02041,0.95,0.0,0.05,949.81,422.73,527.09,439.34,0.445
6007,250,26.0,25.22,0.02005,0.94,0.0,0.05,927.18,418.54,508.64,423.2,0.451
6008,250,26.0,25.49,0.02049,0.96,32.0,0.525,1842.63,954.41,888.23,699.48,0.518
6009,250,21.0,21.0,0.01565,1.0,187.0,1.0,2269.96,1494.56,775.39,470.15,0.658
6010,250,22.0,21.29,0.01564,0.94,361.0,1.0,2505.17,1730.81,774.36,469.23,0.691
6011,250,23.4,22.91,0.01742,0.96,509.0,1.0,2888.97,1941.55,947.42,623.26,0.672
6012,250,25.0,23.59,0.01781,0.89,615.0,1.0,3122.65,2137.82,984.83,691.36,0.685
6013,250,27.0,24.83,0.01897,0.84,671.0,1.0,3410.71,2312.65,1098.05,861.75,0.678
6014,250,27.5,24.14,0.01766,0.76,674.0,1.0,3313.58,2343.37,970.21,765.37,0.707
6015,250,28.0,24.3,0.01772,0.74,621.0,1.0,3278.88,2302.42,976.46,788.33,0.702
6016,250,28.0,23.68,0.01674,0.7,518.0,1.0,3052.51,2171.68,880.82,703.22,0.711
6017,250,28.2,24.49,0.01795,0.74,371.0,1.0,2993.66,1994.64,999.02,815.37,0.666
6018,250,28.0,24.3,0.01774,0.74,198.0,1.0,2741.78,1763.56,978.22,789.9,0.643
6019,250,21.0,21.0,0.01572,1.0,40.0,0.5,1325.82,803.0,522.82,340.47,0.606
6020,250,27.1,23.77,0.01727,0.76,0.0,0.05,816.84,448.4,368.43,330.3,0.549
6021,250,27.0,24.12,0.01785,0.79,0.0,0.05,843.27,445.81,397.46,351.58,0.529
6022,250,26.0,23.88,0.01789,0.84,0.0,0.05,813.23,413.53,399.7,337.33,0.509
6023,250,26.0,23.88,0.01787,0.84,0.0,0.05,812.14,413.36,398.78,336.61,0.509
6024,251,27.0,24.12,0.01783,0.79,0.0,0.05,842.57,446.03,396.54,350.86,0.529
6025,251,25.0,23.59,0.01784,0.89,0.0,0.05,778.22,380.91,397.31,319.44,0.489
6026,251,24.8,23.66,0.01805,0.91,0.0,0.05,781.37,373.54,407.83,324.53,0.478
6027,251,25.0,23.59,0.01786,0.89,0.0,0.05,777.5,379.27,398.23,320.17,0.488
6028,251,25.0,23.59,0.01786,0.89,0.0,0.05,776.91,378.68,398.23,320.17,0.487
6029,251,24.5,23.75,0.01832,0.94,0.0,0.05,783.3,361.77,421.54,330.53,0.462
6030,251,25.0,23.59,0.01786,0.89,0.0,0.05,775.65,377.42,398.23,320.17,0.487
6031,251,27.0,24.83,0.01899,0.84,0.0,0.05,897.95,442.69,455.26,397.14,0.493
6032,251,26.5,25.32,0.02001,0.91,32.0,0.05,974.93,468.29,506.65,429.64,0.48
6033,251,28.0,25.79,0.02017,0.84,255.0,0.15,1500.96,912.36,588.6,517.05,0.608
6034,251,29.0,26.74,0.02142,0.84,534.0,0.15,1964.16,1306.39,657.77,590.86,0.665
6035,251,30.1,26.88,0.02116,0.78,768.0,0.15,2290.13,1646.62,643.51,599.14,0.719
6036,251,31.0,26.41,0.01998,0.7,914.0,0.15,2445.37,1867.46,577.91,562.39,0.764
6037,251,31.0,26.41,0.02,0.7,918.0,0.15,2454.14,1875.09,579.05,563.31,0.764
6038,251,28.5,24.29,0.01752,0.71,675.0,0.15,1920.0,1478.59,441.41,407.26,0.77
6039,251,27.0,24.83,0.01903,0.84,620.0,0.15,1881.46,1356.18,525.27,447.96,0.721
6040,251,31.0,25.73,0.01886,0.66,516.0,0.05,1695.73,1247.02,448.72,456.02,0.735
6041,251,29.7,25.71,0.01938,0.73,369.0,0.05,1492.61,1017.73,474.89,455.83,0.682
6042,251,29.0,25.99,0.02017,0.79,257.0,0.05,1366.57,851.95,514.62,475.94,0.623
6043,251,28.0,25.79,0.02023,0.84,56.0,0.05,1079.68,561.61,518.07,462.65,0.52
6044,251,28.5,25.67,0.01983,0.8,0.0,0.05,1003.33,505.82,497.51,454.45,0.504
6045,251,29.0,25.99,0.02015,0.79,0.0,0.05,1035.79,522.22,513.57,475.12,0.504
6046,251,28.0,25.79,0.02019,0.84,0.0,0.05,1005.69,489.72,515.97,461.0,0.487
6047,251,28.2,25.24,0.01916,0.79,0.0,0.05,959.93,495.93,464.01,423.24,0.517
6048,252,28.0,25.06,0.01893,0.79,0.0,0.05,941.63,489.18,452.45,410.93,0.52
6049,252,28.0,25.79,0.02017,0.84,0.0,0.05,1003.83,488.9,514.93,460.18,0.487
6050,252,27.0,25.53,0.02018,0.89,0.0,0.05,971.08,455.85,515.23,444.41,0.469
6051,252,27.0,25.53,0.02018,0.89,0.0,0.05,970.24,455.01,515.23,444.41,0.469
6052,252,27.0,25.53,0.02018,0.89,0.0,0.05,969.52,454.29,515.23,444.41,0.469
6053,252,26.6,25.55,0.02038,0.92,0.0,0.05,965.95,440.55,525.4,446.02,0.456
6054,252,26.0,25.22,0.02009,0.94,0.0,0.05,930.79,420.08,510.71,424.84,0.451
6055,252,26.0,25.22,0.02007,0.94,0.0,0.05,928.7,419.02,509.68,424.02,0.451
6056,252,25.7,25.45,0.02055,0.98,33.0,0.05,984.53,450.6,533.93,438.34,0.458
6057,252,25.0,22.79,0.01657,0.83,158.0,0.15,1078.59,689.37,389.22,302.18,0.639
6058,252,25.0,23.59,0.01781,0.89,229.0,0.15,1236.68,779.17,457.52,357.3,0.63
6059,252,24.3,23.8,0.01842,0.96,194.0,0.15,1200.29,708.82,491.47,372.11,0.591
6060,252,24.0,24.0,0.01888,1.0,390.0,0.15,1465.22,948.4,516.81,387.16,0.647
6061,252,27.0,25.53,0.02016,0.89,562.0,0.15,1859.79,1272.0,587.79,498.41,0.684
6062,252,27.2,23.56,0.01689,0.74,676.0,0.15,1832.49,1425.85,406.64,355.82,0.778
6063,252,27.1,23.77,0.01725,0.76,622.0,0.15,1780.66,1353.81,426.86,370.33,0.76
6064,252,27.0,24.12,0.01786,0.79,517.0,0.05,1508.24,1109.86,398.38,352.31,0.736
6065,252,27.4,24.05,0.01759,0.76,370.0,0.05,1319.17,934.83,384.34,347.64,0.709
6066,252,28.0,24.3,0.01774,0.74,196.0,0.05,1123.97,731.92,392.04,363.32,0.651
6067,252,28.0,24.3,0.01774,0.74,38.0,0.05,922.19,530.15,392.04,363.32,0.575
6068,252,27.1,24.64,0.01868,0.82,0.0,0.05,892.0,452.65,439.35,386.19,0.507
6069,252,27.0,24.83,0.01901,0.84,0.0,0.05,905.72,449.48,456.24,397.91,0.496
6070,252,26.0,24.56,0.01897,0.89,0.0,0.05,870.83,416.7,454.13,380.24,0.479
6071,252,25.9,24.46,0.01885,0.89,0.0,0.05,861.13,412.82,448.31,374.05,0.479
6072,253,26.0,24.56,0.01897,0.89,0.0,0.05,869.66,415.53,454.13,380.24,0.478
6073,253,26.0,24.56,0.01897,0.89,0.0,0.05,869.22,415.09,454.13,380.24,0.478
6074,253,25.5,24.73,0.01946,0.94,0.0,0.05,877.46,398.31,479.15,391.95,0.454
6075,253,25.0,24.24,0.01888,0.94,0.0,0.05,830.73,381.27,449.46,360.55,0.459
6076,253,25.0,25.0,0.02012,1.0,0.0,0.05,892.68,380.41,512.27,410.05,0.426
6077,253,25.2,24.69,0.01955,0.96,0.0,0.05,869.65,386.22,483.42,390.52,0.444
6078,253,25.0,25.0,0.02012,1.0,0.0,0.05,891.41,379.14,512.27,410.05,0.425
6079,253,25.0,25.0,0.02012,1.0,0.0,0.05,890.84,378.57,512.27,410.05,0.425
6080,253,25.0,25.0,0.0201,1.0,51.0,0.525,1789.23,929.76,859.47,649.48,0.52
6081,253,27.0,26.21,0.02131,0.94,273.0,1.0,3128.73,1803.57,1325.16,1063.87,0.576
6082,253,29.0,26.0,0.02006,0.79,362.0,1.0,3226.03,2021.81,1204.22,1025.85,0.627
6083,253,29.0,25.23,0.01875,0.74,512.0,1.0,3293.26,2216.22,1077.04,912.66,0.673
6084,253,30.0,26.31,0.0202,0.75,617.0,1.0,3622.0,2404.24,1217.76,1072.71,0.664
6085,253,31.0,26.41,0.02,0.7,255.0,1.0,3191.68,1993.61,1198.07,1089.99,0.625
6086,253,31.8,26.62,0.02006,0.67,673.0,1.0,3776.99,2573.52,1203.47,1122.65,0.681
6087,253,30.0,24.16,0.01666,0.62,623.0,1.0,3292.27,2419.12,873.15,766.0,0.735
6088,253,30.0,24.15,0.01667,0.62,517.0,1.0,3159.09,2284.29,874.8,767.47,0.723
6089,253,29.4,25.12,0.0185,0.71,368.0,1.0,3115.41,2063.19,1052.22,904.49,0.662
6090,253,29.0,25.99,0.02017,0.79,194.0,1.0,3034.07,1819.84,1214.23,1034.76,0.6
6091,253,28.5,25.67,0.01983,0.8,28.0,0.5,1856.19,1034.78,821.41,707.21,0.557
6092,253,28.0,24.3,0.01776,0.74,0.0,0.05,883.42,490.46,392.96,364.04,0.555
6093,253,28.0,25.05,0.01897,0.79,0.0,0.05,944.41,490.0,454.41,412.48,0.519
6094,253,28.0,25.79,0.02021,0.84,0.0,0.05,1006.62,489.61,517.02,461.83,0.486
6095,253,28.0,25.79,0.02019,0.84,0.0,0.05,1005.24,489.27,515.97,461.0,0.487
6096,254,28.0,25.79,0.02019,0.84,0.0,0.05,1004.94,488.97,515.97,461.0,0.487
6097,254,28.0,25.79,0.02021,0.84,0.0,0.05,1005.73,488.72,517.02,461.83,0.486
6098,254,28.0,25.79,0.02021,0.84,0.0,0.05,1005.51,488.5,517.02,461.83,0.486
6099,254,27.0,25.53,0.0202,0.89,0.0,0.05,971.77,455.5,516.27,445.23,0.469
6100,254,27.0,25.53,0.02022,0.89,0.0,0.05,972.03,454.71,517.32,446.05,0.468
6101,254,27.0,25.53,0.02022,0.89,0.0,0.05,971.35,454.03,517.32,446.05,0.467
6102,254,27.0,26.21,0.02137,0.94,0.0,0.05,1028.99,453.45,575.54,491.95,0.441
6103,254,27.0,25.53,0.0202,0.89,0.0,0.05,969.21,452.94,516.27,445.23,0.467
6104,254,28.0,25.79,0.02021,0.84,34.0,0.525,1911.32,1043.38,867.94,732.95,0.546
6105,254,29.0,26.74,0.02146,0.84,72.0,1.0,2998.9,1658.43,1340.47,1147.11,0.553
6106,254,30.0,26.31,0.02024,0.75,476.0,1.0,3450.87,2229.08,1221.79,1076.29,0.646
6107,254,29.9,26.53,0.02068,0.77,767.0,1.0,3862.58,2598.53,1264.05,1110.43,0.673
6108,254,31.0,26.41,0.02002,0.7,919.0,1.0,4051.43,2851.37,1200.06,1091.76,0.704
6109,254,32.0,26.8,0.02031,0.67,990.0,1.0,4224.12,2995.68,1228.45,1151.84,0.709
6110,254,30.0,25.5,0.01891,0.7,976.0,1.0,3968.78,2876.54,1092.23,960.99,0.725
6111,254,31.0,25.73,0.01888,0.66,813.0,1.0,3808.8,2719.58,1089.22,993.11,0.714
6112,254,30.0,25.17,0.01837,0.68,729.0,1.0,3601.27,2561.29,1039.98,914.48,0.711
6113,254,29.0,24.75,0.0181,0.71,541.0,1.0,3282.36,2268.84,1013.52,856.12,0.691
6114,254,28.0,25.79,0.02028,0.84,290.0,1.0,3119.83,1894.91,1224.92,1009.47,0.607
6115,254,27.0,25.53,0.02024,0.89,48.0,0.5,1851.72,1000.31,851.41,695.42,0.54
6116,254,26.0,24.56,0.01905,0.89,0.0,0.05,884.08,426.02,458.06,383.33,0.482
6117,254,26.0,24.56,0.01903,0.89,0.0,0.05,881.23,424.16,457.08,382.56,0.481
6118,254,26.0,24.56,0.01903,0.89,0.0,0.05,879.62,422.55,457.08,382.56,0.48
6119,254,26.0,24.56,0.01901,0.89,0.0,0.05,877.25,421.16,456.09,381.78,0.48
6120,255,26.0,25.22,0.02011,0.94,0.0,0.05,931.71,419.96,511.75,425.66,0.451
6121,255,26.0,25.22,0.02011,0.94,0.0,0.05,930.67,418.92,511.75,425.66,0.45
6122,255,25.5,24.99,0.01995,0.96,0.0,0.05,905.44,401.62,503.82,411.4,0.444
6123,255,25.0,25.0,0.02018,1.0,0.0,0.05,899.53,384.13,515.4,412.52,0.427
6124,255,25.0,25.0,0.02018,1.0,0.0,0.05,898.28,382.88,515.4,412.52,0.426
6125,255,25.3,25.05,0.02013,0.98,0.0,0.05,904.58,391.64,512.94,415.39,0.433
6126,255,25.0,24.24,0.01893,0.94,0.0,0.05,833.44,381.05,452.39,362.86,0.457
6127,255,25.0,25.0,0.02016,1.0,0.0,0.05,894.57,380.22,514.35,411.69,0.425
6128,255,25.6,24.96,0.01984,0.95,46.0,0.525,1790.35,950.1,840.25,648.29,0.531
6129,255,28.0,26.5,0.02144,0.89,250.0,1.0,3165.01,1827.28,1337.73,1109.87,0.577
6130,255,30.0,26.94,0.02136,0.79,477.0,1.0,3553.3,2222.94,1330.36,1172.93,0.626
6131,255,30.2,26.49,0.02049,0.75,672.0,1.0,3731.0,2485.74,1245.27,1104.15,0.666
6132,255,31.0,26.41,0.02,0.7,788.0,1.0,3876.04,2677.97,1198.07,1089.99,0.691
6133,255,31.0,26.41,0.02002,0.7,830.0,1.0,3934.26,2734.2,1200.06,1091.76,0.695
6134,255,31.0,26.41,0.02004,0.7,798.0,1.0,3897.25,2695.2,1202.06,1093.54,0.692
6135,255,31.0,26.41,0.02004,0.7,700.0,1.0,3773.31,2571.26,1202.06,1093.54,0.681
6136,255,30.0,25.5,0.01891,0.7,550.0,1.0,3421.0,2328.77,1092.23,960.99,0.681
6137,255,29.2,24.45,0.0175,0.68,368.0,1.0,3010.21,2054.73,955.48,811.43,0.683
6138,255,29.0,25.99,0.02019,0.79,193.0,1.0,3036.28,1820.04,1216.25,1036.56,0.599
6139,255,28.0,25.05,0.01899,0.79,36.0,0.5,1786.29,1025.47,760.82,643.09,0.574
6140,255,28.0,25.79,0.02023,0.84,0.0,0.05,1009.32,491.25,518.07,462.65,0.487
6141,255,28.0,25.79,0.02021,0.84,0.0,0.05,1007.71,490.69,517.02,461.83,0.487
6142,255,28.0,25.79,0.02021,0.84,0.0,0.05,1007.22,490.2,517.02,461.83,0.487
6143,255,27.9,25.69,0.02007,0.84,0.0,0.05,996.35,486.5,509.85,454.58,0.488
6144,256,28.0,25.79,0.02021,0.84,0.0,0.05,1006.37,489.35,517.02,461.83,0.486
6145,256,28.0,25.79,0.02021,0.84,0.0,0.05,1006.06,489.05,517.02,461.83,0.486
6146,256,27.5,25.87,0.02058,0.88,0.0,0.05,1007.81,472.38,535.43,468.33,0.469
6147,256,28.0,26.5,0.02146,0.89,0.0,0.05,1068.11,488.24,579.87,511.37,0.457
6148,256,28.0,25.79,0.02021,0.84,0.0,0.05,1005.1,488.09,517.02,461.83,0.486
6149,256,27.0,25.53,0.02018,0.89,0.0,0.05,970.37,455.14,515.23,444.41,0.469
6150,256,27.0,25.53,0.02018,0.89,0.0,0.05,969.64,454.41,515.23,444.41,0.469
6151,256,27.0,25.53,0.02018,0.89,0.0,0.05,969.0,453.77,515.23,444.41,0.468
6152,256,28.0,25.93,0.02044,0.85,36.0,0.525,1931.41,1046.66,884.75,747.32,0.542
6153,256,29.0,26.0,0.0201,0.79,193.0,1.0,3022.48,1814.26,1208.21,1029.41,0.6
6154,256,30.0,26.31,0.02022,0.75,366.0,1.0,3308.29,2088.52,1219.77,1074.5,0.631
6155,256,30.3,26.75,0.02087,0.76,514.0,1.0,3577.75,2295.11,1282.63,1140.89,0.641
6156,256,30.0,26.31,0.02024,0.75,620.0,1.0,3638.67,2416.88,1221.79,1076.29,0.664
6157,256,32.0,26.1,0.01904,0.63,676.0,1.0,3697.88,2592.84,1105.03,1042.0,0.701
6158,256,31.5,25.65,0.01849,0.63,676.0,1.0,3620.8,2569.08,1051.72,977.14,0.71
6159,256,31.0,25.73,0.01886,0.66,621.0,1.0,3561.53,2474.19,1087.34,991.44,0.695
6160,256,29.9,25.57,0.01906,0.71,515.0,1.0,3388.79,2282.4,1106.39,970.11,0.674
6161,256,28.8,25.35,0.01915,0.76,366.0,1.0,3149.74,2034.65,1115.09,939.56,0.646
6162,256,29.0,25.22,0.01885,0.74,192.0,1.0,2907.58,1821.21,1086.38,920.97,0.626
6163,256,29.0,25.99,0.02017,0.79,35.0,0.5,1914.03,1068.02,846.01,740.65,0.558
6164,256,28.1,25.0,0.01884,0.78,0.0,0.05,944.6,496.99,447.61,408.72,0.526
6165,256,28.0,25.79,0.02021,0.84,0.0,0.05,1009.89,492.87,517.02,461.83,0.488
6166,256,28.0,25.79,0.02019,0.84,0.0,0.05,1008.06,492.09,515.97,461.0,0.488
6167,256,27.0,25.53,0.02016,0.89,0.0,0.05,972.79,458.6,514.19,443.58,0.471
6168,257,27.0,24.12,0.01785,0.79,0.0,0.05,854.86,457.4,397.46,351.58,0.535
6169,257,27.0,25.53,0.02018,0.89,0.0,0.05,971.58,456.35,515.23,444.41,0.47
6170,257,26.8,25.47,0.02019,0.9,0.0,0.05,964.55,448.89,515.66,441.54,0.465
6171,257,27.0,25.53,0.0202,0.89,0.0,0.05,970.82,454.55,516.27,445.23,0.468
6172,257,27.0,25.53,0.0202,0.89,0.0,0.05,970.16,453.89,516.27,445.23,0.468
6173,257,26.3,25.65,0.02071,0.95,0.0,0.05,972.24,430.36,541.89,454.21,0.443
6174,257,26.0,25.22,0.02009,0.94,0.0,0.05,930.3,419.59,510.71,424.84,0.451
6175,257,26.0,25.22,0.02009,0.94,0.0,0.05,929.31,418.6,510.71,424.84,0.45
6176,257,26.3,25.78,0.02089,0.96,37.0,0.525,1891.32,973.53,917.79,732.39,0.515
6177,257,28.0,26.5,0.02141,0.89,194.0,1.0,3096.17,1760.58,1335.59,1107.97,0.569
6178,257,30.0,26.31,0.02022,0.75,368.0,1.0,3307.33,2087.56,1219.77,1074.5,0.631
6179,257,30.5,26.29,0.01997,0.72,516.0,1.0,3500.23,2304.95,1195.27,1070.1,0.659
6180,257,31.0,26.41,0.01998,0.7,813.0,1.0,3909.62,2713.54,1196.08,1088.22,0.694
6181,257,31.0,25.21,0.01794,0.63,257.0,1.0,3000.25,2002.24,998.01,911.93,0.667
6182,257,32.0,23.45,0.01471,0.49,985.0,1.0,3673.15,2989.28,683.87,667.15,0.814
6183,257,32.0,25.37,0.0178,0.59,932.0,1.0,3907.45,2923.33,984.12,934.38,0.748
6184,257,31.0,25.73,0.01886,0.66,744.0,1.0,3719.67,2632.33,1087.34,991.44,0.708
6185,257,31.0,23.2,0.01476,0.52,482.0,1.0,2986.28,2297.16,689.12,637.02,0.769
6186,257,31.0,21.44,0.01216,0.43,253.0,1.0,2440.0,2004.19,435.81,411.57,0.821
6187,257,29.0,23.94,0.01676,0.66,13.0,0.5,1640.87,1042.37,598.5,529.57,0.635
6188,257,28.8,24.73,0.01811,0.72,0.0,0.05,932.94,522.17,410.76,390.88,0.56
6189,257,28.4,24.67,0.01819,0.74,0.0,0.05,923.05,508.35,414.7,387.58,0.551
6190,257,28.0,25.05,0.01897,0.79,0.0,0.05,948.78,494.37,454.41,412.48,0.521
6191,257,28.3,24.73,0.01829,0.75,0.0,0.05,923.26,503.23,420.03,390.18,0.545
6192,258,28.0,25.06,0.01895,0.79,0.0,0.05,946.15,492.72,453.43,411.7,0.521
6193,258,28.0,25.06,0.01895,0.79,0.0,0.05,945.39,491.95,453.43,411.7,0.52
6194,258,27.5,24.88,0.01889,0.81,0.0,0.05,925.16,474.89,450.27,401.2,0.513
6195,258,27.0,24.83,0.01903,0.84,0.0,0.05,914.83,457.61,457.22,398.68,0.5
6196,258,27.0,24.83,0.01903,0.84,0.0,0.05,913.76,456.53,457.22,398.68,0.5
6197,258,27.4,24.34,0.01808,0.78,0.0,0.05,878.05,468.73,409.32,367.33,0.534
6198,258,27.0,24.83,0.01903,0.84,0.0,0.05,912.28,455.06,457.22,398.68,0.499
6199,258,27.0,24.83,0.01903,0.84,0.0,0.05,911.55,454.33,457.22,398.68,0.498
6200,258,28.0,25.79,0.02021,0.84,37.0,0.05,1050.99,533.97,517.02,461.83,0.508
6201,258,29.0,26.0,0.02012,0.79,195.0,0.15,1465.78,879.81,585.97,532.92,0.6
6202,258,30.0,26.31,0.02024,0.75,369.0,0.15,1731.04,1138.48,592.57,556.23,0.658
6203,258,30.2,26.33,0.02018,0.74,517.0,0.15,1925.67,1336.49,589.18,557.09,0.694
6204,258,31.0,25.73,0.01882,0.66,767.0,0.15,2199.98,1686.18,513.8,510.65,0.766
6205,258,32.0,26.8,0.02029,0.67,926.0,0.15,2521.64,1926.43,595.21,594.34,0.764
6206,258,32.5,24.46,0.01611,0.52,983.0,0.15,2382.4,2018.87,363.53,416.36,0.847
6207,258,32.0,23.45,0.01473,0.49,895.0,0.15,2177.39,1890.58,286.81,345.45,0.868
6208,258,32.0,23.45,0.01473,0.49,731.0,0.05,1805.32,1565.4,239.93,307.45,0.867
6209,258,32.0,23.45,0.01473,0.49,511.0,0.05,1524.34,1284.41,239.93,307.45,0.843
6210,258,31.0,24.5,0.01681,0.59,261.0,0.05,1276.95,931.97,344.98,374.25,0.73
6211,258,30.0,25.5,0.01891,0.7,45.0,0.05,1073.64,622.39,451.26,442.01,0.58
6212,258,29.1,25.47,0.01925,0.75,0.0,0.05,1003.01,534.76,468.25,440.99,0.533
6213,258,29.0,25.22,0.01885,0.74,0.0,0.05,978.81,530.59,448.22,423.6,0.542
6214,258,28.0,25.79,0.02021,0.84,0.0,0.05,1013.98,496.96,517.02,461.83,0.49
6215,258,28.4,25.43,0.01941,0.79,0.0,0.05,985.43,508.74,476.69,436.44,0.516
6216,259,28.0,25.05,0.01897,0.79,0.0,0.05,949.12,494.71,454.41,412.48,0.521
6217,259,28.0,25.79,0.02021,0.84,0.0,0.05,1010.7,493.68,517.02,461.83,0.488
6218,259,27.5,25.59,0.0201,0.86,0.0,0.05,987.43,476.38,511.05,449.12,0.482
6219,259,28.0,25.79,0.02021,0.84,0.0,0.05,1008.72,491.7,517.02,461.83,0.487
6220,259,27.0,25.53,0.02022,0.89,0.0,0.05,975.59,458.27,517.32,446.05,0.47
6221,259,27.4,25.21,0.01952,0.84,0.0,0.05,951.99,470.23,481.76,424.43,0.494
6222,259,27.0,25.53,0.0202,0.89,0.0,0.05,972.63,456.35,516.27,445.23,0.469
6223,259,27.0,24.83,0.01903,0.84,0.0,0.05,912.67,455.45,457.22,398.68,0.499
6224,259,27.7,25.93,0.02058,0.87,38.0,0.05,1062.09,526.38,535.72,471.76,0.496
6225,259,29.0,26.0,0.02012,0.79,222.0,0.15,1501.06,915.09,585.97,532.92,0.61
6226,259,29.0,26.0,0.02012,0.79,456.0,0.15,1801.82,1215.85,585.97,532.92,0.675
6227,259,30.7,26.63,0.02052,0.73,678.0,0.15,2168.1,1560.27,607.83,581.14,0.72
6228,259,31.0,25.73,0.01884,0.66,768.0,0.15,2202.52,1687.65,514.87,511.51,0.766
6229,259,31.0,25.73,0.01884,0.66,766.0,0.15,2201.45,1686.58,514.87,511.51,0.766
6230,259,31.3,25.83,0.0189,0.65,677.0,0.15,2102.05,1584.14,517.91,519.36,0.754
6231,259,31.0,25.73,0.01888,0.66,898.0,0.15,2375.5,1858.48,517.01,513.24,0.782
6232,259,31.0,24.5,0.01682,0.59,745.0,0.05,1894.77,1548.92,345.84,374.93,0.817
6233,259,31.0,25.21,0.018,0.63,527.0,0.05,1675.21,1270.1,405.1,421.64,0.758
6234,259,30.0,24.83,0.0178,0.66,248.0,0.05,1275.25,880.12,395.13,397.77,0.69
6235,259,29.0,25.22,0.01887,0.74,12.0,0.05,993.77,544.58,449.19,424.37,0.548
6236,259,29.0,25.99,0.02021,0.79,0.0,0.05,1045.26,528.55,516.71,477.59,0.506
6237,259,29.0,25.99,0.02019,0.79,0.0,0.05,1043.66,528.0,515.66,476.77,0.506
6238,259,29.0,25.99,0.02017,0.79,0.0,0.05,1042.14,527.52,514.62,475.94,0.506
6239,259,29.0,25.99,0.02015,0.79,0.0,0.05,1040.68,527.11,513.57,475.12,0.507
6240,260,28.0,25.05,0.01899,0.79,0.0,0.05,949.34,493.95,455.39,413.25,0.52
6241,260,28.0,25.79,0.02023,0.84,0.0,0.05,1011.08,493.02,518.07,462.65,0.488
6242,260,27.0,25.53,0.02022,0.89,0.0,0.05,976.73,459.41,517.32,446.05,0.47
6243,260,26.0,25.22,0.02013,0.94,0.0,0.05,938.08,425.28,512.8,426.48,0.453
6244,260,26.0,25.22,0.02015,0.94,0.0,0.05,937.36,423.52,513.84,427.3,0.452
6245,260,25.7,24.93,0.01978,0.94,0.0,0.05,907.5,412.16,495.35,407.92,0.454
6246,260,25.3,24.92,0.01994,0.97,0.0,0.05,900.8,397.53,503.27,407.76,0.441
6247,260,25.0,24.24,0.01893,0.94,0.0,0.05,838.54,386.15,452.39,362.86,0.46
6248,260,25.0,25.0,0.02018,1.0,15.0,0.525,1755.69,890.13,865.56,654.69,0.507
6249,260,28.0,25.05,0.01899,0.79,75.0,1.0,2707.05,1606.85,1100.19,898.46,0.594
6250,260,29.0,25.99,0.02015,0.79,141.0,1.0,2956.07,1743.85,1212.22,1032.97,0.59
6251,260,29.4,25.75,0.01955,0.75,520.0,1.0,3406.68,2251.89,1154.79,995.78,0.661
6252,260,29.0,25.99,0.02015,0.79,237.0,1.0,3081.79,1869.57,1212.22,1032.97,0.607
6253,260,29.5,26.16,0.02021,0.77,257.0,1.0,3140.72,1921.93,1218.8,1056.23,0.612
6254,260,30.0,26.31,0.02026,0.75,257.0,1.0,3172.62,1948.82,1223.8,1078.09,0.614
6255,260,29.0,25.22,0.01883,0.74,235.0,1.0,2954.75,1870.25,1084.5,919.3,0.633
6256,260,26.0,25.22,0.02011,0.94,740.0,1.0,3572.39,2363.67,1208.72,925.43,0.662
6257,260,25.0,24.24,0.01891,0.94,138.0,1.0,2630.94,1538.4,1092.53,787.22,0.585
6258,260,26.0,24.56,0.01901,0.89,71.0,1.0,2603.72,1502.18,1101.54,830.05,0.577
6259,260,27.0,24.83,0.01903,0.84,12.0,0.5,1708.9,945.44,763.46,620.42,0.553
6260,260,27.0,24.83,0.01903,0.84,0.0,0.05,908.53,451.31,457.22,398.68,0.497
6261,260,28.0,24.3,0.01774,0.74,0.0,0.05,875.94,483.9,392.04,363.32,0.552
6262,260,27.0,24.83,0.01903,0.84,0.0,0.05,908.75,451.53,457.22,398.68,0.497
6263,260,28.0,25.05,0.01897,0.79,0.0,0.05,938.5,484.09,454.41,412.48,0.516
6264,261,27.0,25.53,0.0202,0.89,0.0,0.05,967.96,451.69,516.27,445.23,0.467
6265,261,28.0,25.79,0.02021,0.84,0.0,0.05,1001.24,484.22,517.02,461.83,0.484
6266,261,27.0,25.53,0.0202,0.89,0.0,0.05,968.08,451.81,516.27,445.23,0.467
6267,261,26.0,25.22,0.02011,0.94,0.0,0.05,930.47,418.72,511.75,425.66,0.45
6268,261,26.0,25.22,0.02011,0.94,0.0,0.05,929.6,417.85,511.75,425.66,0.449
6269,261,26.0,25.22,0.02011,0.94,0.0,0.05,928.85,417.09,511.75,425.66,0.449
6270,261,23.0,22.27,0.01672,0.94,0.0,0.05,674.43,334.04,340.39,258.56,0.495
6271,261,23.0,23.0,0.01781,1.0,0.0,0.05,727.42,331.61,395.81,302.25,0.456
6272,261,23.5,23.01,0.01762,0.96,15.0,0.525,1510.37,834.02,676.35,467.46,0.552
6273,261,24.0,23.26,0.01777,0.94,76.0,1.0,2376.92,1396.03,980.89,653.05,0.587
6274,261,25.0,24.24,0.01888,0.94,142.0,1.0,2620.08,1531.3,1088.78,783.88,0.584
6275,261,26.6,25.01,0.01945,0.88,198.0,1.0,2829.68,1685.47,1144.22,888.91,0.596
6276,261,26.0,24.56,0.01897,0.89,626.0,1.0,3302.07,2204.3,1097.77,826.69,0.668
6277,261,26.0,24.56,0.01897,0.89,258.0,1.0,2830.35,1732.58,1097.77,826.69,0.612
6278,261,26.0,24.56,0.01897,0.89,887.0,1.0,3637.44,2539.67,1097.77,826.69,0.698
6279,261,27.0,24.12,0.01783,0.79,236.0,1.0,2743.35,1756.47,986.89,762.81,0.64
6280,261,27.0,24.12,0.01783,0.79,195.0,1.0,2691.59,1704.7,986.89,762.81,0.633
6281,261,27.0,24.12,0.01783,0.79,363.0,1.0,2907.8,1920.91,986.89,762.81,0.661
6282,261,26.5,24.36,0.01842,0.84,187.0,1.0,2714.78,1669.97,1044.81,796.96,0.615
6283,261,26.0,24.56,0.01897,0.89,31.0,0.5,1681.55,922.53,759.01,591.71,0.549
6284,261,26.0,23.88,0.01787,0.84,0.0,0.05,811.85,413.07,398.78,336.61,0.509
6285,261,25.0,24.24,0.01888,0.94,0.0,0.05,829.62,380.16,449.46,360.55,0.458
6286,261,25.0,23.59,0.01784,0.89,0.0,0.05,776.76,379.45,397.31,319.44,0.489
6287,261,25.0,23.59,0.01784,0.89,0.0,0.05,776.15,378.83,397.31,319.44,0.488
6288,262,25.0,23.59,0.01784,0.89,0.0,0.05,775.61,378.3,397.31,319.44,0.488
6289,262,25.0,23.85,0.01826,0.91,0.0,0.05,795.99,377.84,418.15,335.87,0.475
6290,262,25.0,24.24,0.01888,0.94,0.0,0.05,826.91,377.45,449.46,360.55,0.456
6291,262,25.0,24.24,0.01888,0.94,0.0,0.05,826.57,377.1,449.46,360.55,0.456
6292,262,24.5,23.75,0.0183,0.94,0.0,0.05,781.0,360.4,420.59,329.79,0.461
6293,262,24.0,23.26,0.01775,0.94,0.0,0.05,735.95,343.43,392.52,299.65,0.467
6294,262,25.0,23.59,0.01784,0.89,0.0,0.05,772.75,375.44,397.31,319.44,0.486
6295,262,25.0,23.59,0.01784,0.89,0.0,0.05,772.68,375.37,397.31,319.44,0.486
6296,262,25.0,23.59,0.01784,0.89,53.0,0.525,1622.39,929.56,692.84,506.97,0.573
6297,262,27.0,24.83,0.01899,0.84,200.0,1.0,2807.48,1707.54,1099.94,863.43,0.608
6298,262,29.0,26.0,0.0201,0.79,374.0,1.0,3243.35,2035.14,1208.21,1029.41,0.627
6299,262,29.9,26.22,0.0201,0.75,521.0,1.0,3480.56,2272.42,1208.14,1060.67,0.653
6300,262,30.0,26.31,0.02022,0.75,237.0,1.0,3135.59,1915.82,1219.77,1074.5,0.611
6301,262,30.0,26.31,0.02024,0.75,258.0,1.0,3166.79,1945.01,1221.79,1076.29,0.614
6302,262,30.0,26.31,0.02026,0.75,257.0,1.0,3169.47,1945.67,1223.8,1078.09,0.614
6303,262,31.0,26.41,0.02,0.7,235.0,1.0,3168.8,1970.73,1198.07,1089.99,0.622
6304,262,31.0,26.41,0.02,0.7,669.0,1.0,3727.57,2529.51,1198.07,1089.99,0.679
6305,262,30.0,26.31,0.02024,0.75,472.0,1.0,3448.79,2227.0,1221.79,1076.29,0.646
6306,262,28.0,25.06,0.01895,0.79,243.0,1.0,2927.4,1830.98,1096.42,895.1,0.625
6307,262,28.0,25.06,0.01895,0.79,31.0,0.5,1775.07,1017.06,758.0,640.68,0.573
6308,262,28.0,24.3,0.01772,0.74,0.0,0.05,880.66,489.53,391.13,362.6,0.556
6309,262,28.0,25.79,0.02019,0.84,0.0,0.05,1005.17,489.2,515.97,461.0,0.487
6310,262,27.0,25.53,0.02016,0.89,0.0,0.05,970.29,456.11,514.19,443.58,0.47
6311,262,27.0,25.53,0.02016,0.89,0.0,0.05,969.43,455.24,514.19,443.58,0.47
6312,263,27.0,25.53,0.02016,0.89,0.0,0.05,968.67,454.49,514.19,443.58,0.469
6313,263,27.0,25.53,0.02016,0.89,0.0,0.05,968.02,453.84,514.19,443.58,0.469
6314,263,27.1,25.76,0.02054,0.9,0.0,0.05,989.88,456.56,533.32,460.27,0.461
6315,263,27.0,26.21,0.02135,0.94,0.0,0.05,1027.29,452.85,574.44,491.07,0.441
6316,263,27.0,26.21,0.02135,0.94,0.0,0.05,1026.86,452.43,574.44,491.07,0.441
6317,263,26.3,25.91,0.02113,0.97,0.0,0.05,992.64,429.09,563.55,471.29,0.432
6318,263,26.0,25.22,0.02009,0.94,0.0,0.05,929.21,418.49,510.71,424.84,0.45
6319,263,26.0,25.22,0.02007,0.94,0.0,0.05,927.33,417.66,509.68,424.02,0.45
6320,263,26.0,24.56,0.01897,0.89,41.0,0.525,1741.14,965.19,775.95,603.46,0.554
6321,263,27.0,24.12,0.01783,0.79,202.0,1.0,2705.23,1718.35,986.89,762.81,0.635
6322,263,27.0,24.83,0.01897,0.84,376.0,1.0,3039.67,1941.62,1098.05,861.75,0.639
6323,263,27.8,24.42,0.01796,0.76,524.0,1.0,3172.49,2172.81,999.68,802.04,0.685
6324,263,29.0,24.59,0.01775,0.7,526.0,1.0,3217.04,2237.86,979.18,825.56,0.696
6325,263,29.0,24.59,0.01775,0.7,431.0,1.0,3096.41,2117.23,979.18,825.56,0.684
6326,263,28.2,24.64,0.01818,0.75,257.0,1.0,2875.31,1853.82,1021.49,835.37,0.645
6327,263,28.0,25.79,0.02019,0.84,235.0,1.0,3032.54,1815.7,1216.84,1002.28,0.599
6328,263,27.0,24.83,0.01901,0.84,194.0,1.0,2813.57,1711.74,1101.83,865.11,0.608
6329,263,25.0,24.24,0.01889,0.94,137.0,1.0,2625.66,1535.0,1090.66,785.55,0.585
6330,263,25.0,24.24,0.01889,0.94,70.0,1.0,2538.11,1447.46,1090.66,785.55,0.57
6331,263,25.0,24.24,0.01889,0.94,11.0,0.5,1612.23,858.53,753.7,562.27,0.533
6332,263,24.8,23.92,0.01846,0.93,0.0,0.05,804.44,375.99,428.46,340.79,0.467
6333,263,24.9,24.01,0.01855,0.93,0.0,0.05,811.36,378.11,433.25,346.16,0.466
6334,263,25.0,24.24,0.01888,0.94,0.0,0.05,829.91,380.45,449.46,360.55,0.458
6335,263,25.1,24.34,0.01897,0.94,0.0,0.05,837.34,382.98,454.36,366.01,0.457
6336,264,25.0,24.24,0.01886,0.94,0.0,0.05,827.6,379.11,448.49,359.78,0.458
6337,264,25.0,25.0,0.02012,1.0,0.0,0.05,890.81,378.54,512.27,410.05,0.425
6338,264,25.2,24.95,0.01995,0.98,0.0,0.05,888.23,384.61,503.62,406.43,0.433
6339,264,25.0,25.0,0.02012,1.0,0.0,0.05,890.02,377.75,512.27,410.05,0.424
6340,264,25.0,24.24,0.01888,0.94,0.0,0.05,826.83,377.36,449.46,360.55,0.456
6341,264,25.0,24.24,0.01888,0.94,0.0,0.05,826.5,377.03,449.46,360.55,0.456
6342,264,25.0,24.24,0.01888,0.94,0.0,0.05,826.21,376.75,449.46,360.55,0.456
6343,264,25.0,24.24,0.01888,0.94,0.0,0.05,825.96,376.5,449.46,360.55,0.456
6344,264,26.0,24.83,0.01941,0.91,42.0,0.525,1767.05,958.63,808.42,631.23,0.543
6345,264,27.0,24.83,0.01899,0.84,77.0,1.0,2651.17,1551.23,1099.94,863.43,0.585
6346,264,27.0,25.53,0.02014,0.89,143.0,1.0,2848.29,1636.89,1211.4,962.63,0.575
6347,264,24.0,22.62,0.01676,0.89,200.0,1.0,2439.27,1556.06,883.21,566.11,0.638
6348,264,24.0,22.62,0.01678,0.89,239.0,1.0,2489.83,1604.96,884.87,567.59,0.645
6349,264,26.0,23.88,0.01789,0.84,259.0,1.0,2725.81,1732.86,992.96,733.4,0.636
6350,264,27.0,24.12,0.01785,0.79,258.0,1.0,2772.24,1783.59,988.65,764.38,0.643
6351,264,28.0,25.06,0.01895,0.79,620.0,1.0,3396.92,2300.51,1096.42,895.1,0.677
6352,264,28.0,25.06,0.01895,0.79,510.0,1.0,3257.29,2160.87,1096.42,895.1,0.663
6353,264,28.0,25.06,0.01895,0.79,359.0,1.0,3064.87,1968.45,1096.42,895.1,0.642
6354,264,27.0,24.12,0.01785,0.79,70.0,1.0,2535.89,1547.24,988.65,764.38,0.61
6355,264,27.0,24.12,0.01785,0.79,11.0,0.5,1617.73,940.23,677.5,547.12,0.581
6356,264,26.0,23.88,0.01789,0.84,0.0,0.05,814.81,415.11,399.7,337.33,0.509
6357,264,26.0,24.56,0.01899,0.89,0.0,0.05,869.84,414.73,455.11,381.01,0.477
6358,264,26.0,24.56,0.01897,0.89,0.0,0.05,868.54,414.4,454.13,380.24,0.477
6359,264,26.0,24.56,0.01897,0.89,0.0,0.05,868.25,414.12,454.13,380.24,0.477
6360,265,25.0,23.59,0.01784,0.89,0.0,0.05,778.38,381.07,397.31,319.44,0.49
6361,265,25.0,23.59,0.01784,0.89,0.0,0.05,777.54,380.23,397.31,319.44,0.489
6362,265,25.0,23.85,0.01827,0.91,0.0,0.05,798.61,379.51,419.09,336.61,0.475
6363,265,25.0,23.59,0.01786,0.89,0.0,0.05,777.12,378.89,398.23,320.17,0.488
6364,265,25.0,23.59,0.01788,0.89,0.0,0.05,777.5,378.35,399.15,320.89,0.487
6365,265,24.7,23.69,0.01816,0.92,0.0,0.05,781.47,368.04,413.43,327.34,0.471
6366,265,25.0,23.59,0.01788,0.89,0.0,0.05,776.45,377.29,399.15,320.89,0.486
6367,265,25.0,23.59,0.01786,0.89,0.0,0.05,775.2,376.97,398.23,320.17,0.486
6368,265,25.0,23.59,0.01786,0.89,42.0,0.05,828.8,430.57,398.23,320.17,0.52
6369,265,26.0,23.88,0.01787,0.84,204.0,0.15,1236.42,775.28,461.14,378.21,0.627
6370,265,27.0,24.12,0.01783,0.79,379.0,0.15,1493.64,1034.95,458.69,394.22,0.693
6371,265,29.0,24.59,0.01773,0.7,526.0,0.15,1747.36,1294.06,453.29,425.84,0.741
6372,265,29.0,23.94,0.01671,0.66,631.0,0.15,1827.42,1430.84,396.58,380.08,0.783
6373,265,30.0,24.16,0.01664,0.62,684.0,0.15,1928.34,1535.42,392.92,395.11,0.796
6374,265,29.7,24.06,0.01662,0.63,681.0,0.15,1915.05,1523.32,391.73,388.76,0.795
6375,265,29.0,23.94,0.01672,0.66,622.0,0.15,1822.52,1424.99,397.53,380.84,0.782
6376,265,28.0,24.3,0.01772,0.74,511.0,0.05,1531.68,1140.55,391.13,362.6,0.745
6377,265,29.0,24.59,0.01777,0.7,359.0,0.05,1372.12,978.66,393.46,380.44,0.713
6378,265,28.0,24.3,0.01774,0.74,183.0,0.05,1113.0,720.95,392.04,363.32,0.648
6379,265,27.0,24.12,0.01786,0.79,29.0,0.05,889.11,490.73,398.38,352.31,0.552
6380,265,26.9,24.02,0.01776,0.79,0.0,0.05,842.68,449.73,392.95,346.42,0.534
6381,265,27.0,24.12,0.01785,0.79,0.0,0.05,849.96,452.5,397.46,351.58,0.532
6382,265,27.0,24.12,0.01783,0.79,0.0,0.05,848.66,452.12,396.54,350.86,0.533
6383,265,26.5,23.93,0.01775,0.81,0.0,0.05,827.85,435.39,392.46,339.63,0.526
6384,266,27.0,24.12,0.01783,0.79,0.0,0.05,847.74,451.2,396.54,350.86,0.532
6385,266,26.0,24.56,0.01897,0.89,0.0,0.05,872.32,418.19,454.13,380.24,0.479
6386,266,25.7,24.67,0.01927,0.92,0.0,0.05,876.98,407.55,469.44,387.5,0.465
6387,266,25.0,24.24,0.01888,0.94,0.0,0.05,833.17,383.71,449.46,360.55,0.461
6388,266,25.0,24.24,0.01888,0.94,0.0,0.05,831.98,382.51,449.46,360.55,0.46
6389,266,25.4,24.63,0.01934,0.94,0.0,0.05,867.75,394.61,473.15,385.62,0.455
6390,266,25.0,24.24,0.01888,0.94,0.0,0.05,830.3,380.84,449.46,360.55,0.459
6391,266,23.0,23.0,0.01778,1.0,0.0,0.05,724.41,330.43,393.97,300.8,0.456
6392,266,22.7,22.46,0.01707,0.98,16.0,0.05,702.35,343.98,358.37,272.74,0.49
6393,266,23.0,23.0,0.01776,1.0,130.0,0.15,1048.64,593.78,454.86,337.17,0.566
6394,266,25.0,24.24,0.01886,0.94,317.0,0.15,1399.5,883.8,515.69,404.25,0.632
6395,266,26.5,24.36,0.01839,0.84,527.0,0.15,1694.99,1205.36,489.62,410.19,0.711
6396,266,27.0,24.12,0.01781,0.79,631.0,0.15,1814.78,1357.1,457.68,393.41,0.748
6397,266,29.0,25.23,0.01879,0.74,682.0,0.15,2005.41,1493.22,512.19,473.38,0.745
6398,266,29.4,24.63,0.01766,0.68,679.0,0.15,1954.88,1505.51,449.37,429.88,0.77
6399,266,29.0,25.23,0.01881,0.74,235.0,0.15,1437.49,924.24,513.26,474.24,0.643
6400,266,30.0,24.16,0.01664,0.62,766.0,0.05,1866.12,1529.5,336.62,351.65,0.82
6401,266,30.0,24.16,0.01664,0.62,538.0,0.05,1575.69,1239.07,336.62,351.65,0.786
6402,266,29.0,24.59,0.01777,0.7,272.0,0.05,1260.27,866.81,393.46,380.44,0.688
6403,266,28.0,24.76,0.01846,0.77,41.0,0.05,967.07,538.59,428.48,392.04,0.557
6404,266,27.0,24.83,0.01901,0.84,0.0,0.05,909.58,453.34,456.24,397.91,0.498
6405,266,27.0,24.12,0.01783,0.79,0.0,0.05,849.39,452.85,396.54,350.86,0.533
6406,266,27.0,24.12,0.01783,0.79,0.0,0.05,848.97,452.42,396.54,350.86,0.533
6407,266,27.0,24.83,0.01897,0.84,0.0,0.05,906.33,452.05,454.28,396.36,0.499
6408,267,27.0,24.83,0.01897,0.84,0.0,0.05,906.01,451.73,454.28,396.36,0.499
6409,267,26.0,24.83,0.01939,0.91,0.0,0.05,893.98,418.65,475.33,396.94,0.468
6410,267,25.8,25.03,0.01982,0.94,0.0,0.05,908.59,411.23,497.36,411.11,0.453
6411,267,26.0,25.22,0.02007,0.94,0.0,0.05,926.6,416.92,509.68,424.02,0.45
6412,267,26.0,23.88,0.01787,0.84,0.0,0.05,815.07,416.3,398.78,336.61,0.511
6413,267,25.2,24.31,0.01892,0.93,0.0,0.05,841.15,389.51,451.64,365.46,0.463
6414,267,25.0,24.24,0.01888,0.94,0.0,0.05,831.45,381.98,449.46,360.55,0.459
6415,267,25.0,25.0,0.02012,1.0,0.0,0.05,893.29,381.02,512.27,410.05,0.427
6416,267,25.5,24.99,0.01987,0.96,44.0,0.525,1786.62,944.0,842.61,647.77,0.528
6417,267,27.0,25.53,0.02014,0.89,269.0,1.0,3011.98,1800.58,1211.4,962.63,0.598
6418,267,29.0,25.23,0.01877,0.74,550.0,1.0,3343.72,2264.81,1078.9,914.32,0.677
6419,267,30.0,26.31,0.02018,0.75,526.0,1.0,3503.14,2287.38,1215.76,1070.93,0.653
6420,267,30.0,25.5,0.01881,0.7,631.0,1.0,3507.05,2424.2,1082.85,952.64,0.691
6421,267,31.0,26.41,0.01996,0.7,985.0,1.0,4125.82,2931.73,1194.09,1086.45,0.711
6422,267,30.0,24.84,0.01773,0.66,983.0,1.0,3856.88,2879.77,977.1,858.52,0.747
6423,267,31.0,25.73,0.0188,0.66,895.0,1.0,3901.52,2819.79,1081.72,986.44,0.723
6424,267,31.0,25.21,0.01794,0.63,737.0,1.0,3616.87,2618.87,998.01,911.93,0.724
6425,267,30.5,24.59,0.01716,0.62,357.0,1.0,3028.7,2107.14,921.57,826.5,0.696
6426,267,30.0,25.5,0.01885,0.7,222.0,1.0,2995.75,1909.16,1086.59,955.97,0.637
6427,267,29.0,25.23,0.01881,0.74,37.0,0.5,1817.07,1069.36,747.71,656.81,0.589
6428,267,29.0,25.23,0.01879,0.74,0.0,0.05,970.76,525.46,445.3,421.31,0.541
6429,267,29.0,25.23,0.01877,0.74,0.0,0.05,969.66,525.33,444.33,420.54,0.542
6430,267,29.0,25.23,0.01875,0.74,0.0,0.05,968.58,525.21,443.37,419.78,0.542
6431,267,28.2,24.95,0.01863,0.77,0.0,0.05,935.72,498.87,436.85,401.84,0.533
6432,268,28.0,25.06,0.0189,0.79,0.0,0.05,942.23,491.72,450.5,409.4,0.522
6433,268,28.0,25.06,0.01892,0.79,0.0,0.05,942.57,491.1,451.48,410.17,0.521
6434,268,27.2,24.88,0.01897,0.83,0.0,0.05,918.36,464.31,454.05,399.38,0.506
6435,268,26.0,24.56,0.01895,0.89,0.0,0.05,877.13,423.97,453.16,379.47,0.483
6436,268,26.0,24.56,0.01897,0.89,0.0,0.05,876.52,422.39,454.13,380.24,0.482
6437,268,26.1,24.93,0.01953,0.91,0.0,0.05,906.63,424.3,482.32,404.06,0.468
6438,268,25.5,24.86,0.01968,0.95,0.0,0.05,893.44,403.5,489.94,400.46,0.452
6439,268,25.0,25.0,0.0201,1.0,0.0,0.05,896.98,385.75,511.23,409.23,0.43
6440,268,26.2,25.29,0.02005,0.93,64.0,0.525,1859.19,1003.29,855.9,676.92,0.54
6441,268,28.0,25.79,0.02013,0.84,283.0,1.0,3084.94,1874.11,1210.83,996.92,0.608
6442,268,29.0,26.0,0.02006,0.79,469.0,1.0,3369.19,2164.97,1204.22,1025.85,0.643
6443,268,30.3,26.11,0.0197,0.72,527.0,1.0,3476.18,2307.65,1168.53,1039.34,0.664
6444,268,31.0,26.42,0.01994,0.7,630.0,1.0,3669.85,2477.74,1192.11,1084.69,0.675
6445,268,26.0,22.46,0.01567,0.74,686.0,1.0,3071.14,2293.58,777.56,541.7,0.747
6446,268,27.1,24.79,0.01885,0.83,678.0,1.0,3425.21,2338.72,1086.49,854.94,0.683
6447,268,27.0,24.83,0.01899,0.84,618.0,1.0,3356.05,2256.11,1099.94,863.43,0.672
6448,268,27.3,24.98,0.01912,0.83,508.0,1.0,3242.59,2130.01,1112.58,885.11,0.657
6449,268,27.7,25.21,0.01936,0.82,355.0,1.0,3090.43,1954.17,1136.26,920.12,0.632
6450,268,27.8,25.16,0.01922,0.81,179.0,1.0,2855.53,1733.62,1121.91,910.83,0.607
6451,268,28.0,25.06,0.01895,0.79,26.0,0.5,1764.25,1006.25,758.0,640.68,0.57
6452,268,27.0,24.83,0.01899,0.84,0.0,0.05,908.18,452.92,455.26,397.14,0.499
6453,268,27.0,24.12,0.01783,0.79,0.0,0.05,849.03,452.48,396.54,350.86,0.533
6454,268,26.0,23.88,0.01785,0.84,0.0,0.05,817.16,419.3,397.86,335.88,0.513
6455,268,27.6,25.26,0.01943,0.83,0.0,0.05,948.3,470.84,477.46,424.24,0.497
6456,269,27.0,25.53,0.02014,0.89,0.0,0.05,964.48,451.33,513.15,442.76,0.468
6457,269,27.0,25.53,0.02014,0.89,0.0,0.05,964.26,451.11,513.15,442.76,0.468
6458,269,26.9,25.57,0.02027,0.9,0.0,0.05,967.41,447.64,519.77,446.38,0.463
6459,269,27.0,25.53,0.02016,0.89,0.0,0.05,964.88,450.69,514.19,443.58,0.467
6460,269,27.0,25.53,0.02016,0.89,0.0,0.05,964.75,450.56,514.19,443.58,0.467
6461,269,27.5,25.45,0.01981,0.85,0.0,0.05,963.67,466.85,496.83,437.9,0.484
6462,269,27.0,25.53,0.02016,0.89,0.0,0.05,964.84,450.65,514.19,443.58,0.467
6463,269,27.0,24.83,0.01899,0.84,0.0,0.05,905.78,450.52,455.26,397.14,0.497
6464,269,28.4,25.88,0.02013,0.82,45.0,0.525,1934.4,1072.29,862.12,738.13,0.554
6465,269,25.0,23.59,0.01782,0.89,174.0,1.0,2567.9,1581.3,986.59,692.93,0.616
6466,269,25.0,23.59,0.01781,0.89,242.0,1.0,2651.91,1667.08,984.83,691.36,0.629
6467,269,25.9,25.13,0.01988,0.94,200.0,1.0,2845.3,1658.4,1186.9,902.53,0.583
6468,269,28.0,25.79,0.02013,0.84,399.0,1.0,3232.33,2021.51,1210.83,996.92,0.625
6469,269,29.0,26.0,0.02008,0.79,570.0,1.0,3499.53,2293.31,1206.22,1027.63,0.655
6470,269,29.4,25.44,0.01898,0.73,678.0,1.0,3552.61,2453.85,1098.76,945.92,0.691
6471,269,30.0,24.84,0.01773,0.66,619.0,1.0,3387.66,2410.56,977.1,858.52,0.712
6472,269,25.0,25.0,0.02014,1.0,506.0,1.0,3220.91,2009.2,1211.71,893.29,0.624
6473,269,24.0,23.51,0.01815,0.96,355.0,1.0,2780.9,1762.18,1018.72,686.71,0.634
6474,269,25.0,24.24,0.01888,0.94,178.0,1.0,2673.41,1584.64,1088.78,783.88,0.593
6475,269,25.0,24.24,0.01888,0.94,26.0,0.5,1628.9,876.6,752.3,561.07,0.538
6476,269,24.9,23.36,0.01751,0.88,0.0,0.05,758.81,378.26,380.55,304.63,0.498
6477,269,25.0,23.59,0.01782,0.89,0.0,0.05,776.97,380.58,396.39,318.72,0.49
6478,269,25.0,23.59,0.01781,0.89,0.0,0.05,775.29,379.81,395.48,318.0,0.49
6479,269,25.0,23.59,0.01781,0.89,0.0,0.05,774.62,379.14,395.48,318.0,0.489
6480,270,24.0,23.26,0.01771,0.94,0.0,0.05,736.46,345.76,390.69,298.21,0.469
6481,270,24.0,23.26,0.01773,0.94,0.0,0.05,736.25,344.65,391.6,298.93,0.468
6482,270,24.0,23.26,0.01773,0.94,0.0,0.05,735.28,343.68,391.6,298.93,0.467
6483,270,24.0,23.26,0.01775,0.94,0.0,0.05,735.36,342.84,392.52,299.65,0.466
6484,270,24.0,23.26,0.01775,0.94,0.0,0.05,734.64,342.12,392.52,299.65,0.466
6485,270,23.9,23.41,0.01804,0.96,0.0,0.05,747.24,339.82,407.42,311.4,0.455
6486,270,24.0,22.62,0.01678,0.89,0.0,0.05,684.46,340.9,343.56,261.06,0.498
6487,270,24.2,23.33,0.01775,0.93,0.0,0.05,739.81,347.0,392.81,303.09,0.469
6488,270,24.4,23.27,0.01758,0.91,17.0,0.525,1528.89,855.72,673.17,474.91,0.56
6489,270,25.0,24.24,0.01886,0.94,132.0,1.0,2601.62,1514.72,1086.91,782.21,0.582
6490,270,26.0,24.56,0.01893,0.89,321.0,1.0,2903.04,1809.03,1094.01,823.34,0.623
6491,270,27.8,25.74,0.02013,0.85,529.0,1.0,3380.74,2169.59,1211.16,990.26,0.642
6492,270,29.0,24.59,0.01773,0.7,634.0,1.0,3345.48,2368.06,977.42,824.0,0.708
6493,270,29.6,25.46,0.01893,0.72,683.0,1.0,3558.71,2464.24,1094.47,949.06,0.692
6494,270,30.3,25.44,0.01863,0.68,678.0,1.0,3560.86,2496.36,1064.51,946.75,0.701
6495,270,30.0,25.5,0.01885,0.7,234.0,1.0,3000.47,1913.87,1086.59,955.97,0.638
6496,270,29.0,24.59,0.01777,0.7,192.0,1.0,2791.33,1810.39,980.94,827.13,0.649
6497,270,29.0,24.59,0.01778,0.7,134.0,1.0,2719.8,1737.09,982.7,828.7,0.639
6498,270,28.0,24.3,0.01772,0.74,67.0,1.0,2576.95,1600.5,976.46,788.33,0.621
6499,270,27.0,24.12,0.01783,0.79,10.0,0.5,1620.51,944.33,676.18,545.99,0.583
6500,270,27.0,24.83,0.01899,0.84,0.0,0.05,907.83,452.57,455.26,397.14,0.499
6501,270,27.0,24.83,0.01897,0.84,0.0,0.05,906.46,452.18,454.28,396.36,0.499
6502,270,26.0,24.56,0.01895,0.89,0.0,0.05,872.19,419.04,453.16,379.47,0.48
6503,270,26.0,24.56,0.01893,0.89,0.0,0.05,870.3,418.12,452.18,378.7,0.48
6504,271,26.0,25.22,0.02005,0.94,0.0,0.05,925.98,417.34,508.64,423.2,0.451
6505,271,26.0,25.22,0.02007,0.94,0.0,0.05,926.33,416.65,509.68,424.02,0.45
6506,271,25.0,24.24,0.01888,0.94,0.0,0.05,832.72,383.26,449.46,360.55,0.46
6507,271,25.0,24.24,0.01889,0.94,0.0,0.05,832.56,382.13,450.44,361.32,0.459
6508,271,25.0,24.24,0.01889,0.94,0.0,0.05,831.58,381.15,450.44,361.32,0.458
6509,271,25.0,24.24,0.01889,0.94,0.0,0.05,830.74,380.3,450.44,361.32,0.458
6510,271,25.0,24.24,0.01889,0.94,0.0,0.05,830.01,379.57,450.44,361.32,0.457
6511,271,25.0,23.59,0.01784,0.89,0.0,0.05,776.25,378.94,397.31,319.44,0.488
6512,271,25.0,23.59,0.01784,0.89,61.0,0.525,1635.74,942.91,692.84,506.97,0.576
6513,271,27.0,24.12,0.01781,0.79,275.0,1.0,2791.53,1806.41,985.12,761.24,0.647
6514,271,28.0,25.06,0.01892,0.79,146.0,1.0,2786.04,1693.38,1092.66,891.75,0.608
6515,271,29.0,25.23,0.01877,0.74,767.0,1.0,3621.79,2542.89,1078.9,914.32,0.702
6516,271,30.0,24.84,0.01773,0.66,634.0,1.0,3402.78,2425.68,977.1,858.52,0.713
6517,271,31.0,25.21,0.01794,0.63,896.0,1.0,3813.53,2815.52,998.01,911.93,0.738
6518,271,31.0,25.73,0.01884,0.66,888.0,1.0,3893.22,2807.75,1085.46,989.77,0.721
6519,271,30.0,24.84,0.01776,0.66,895.0,1.0,3747.91,2767.28,980.62,861.65,0.738
6520,271,31.0,25.21,0.01796,0.63,733.0,1.0,3612.12,2612.33,999.79,913.52,0.723
6521,271,30.3,24.94,0.0178,0.65,353.0,1.0,3074.56,2090.47,984.09,875.18,0.68
6522,271,29.0,25.22,0.01883,0.74,176.0,1.0,2881.88,1797.38,1084.5,919.3,0.624
6523,271,28.0,25.05,0.01897,0.79,25.0,0.5,1770.03,1010.62,759.41,641.88,0.571
6524,271,28.0,25.05,0.01897,0.79,0.0,0.05,945.03,490.62,454.41,412.48,0.519
6525,271,27.0,24.4,0.01833,0.81,0.0,0.05,879.22,457.33,421.89,370.84,0.52
6526,271,26.0,23.88,0.01791,0.84,0.0,0.05,824.11,423.49,400.62,338.06,0.514
6527,271,26.0,23.88,0.01791,0.84,0.0,0.05,822.59,421.97,400.62,338.06,0.513
6528,272,26.0,23.88,0.01791,0.84,0.0,0.05,821.28,420.66,400.62,338.06,0.512
6529,272,26.0,24.56,0.01901,0.89,0.0,0.05,875.62,419.53,456.09,381.78,0.479
6530,272,25.0,24.24,0.01891,0.94,0.0,0.05,837.16,385.74,451.41,362.09,0.461
6531,272,25.0,24.24,0.01891,0.94,0.0,0.05,835.69,384.27,451.41,362.09,0.46
6532,272,26.0,25.22,0.02011,0.94,0.0,0.05,927.56,415.81,511.75,425.66,0.448
6533,272,25.7,24.67,0.01929,0.92,0.0,0.05,875.92,405.49,470.43,388.28,0.463
6534,272,25.8,24.5,0.01897,0.9,0.0,0.05,862.62,408.18,454.45,377.29,0.473
6535,272,26.0,25.22,0.02007,0.94,0.0,0.05,923.96,414.28,509.68,424.02,0.448
6536,272,27.0,25.53,0.02016,0.89,62.0,0.05,1040.54,526.35,514.19,443.58,0.506
6537,272,28.0,25.79,0.02015,0.84,80.0,0.15,1278.4,690.94,587.46,516.13,0.54
6538,272,29.0,26.0,0.02008,0.79,384.0,0.15,1700.33,1116.63,583.69,531.08,0.657
6539,272,29.0,26.0,0.02008,0.79,694.0,0.15,2099.42,1515.72,583.69,531.08,0.722
6540,272,30.0,24.84,0.01773,0.66,951.0,0.15,2334.53,1881.42,453.11,443.68,0.806
6541,272,31.0,25.21,0.01792,0.63,991.0,0.15,2433.23,1969.22,464.01,470.47,0.809
6542,272,31.3,25.12,0.01766,0.61,679.0,0.15,2031.18,1581.55,449.63,464.26,0.779
6543,272,30.0,25.5,0.01885,0.7,617.0,0.15,1974.32,1458.8,515.51,494.05,0.739
6544,272,29.0,26.0,0.02012,0.79,191.0,0.05,1280.75,768.21,512.53,474.3,0.6
6545,272,27.0,24.83,0.01901,0.84,133.0,0.05,1084.62,628.38,456.24,397.91,0.579
6546,272,26.0,23.88,0.01789,0.84,253.0,0.05,1148.1,748.4,399.7,337.33,0.652
6547,272,25.9,24.06,0.01822,0.86,35.0,0.05,880.14,463.92,416.22,348.75,0.527
6548,272,25.9,24.19,0.01844,0.87,0.0,0.05,844.84,417.61,427.23,357.43,0.494
6549,272,25.9,24.33,0.01865,0.88,0.0,0.05,854.63,416.38,438.25,366.12,0.487
6550,272,26.0,24.42,0.01877,0.88,0.0,0.05,862.61,418.6,444.01,372.26,0.485
6551,272,26.1,24.52,0.01888,0.88,0.0,0.05,870.83,421.03,449.81,378.43,0.483
6552,273,26.4,24.67,0.01901,0.87,0.0,0.05,886.2,430.19,456.01,388.12,0.485
6553,273,26.7,24.83,0.01911,0.86,0.0,0.05,900.73,439.64,461.1,396.93,0.488
6554,273,27.1,25.07,0.01936,0.85,0.0,0.05,926.52,452.6,473.92,413.45,0.488
6555,273,27.3,25.26,0.0196,0.85,0.0,0.05,945.1,459.28,485.82,426.03,0.486
6556,273,27.5,25.45,0.01983,0.85,0.0,0.05,963.91,466.06,497.85,438.71,0.484
6557,273,27.7,25.64,0.02007,0.85,0.0,0.05,982.95,472.94,510.01,451.5,0.481
6558,273,27.8,25.6,0.01995,0.84,0.0,0.05,980.38,476.62,503.76,448.18,0.486
6559,273,28.2,25.69,0.01991,0.82,0.0,0.05,992.08,490.15,501.93,453.13,0.494
6560,273,28.5,25.82,0.02002,0.81,44.0,0.05,1064.35,557.03,507.32,462.18,0.523
6561,273,29.3,25.97,0.01991,0.77,204.0,0.15,1474.3,900.09,574.2,528.82,0.611
6562,273,30.2,26.17,0.01988,0.73,380.0,0.15,1730.72,1158.27,572.45,543.59,0.669
6563,273,31.0,26.42,0.01994,0.7,527.0,0.15,1951.82,1376.17,575.65,560.57,0.705
6564,273,31.2,26.26,0.0196,0.68,630.0,0.15,2073.95,1517.06,556.89,549.03,0.731
6565,273,31.4,26.27,0.01955,0.67,681.0,0.15,2145.28,1591.12,554.16,550.42,0.742
6566,273,31.6,26.27,0.0195,0.66,675.0,0.15,2143.13,1591.96,551.17,551.6,0.743
6567,273,31.5,26.18,0.0194,0.66,613.0,0.15,2056.41,1510.45,545.96,545.6,0.735
6568,273,31.3,26.0,0.01918,0.66,499.0,0.05,1708.3,1243.65,464.65,473.38,0.728
6569,273,31.2,26.08,0.01938,0.67,344.0,0.05,1517.52,1042.49,475.02,479.96,0.687
6570,273,30.3,25.77,0.01923,0.7,167.0,0.05,1254.03,786.67,467.36,459.5,0.627
6571,273,29.5,25.69,0.0194,0.74,21.0,0.05,1049.22,573.24,475.98,453.49,0.546
6572,273,28.6,25.47,0.01941,0.78,0.0,0.05,992.91,516.35,476.56,439.54,0.52
6573,273,28.0,25.06,0.01893,0.79,0.0,0.05,948.2,495.74,452.45,410.93,0.523
6574,273,28.0,25.06,0.01893,0.79,0.0,0.05,947.02,494.57,452.45,410.93,0.522
6575,273,27.9,24.96,0.01882,0.79,0.0,0.05,937.0,490.27,446.72,404.82,0.523
6576,274,27.3,24.83,0.01886,0.82,0.0,0.05,918.52,469.65,448.86,396.9,0.511
6577,274,26.6,24.59,0.01876,0.85,0.0,0.05,889.27,445.5,443.77,381.68,0.501
6578,274,26.0,24.43,0.01875,0.88,0.0,0.05,867.4,424.36,443.05,371.5,0.489
6579,274,25.7,24.54,0.01906,0.91,0.0,0.05,871.42,412.88,458.53,378.9,0.474
6580,274,25.4,24.63,0.01936,0.94,0.0,0.05,875.59,401.44,474.15,386.41,0.458
6581,274,25.1,24.85,0.01985,0.98,0.0,0.05,888.5,390.03,498.47,400.78,0.439
6582,274,25.8,25.03,0.01984,0.94,0.0,0.05,909.84,411.45,498.39,411.92,0.452
6583,274,26.4,25.22,0.01991,0.91,0.0,0.05,931.78,430.24,501.54,424.01,0.462
6584,274,27.1,25.35,0.01983,0.87,45.0,0.525,1856.14,1016.52,839.61,685.86,0.548
6585,274,28.4,25.88,0.02016,0.82,205.0,1.0,3008.13,1794.93,1213.2,1012.96,0.597
6586,274,29.7,26.35,0.02039,0.77,380.0,1.0,3323.6,2087.38,1236.23,1078.7,0.628
6587,274,31.0,26.75,0.02055,0.72,527.0,1.0,3595.96,2344.59,1251.37,1137.43,0.652
6588,274,30.7,26.31,0.01992,0.71,631.0,1.0,3654.87,2464.68,1190.18,1072.53,0.674
6589,274,30.3,25.77,0.01919,0.7,681.0,1.0,3629.28,2509.87,1119.41,995.62,0.692
6590,274,30.0,25.34,0.01859,0.69,676.0,1.0,3550.66,2489.18,1061.47,933.61,0.701
6591,274,29.2,25.25,0.01879,0.73,613.0,1.0,3448.61,2367.95,1080.66,922.85,0.687
6592,274,28.4,24.98,0.01869,0.76,499.0,1.0,3251.76,2180.68,1071.08,886.47,0.671
6593,274,27.6,24.83,0.01878,0.8,343.0,1.0,3018.81,1939.01,1079.8,866.38,0.642
6594,274,27.4,24.78,0.0188,0.81,166.0,1.0,2782.05,1700.9,1081.15,860.62,0.611
6595,274,27.2,24.74,0.01879,0.82,21.0,0.5,1716.16,970.19,745.97,610.49,0.565
6596,274,27.0,24.69,0.0188,0.83,0.0,0.05,901.08,455.64,445.44,389.39,0.506
6597,274,27.2,24.88,0.01901,0.83,0.0,0.05,917.4,461.4,456.01,400.93,0.503
6598,274,27.4,25.22,0.01946,0.84,0.0,0.05,946.12,467.39,478.74,422.04,0.494
6599,274,27.6,25.55,0.01991,0.85,0.0,0.05,975.43,473.58,501.86,443.47,0.486
6600,275,27.1,25.35,0.01979,0.87,0.0,0.05,952.59,456.98,495.61,430.54,0.48
6601,275,26.7,25.38,0.02002,0.9,0.0,0.05,950.79,443.38,507.41,433.44,0.466
6602,275,26.2,25.29,0.02009,0.93,0.0,0.05,937.17,426.31,510.86,428.16,0.455
6603,275,26.0,25.09,0.01985,0.93,0.0,0.05,917.42,418.86,498.55,415.25,0.457
6604,275,25.9,25.13,0.01997,0.94,0.0,0.05,919.23,414.69,504.53,418.37,0.451
6605,275,25.7,25.06,0.01994,0.95,0.0,0.05,910.51,407.3,503.21,414.12,0.447
6606,275,25.3,24.92,0.01988,0.97,0.0,0.05,893.51,393.34,500.18,405.32,0.44
6607,275,25.0,25.0,0.02012,1.0,0.0,0.05,894.79,382.52,512.27,410.05,0.427
6608,275,26.1,24.79,0.01931,0.9,45.0,0.525,1772.75,971.9,800.85,627.3,0.548
6609,275,26.0,25.22,0.02007,0.94,270.0,1.0,2956.47,1751.75,1204.72,921.87,0.593
6610,275,29.0,26.0,0.0201,0.79,145.0,1.0,2954.2,1745.98,1208.21,1029.41,0.591
6611,275,26.0,24.56,0.01895,0.89,201.0,1.0,2760.55,1664.66,1095.89,825.01,0.603
6612,275,25.9,24.19,0.0184,0.87,240.0,1.0,2751.41,1709.09,1042.32,773.85,0.621
6613,275,25.8,23.96,0.01809,0.86,259.0,1.0,2740.07,1727.87,1012.2,743.57,0.631
6614,275,25.7,23.73,0.01778,0.85,256.0,1.0,2700.78,1718.42,982.36,713.53,0.636
6615,275,25.4,23.44,0.01748,0.85,233.0,1.0,2625.71,1672.99,952.72,676.7,0.637
6616,275,25.4,23.71,0.0179,0.87,189.0,1.0,2609.83,1615.98,993.85,713.31,0.619
6617,275,25.3,23.75,0.018,0.88,130.0,1.0,2538.34,1534.65,1003.69,718.59,0.605
6618,275,25.3,23.88,0.01821,0.89,62.0,1.0,2471.1,1446.94,1024.16,736.81,0.586
6619,275,25.3,24.14,0.01863,0.91,8.0,0.5,1597.06,862.42,734.64,553.49,0.54
6620,275,25.3,24.28,0.01884,0.92,0.0,0.05,836.29,388.45,447.84,364.07,0.464
6621,275,25.4,24.37,0.01894,0.92,0.0,0.05,844.13,391.42,452.71,369.51,0.464
6622,275,25.6,24.57,0.01915,0.92,0.0,0.05,861.27,397.77,463.5,381.22,0.462
6623,275,25.7,24.8,0.01947,0.93,0.0,0.05,880.33,400.99,479.34,395.3,0.456
6624,276,25.7,24.93,0.0197,0.94,0.0,0.05,892.27,401.01,491.26,404.7,0.449
6625,276,25.7,25.06,0.01992,0.95,0.0,0.05,903.2,401.02,502.18,413.31,0.444
6626,276,25.7,25.19,0.02014,0.96,0.0,0.05,914.14,401.03,513.11,421.93,0.439
6627,276,25.8,25.16,0.02006,0.95,0.0,0.05,913.71,404.32,509.39,420.59,0.443
6628,276,26.0,25.22,0.02009,0.94,0.0,0.05,921.66,410.95,510.71,424.84,0.446
6629,276,26.1,25.19,0.02001,0.93,0.0,0.05,921.17,414.41,506.76,423.32,0.45
6630,276,26.3,25.39,0.02024,0.93,0.0,0.05,939.31,421.2,518.11,435.47,0.448
6631,276,26.5,25.45,0.02026,0.92,0.0,0.05,947.23,428.07,519.16,439.5,0.452
6632,276,27.5,25.59,0.02007,0.86,43.0,0.525,1883.89,1026.2,857.69,711.48,0.545
6633,276,28.5,25.97,0.02028,0.82,249.0,1.0,3077.76,1852.77,1224.99,1026.93,0.602
6634,276,31.1,26.5,0.0201,0.7,343.0,1.0,3316.52,2108.97,1207.54,1101.91,0.636
6635,276,30.6,25.88,0.01921,0.69,529.0,1.0,3445.6,2324.63,1120.97,1007.45,0.675
6636,276,30.1,25.59,0.01895,0.7,632.0,1.0,3528.72,2433.13,1095.59,967.46,0.69
6637,276,29.7,25.23,0.01852,0.7,682.0,1.0,3532.49,2478.19,1054.3,916.79,0.702
6638,276,29.2,24.93,0.01824,0.71,675.0,1.0,3471.84,2444.52,1027.32,875.37,0.704
6639,276,29.0,24.59,0.01778,0.7,613.0,1.0,3338.02,2355.31,982.7,828.7,0.706
6640,276,29.1,24.84,0.01815,0.71,498.0,1.0,3232.0,2213.4,1018.6,864.13,0.685
6641,276,29.2,24.93,0.01824,0.71,341.0,1.0,3044.93,2017.61,1027.32,875.37,0.663
6642,276,28.8,25.04,0.01859,0.74,163.0,1.0,2830.02,1769.09,1060.94,891.37,0.625
6643,276,28.4,25.13,0.01891,0.77,20.0,0.5,1774.32,1019.65,754.67,647.8,0.575
6644,276,28.0,25.35,0.01947,0.81,0.0,0.05,969.21,489.79,479.42,432.19,0.505
6645,276,27.5,25.17,0.01935,0.83,0.0,0.05,946.57,473.02,473.55,419.56,0.5
6646,276,27.1,25.07,0.01934,0.85,0.0,0.05,932.19,459.27,472.92,412.66,0.493
6647,276,26.6,24.87,0.01922,0.87,0.0,0.05,908.83,442.08,466.75,399.79,0.486
6648,277,26.5,25.05,0.01955,0.89,0.0,0.05,921.55,437.8,483.74,411.58,0.475
6649,277,26.3,24.99,0.01954,0.9,0.0,0.05,913.42,430.32,483.11,407.88,0.471
6650,277,26.2,25.16,0.01989,0.92,0.0,0.05,926.75,426.12,500.63,420.09,0.46
6651,277,26.1,25.19,0.01999,0.93,0.0,0.05,927.7,421.98,505.72,422.5,0.455
6652,277,26.1,25.19,0.01999,0.93,0.0,0.05,926.89,421.17,505.72,422.5,0.454
6653,277,26.0,25.22,0.02011,0.94,0.0,0.05,928.95,417.2,511.75,425.66,0.449
6654,277,26.2,25.29,0.02011,0.93,0.0,0.05,934.99,423.09,511.9,428.97,0.453
6655,277,26.5,25.58,0.02048,0.93,0.0,0.05,963.13,432.49,530.64,448.55,0.449
6656,277,26.7,25.65,0.0205,0.92,46.0,0.525,1889.48,1000.1,889.38,718.26,0.529
6657,277,28.3,25.93,0.02029,0.83,207.0,1.0,3017.37,1791.38,1226.0,1020.87,0.594
6658,277,30.0,26.31,0.02022,0.75,383.0,1.0,3325.58,2105.81,1219.77,1074.5,0.633
6659,277,31.5,26.18,0.01936,0.66,530.0,1.0,3509.82,2373.66,1136.16,1052.29,0.676
6660,277,29.0,25.23,0.01879,0.74,529.0,1.0,3326.69,2245.93,1080.77,915.97,0.675
6661,277,28.8,25.04,0.01859,0.74,431.0,1.0,3171.49,2110.56,1060.94,891.37,0.665
6662,277,28.6,24.86,0.01839,0.74,256.0,1.0,2917.5,1876.2,1041.3,866.93,0.643
6663,277,31.0,25.21,0.01796,0.63,387.0,1.0,3168.14,2168.35,999.79,913.52,0.684
6664,277,30.3,25.27,0.01838,0.67,415.0,1.0,3210.6,2169.86,1040.74,925.6,0.676
6665,277,29.7,25.55,0.01911,0.72,340.0,1.0,3154.86,2043.74,1111.13,967.36,0.648
6666,277,29.1,25.16,0.0187,0.73,162.0,1.0,2856.66,1784.99,1071.67,911.36,0.625
6667,277,28.6,25.01,0.01866,0.75,19.0,0.5,1765.17,1028.37,736.8,637.55,0.583
6668,277,28.0,24.91,0.01875,0.78,0.0,0.05,934.23,491.35,442.89,403.39,0.526
6669,277,27.6,24.83,0.01876,0.8,0.0,0.05,921.48,477.65,443.83,397.73,0.518
6670,277,27.3,24.98,0.01912,0.83,0.0,0.05,928.88,467.06,461.82,407.11,0.503
6671,277,26.9,25.02,0.01934,0.86,0.0,0.05,925.97,453.1,472.87,409.42,0.489
6672,278,26.9,25.02,0.01934,0.86,0.0,0.05,925.0,452.13,472.87,409.42,0.489
6673,278,26.8,24.92,0.01924,0.86,0.0,0.05,915.98,448.02,467.96,403.94,0.489
6674,278,26.8,24.92,0.01924,0.86,0.0,0.05,915.19,447.23,467.96,403.94,0.489
6675,278,26.5,24.91,0.01937,0.88,0.0,0.05,911.01,436.71,474.3,404.14,0.479
6676,278,26.3,24.99,0.01958,0.9,0.0,0.05,914.5,429.37,485.13,409.47,0.47
6677,278,26.0,25.09,0.01989,0.93,0.0,0.05,919.34,418.74,500.61,416.87,0.455
6678,278,26.3,25.12,0.01981,0.91,0.0,0.05,924.17,427.71,496.46,418.41,0.463
6679,278,26.6,25.14,0.01971,0.89,0.0,0.05,928.78,436.98,491.8,419.54,0.47
6680,278,26.9,25.16,0.01959,0.87,47.0,0.525,1832.9,1010.93,821.97,665.69,0.552
6681,278,28.9,25.44,0.0192,0.76,209.0,1.0,2946.49,1825.99,1120.5,947.86,0.62
6682,278,31.0,25.73,0.0188,0.66,384.0,1.0,3241.73,2160.01,1081.72,986.44,0.666
6683,278,31.0,25.73,0.0188,0.66,531.0,1.0,3432.62,2350.89,1081.72,986.44,0.685
6684,278,31.3,26.0,0.01914,0.66,633.0,1.0,3613.43,2499.22,1114.21,1025.8,0.692
6685,278,31.5,26.01,0.01908,0.65,681.0,1.0,3681.69,2573.04,1108.65,1027.81,0.699
6686,278,31.8,26.1,0.01913,0.64,674.0,1.0,3694.81,2581.33,1113.48,1042.55,0.699
6687,278,31.6,26.44,0.01984,0.67,610.0,1.0,3673.39,2490.65,1182.74,1097.23,0.678
6688,278,31.3,26.51,0.0201,0.69,495.0,1.0,3536.53,2329.02,1207.5,1108.83,0.659
6689,278,31.1,26.83,0.02078,0.72,338.0,1.0,3391.82,2118.32,1273.5,1160.61,0.625
6690,278,30.4,26.52,0.02049,0.74,161.0,1.0,3101.22,1855.89,1245.33,1111.17,0.598
6691,278,29.7,26.34,0.02045,0.77,19.0,0.5,1946.47,1079.47,867.0,775.98,0.555
6692,278,29.0,26.15,0.02041,0.8,0.0,0.05,1056.22,529.35,526.87,485.6,0.501
6693,278,28.8,26.11,0.02041,0.81,0.0,0.05,1048.84,522.13,526.71,482.27,0.498
6694,278,28.7,26.31,0.02078,0.83,0.0,0.05,1063.77,518.15,545.62,495.57,0.487
6695,278,28.5,26.27,0.02079,0.84,0.0,0.05,1056.94,510.93,546.01,492.68,0.483
6696,279,28.5,26.27,0.02079,0.84,0.0,0.05,1056.24,510.23,546.01,492.68,0.483
6697,279,28.4,26.02,0.02043,0.83,0.0,0.05,1034.3,506.35,527.95,476.85,0.49
6698,279,28.4,26.02,0.02043,0.83,0.0,0.05,1033.72,505.77,527.95,476.85,0.489
6699,279,28.1,26.03,0.02056,0.85,0.0,0.05,1030.16,495.42,534.74,477.4,0.481
6700,279,27.8,26.02,0.02071,0.87,0.0,0.05,1026.97,484.96,542.01,478.32,0.472
6701,279,27.5,26.01,0.02082,0.89,0.0,0.05,1022.02,474.39,547.63,477.95,0.464
6702,279,27.7,26.21,0.02105,0.89,0.0,0.05,1039.47,480.14,559.33,490.37,0.462
6703,279,27.9,26.26,0.02104,0.88,0.0,0.05,1044.78,486.12,558.66,493.05,0.465
6704,279,28.1,26.46,0.02129,0.88,47.0,0.05,1124.14,552.59,571.55,506.41,0.492
6705,279,28.9,26.65,0.02129,0.84,209.0,0.15,1547.21,896.53,650.68,583.34,0.579
6706,279,29.6,26.71,0.02109,0.8,383.0,0.15,1783.74,1144.39,639.34,586.78,0.642
6707,279,30.4,26.84,0.02097,0.76,529.0,0.15,1993.14,1360.21,632.93,596.0,0.682
6708,279,30.5,26.77,0.02083,0.75,631.0,0.15,2120.76,1495.65,625.11,591.49,0.705
6709,279,30.7,26.8,0.02079,0.74,680.0,0.15,2189.23,1566.48,622.75,593.18,0.716
6710,279,30.8,26.73,0.02064,0.73,672.0,0.15,2175.28,1560.71,614.57,588.37,0.717
6711,279,31.0,26.74,0.02059,0.72,608.0,0.15,2098.27,1486.51,611.76,589.71,0.708
6712,279,31.1,26.67,0.02044,0.71,493.0,0.05,1757.2,1228.97,528.23,520.29,0.699
6713,279,31.3,26.85,0.02068,0.71,337.0,0.05,1576.75,1036.3,540.44,533.12,0.657
6714,279,30.6,26.54,0.02042,0.73,160.0,0.05,1314.58,787.17,527.41,511.64,0.599
6715,279,29.9,26.22,0.02012,0.75,18.0,0.05,1094.88,582.39,512.49,488.68,0.532
6716,279,29.2,25.88,0.01983,0.77,0.0,0.05,1034.05,536.18,497.88,465.95,0.519
6717,279,29.0,26.0,0.0201,0.79,0.0,0.05,1040.54,529.04,511.49,473.48,0.508
6718,279,29.0,26.0,0.0201,0.79,0.0,0.05,1039.92,528.43,511.49,473.48,0.508
6719,279,28.8,25.96,0.0201,0.8,0.0,0.05,1032.83,521.33,511.5,470.28,0.505
6720,280,28.6,26.07,0.0204,0.82,0.0,0.05,1040.55,514.18,526.36,478.8,0.494
6721,280,28.3,25.93,0.02029,0.83,0.0,0.05,1024.44,503.71,520.73,469.55,0.492
6722,280,28.1,26.03,0.02054,0.85,0.0,0.05,1030.1,496.42,533.68,476.56,0.482
6723,280,27.9,25.84,0.0203,0.85,0.0,0.05,1010.36,489.1,521.26,463.57,0.484
6724,280,27.8,25.88,0.02042,0.86,0.0,0.05,1012.52,485.04,527.48,466.87,0.479
6725,280,27.6,25.83,0.02042,0.87,0.0,0.05,1005.09,477.74,527.35,463.56,0.475
6726,280,28.0,25.79,0.02017,0.84,0.0,0.05,1005.03,490.1,514.93,460.18,0.488
6727,280,28.5,25.83,0.02,0.81,0.0,0.05,1012.38,506.1,506.28,461.37,0.5
6728,280,28.9,25.9,0.01996,0.79,48.0,0.05,1085.16,580.75,504.41,466.3,0.535
6729,280,29.7,26.03,0.01983,0.75,210.0,0.15,1496.06,926.68,569.39,532.13,0.619
6730,280,30.6,26.38,0.02005,0.72,384.0,0.15,1763.6,1181.86,581.74,558.28,0.67
6731,280,31.4,26.61,0.02011,0.69,530.0,0.15,1983.38,1398.11,585.27,575.52,0.705
6732,280,31.7,26.88,0.02047,0.69,632.0,0.15,2145.93,1540.87,605.06,596.89,0.718
6733,280,31.9,26.89,0.02042,0.68,680.0,0.15,2213.28,1610.88,602.4,598.35,0.728
6734,280,32.2,27.16,0.0208,0.68,672.0,0.15,2236.06,1612.45,623.61,620.86,0.721
6735,280,31.6,26.96,0.0207,0.7,608.0,0.15,2128.54,1510.88,617.65,605.26,0.71
6736,280,30.9,26.82,0.02076,0.73,492.0,0.05,1769.28,1224.53,544.76,530.12,0.692
6737,280,30.3,26.75,0.02091,0.76,336.0,0.05,1557.33,1005.02,552.3,526.46,0.645
6738,280,29.8,26.59,0.02083,0.78,159.0,0.05,1309.69,761.45,548.24,515.25,0.581
6739,280,29.3,26.43,0.02073,0.8,18.0,0.05,1107.12,563.77,543.36,503.4,0.509
6740,280,28.8,26.41,0.0209,0.83,0.0,0.05,1075.52,523.6,551.92,502.15,0.487
6741,280,28.9,26.5,0.02101,0.83,0.0,0.05,1083.16,525.99,557.18,507.89,0.486
6742,280,29.0,26.74,0.0214,0.84,0.0,0.05,1105.4,528.56,576.85,524.99,0.478
6743,280,28.9,26.5,0.02099,0.83,0.0,0.05,1080.82,524.72,556.09,507.03,0.485
6744,281,28.7,26.6,0.02128,0.85,0.0,0.05,1088.29,517.62,570.66,515.32,0.476
6745,281,28.5,26.56,0.02128,0.86,0.0,0.05,1081.23,510.47,570.76,512.19,0.472
6746,281,28.3,26.65,0.02155,0.88,0.0,0.05,1087.85,503.27,584.58,519.88,0.463
6747,281,29.0,26.74,0.02142,0.84,0.0,0.05,1103.52,525.57,577.96,525.87,0.476
6748,281,28.6,26.51,0.02117,0.85,0.0,0.05,1077.63,512.3,565.33,509.51,0.475
6749,281,28.2,26.27,0.02092,0.86,0.0,0.05,1051.43,498.8,552.63,493.1,0.474
6750,281,28.1,26.46,0.02127,0.88,0.0,0.05,1065.39,494.94,570.44,505.54,0.465
6751,281,28.0,26.5,0.02139,0.89,0.0,0.05,1067.65,491.11,576.54,508.74,0.46
6752,281,28.0,27.19,0.02264,0.94,48.0,0.525,2113.59,1066.6,1047.0,886.08,0.505
6753,281,30.0,26.94,0.02129,0.79,210.0,1.0,3215.58,1891.6,1323.99,1167.25,0.588
6754,281,30.1,27.19,0.02168,0.8,384.0,1.0,3482.24,2120.78,1361.45,1204.08,0.609
6755,281,30.2,27.44,0.02209,0.81,529.0,1.0,3714.18,2312.72,1401.46,1243.16,0.623
6756,281,29.1,25.94,0.01992,0.78,632.0,1.0,3579.1,2388.82,1190.27,1016.92,0.667
6757,281,28.0,24.3,0.01768,0.74,682.0,1.0,3369.1,2396.15,972.95,785.21,0.711
6758,281,28.1,24.7,0.01829,0.76,673.0,1.0,3420.46,2389.04,1031.41,840.72,0.698
6759,281,29.0,25.23,0.01879,0.74,509.0,1.0,3305.33,2224.56,1080.77,915.97,0.673
6760,281,28.0,25.2,0.01918,0.8,311.0,1.0,3037.61,1919.06,1118.56,914.8,0.632
6761,281,27.0,25.25,0.01969,0.87,127.0,1.0,2798.84,1630.88,1167.97,923.97,0.583
6762,281,26.8,25.06,0.01945,0.87,100.0,1.0,2729.71,1584.82,1144.89,896.47,0.581
6763,281,26.7,24.96,0.01933,0.87,14.0,0.5,1725.25,939.58,785.67,631.88,0.545
6764,281,26.5,24.77,0.0191,0.87,0.0,0.05,899.13,438.26,460.87,393.56,0.487
6765,281,26.7,24.69,0.01886,0.85,0.0,0.05,892.4,443.84,448.57,387.06,0.497
6766,281,27.0,24.83,0.01897,0.84,0.0,0.05,907.23,452.95,454.28,396.36,0.499
6767,281,26.4,24.95,0.01938,0.89,0.0,0.05,907.58,432.83,474.76,402.9,0.477
6768,282,26.0,25.22,0.02003,0.94,0.0,0.05,926.56,418.95,507.61,422.39,0.452
6769,282,26.0,25.36,0.02025,0.95,0.0,0.05,936.76,418.05,518.72,431.14,0.446
6770,282,26.0,25.49,0.02049,0.96,0.0,0.05,948.16,417.27,530.89,440.74,0.44
6771,282,25.7,25.32,0.02033,0.97,0.0,0.05,929.76,406.75,523.0,429.72,0.437
6772,282,25.5,25.25,0.02032,0.98,0.0,0.05,921.76,399.43,522.34,426.0,0.433
6773,282,25.2,25.07,0.02016,0.99,0.0,0.05,903.02,388.79,514.23,414.8,0.431
6774,282,25.0,25.0,0.02012,1.0,0.0,0.05,893.63,381.36,512.27,410.05,0.427
6775,282,25.2,24.69,0.01953,0.96,0.0,0.05,869.46,387.05,482.41,389.72,0.445
6776,282,25.4,24.37,0.0189,0.92,49.0,0.525,1716.87,945.86,771.01,584.0,0.551
6777,282,27.0,25.53,0.02014,0.89,211.0,1.0,2937.23,1725.83,1211.4,962.63,0.588
6778,282,28.4,26.03,0.02039,0.83,385.0,1.0,3257.75,2021.9,1235.85,1033.12,0.621
6779,282,29.9,26.53,0.02061,0.77,531.0,1.0,3545.88,2288.0,1257.89,1104.94,0.645
6780,282,30.9,26.32,0.01984,0.7,632.0,1.0,3654.01,2471.31,1182.7,1072.83,0.676
6781,282,31.9,26.19,0.0192,0.64,681.0,1.0,3708.81,2588.26,1120.56,1052.33,0.698
6782,282,32.9,26.15,0.01874,0.59,673.0,1.0,3707.52,2632.37,1075.15,1046.72,0.71
6783,282,31.3,26.0,0.01916,0.66,508.0,1.0,3457.29,2341.18,1116.11,1027.49,0.677
6784,282,29.6,25.78,0.0195,0.74,311.0,1.0,3151.52,2002.37,1149.15,997.72,0.635
6785,282,28.0,25.5,0.01972,0.82,127.0,1.0,2854.7,1684.12,1170.58,961.1,0.59
6786,282,27.2,25.45,0.01995,0.87,99.0,1.0,2799.5,1606.22,1193.28,953.46,0.574
6787,282,26.3,25.39,0.02024,0.93,14.0,0.5,1775.96,924.91,851.04,677.67,0.521
6788,282,25.5,25.25,0.02032,0.98,0.0,0.05,929.28,406.94,522.34,426.0,0.438
6789,282,25.7,25.45,0.02057,0.98,0.0,0.05,946.69,411.7,535.0,439.17,0.435
6790,282,25.8,25.55,0.02067,0.98,0.0,0.05,953.85,413.54,540.31,444.96,0.434
6791,282,26.0,25.74,0.02093,0.98,0.0,0.05,972.08,418.92,553.17,458.3,0.431
6792,283,26.0,25.22,0.02007,0.94,0.0,0.05,927.7,418.02,509.68,424.02,0.451
6793,283,25.9,25.39,0.02038,0.96,0.0,0.05,939.6,413.97,525.63,435.0,0.441
6794,283,25.8,25.55,0.0207,0.98,0.0,0.05,951.33,409.95,541.38,445.81,0.431
6795,283,25.8,25.55,0.02072,0.98,0.0,0.05,951.71,409.26,542.45,446.65,0.43
6796,283,25.9,25.64,0.02084,0.98,0.0,0.05,960.81,411.94,548.87,453.31,0.429
6797,283,25.9,25.64,0.02084,0.98,0.0,0.05,960.35,411.48,548.87,453.31,0.428
6798,283,25.4,25.15,0.02022,0.98,0.0,0.05,911.79,394.68,517.11,420.27,0.433
6799,283,25.0,24.24,0.01888,0.94,0.0,0.05,830.37,380.91,449.46,360.55,0.459
6800,283,25.1,24.34,0.01897,0.94,19.0,0.525,1671.23,894.95,776.28,580.88,0.536
6801,283,25.1,24.34,0.01897,0.94,80.0,1.0,2557.97,1459.77,1098.2,795.74,0.571
6802,283,25.0,24.11,0.01863,0.93,147.0,1.0,2604.97,1539.99,1064.97,762.69,0.591
6803,283,25.0,24.11,0.01863,0.93,202.0,1.0,2674.97,1610.0,1064.97,762.69,0.602
6804,283,25.4,24.5,0.01911,0.93,240.0,1.0,2790.78,1678.92,1111.86,818.34,0.602
6805,283,25.9,25.13,0.01993,0.94,258.0,1.0,2918.51,1727.66,1190.85,906.05,0.592
6806,283,26.3,25.52,0.02044,0.94,254.0,1.0,2984.12,1743.34,1240.78,964.41,0.584
6807,283,26.3,24.99,0.01956,0.9,230.0,1.0,2868.46,1712.96,1155.5,888.51,0.597
6808,283,26.3,24.58,0.01891,0.87,186.0,1.0,2748.93,1656.87,1092.06,832.05,0.603
6809,283,26.3,24.02,0.01801,0.83,127.0,1.0,2586.57,1581.49,1005.08,754.64,0.611
6810,283,26.1,24.25,0.01846,0.86,99.0,1.0,2583.83,1535.51,1048.31,786.15,0.594
6811,283,26.0,24.56,0.01899,0.89,14.0,0.5,1660.09,899.67,760.42,592.91,0.542
6812,283,25.6,24.31,0.01872,0.9,0.0,0.05,840.88,399.03,441.84,364.15,0.475
6813,283,25.6,24.31,0.01872,0.9,0.0,0.05,840.65,398.8,441.84,364.15,0.474
6814,283,25.6,24.31,0.01871,0.9,0.0,0.05,839.49,398.61,440.88,363.39,0.475
6815,283,25.6,24.17,0.01849,0.89,0.0,0.05,828.51,398.44,430.07,354.87,0.481
6816,284,25.5,24.21,0.01859,0.9,0.0,0.05,830.13,395.01,435.12,357.25,0.476
6817,284,25.5,24.34,0.0188,0.91,0.0,0.05,840.69,394.82,445.87,365.72,0.47
6818,284,25.4,24.5,0.01913,0.93,0.0,0.05,853.81,391.38,462.44,377.18,0.458
6819,284,25.3,24.41,0.01902,0.93,0.0,0.05,844.42,387.89,456.53,370.92,0.459
6820,284,25.1,24.34,0.01899,0.94,0.0,0.05,836.43,381.09,455.34,366.78,0.456
6821,284,25.0,24.24,0.01888,0.94,0.0,0.05,826.94,377.48,449.46,360.55,0.456
6822,284,25.0,24.24,0.01888,0.94,0.0,0.05,826.6,377.13,449.46,360.55,0.456
6823,284,25.2,24.31,0.0189,0.93,1.0,0.05,835.34,384.68,450.66,364.7,0.461
6824,284,25.5,24.6,0.01923,0.93,50.0,0.525,1743.53,948.2,795.33,607.33,0.544
6825,284,27.0,24.97,0.0192,0.85,212.0,1.0,2845.13,1724.44,1120.69,881.89,0.606
6826,284,28.5,25.38,0.01924,0.78,387.0,1.0,3151.25,2027.32,1123.94,936.99,0.643
6827,284,30.0,25.83,0.01935,0.72,532.0,1.0,3427.33,2292.51,1134.83,998.9,0.669
6828,284,31.0,26.41,0.01996,0.7,632.0,1.0,3668.96,2474.86,1194.09,1086.45,0.675
6829,284,28.0,25.06,0.01893,0.79,680.0,1.0,3478.93,2384.39,1094.54,893.42,0.685
6830,284,30.3,25.61,0.01889,0.69,671.0,1.0,3582.13,2492.06,1090.07,969.5,0.696
6831,284,29.9,25.74,0.01929,0.72,606.0,1.0,3519.38,2389.93,1129.45,990.63,0.679
6832,284,29.4,25.91,0.01982,0.76,489.0,1.0,3396.38,2215.43,1180.95,1019.06,0.652
6833,284,29.0,25.99,0.02015,0.79,332.0,1.0,3206.51,1994.29,1212.22,1032.97,0.622
6834,284,28.0,25.35,0.01947,0.81,155.0,1.0,2862.62,1716.16,1146.47,939.64,0.6
6835,284,27.1,24.79,0.01889,0.83,16.0,0.5,1711.99,958.6,753.39,614.32,0.56
6836,284,26.1,24.25,0.01842,0.86,0.0,0.05,851.73,425.18,426.54,360.09,0.499
6837,284,25.9,24.06,0.0182,0.86,0.0,0.05,832.66,417.38,415.28,348.01,0.501
6838,284,25.8,24.1,0.01829,0.87,0.0,0.05,832.59,412.91,419.68,349.88,0.496
6839,284,25.6,24.04,0.01828,0.88,0.0,0.05,824.52,405.25,419.27,346.36,0.491
6840,285,25.4,24.11,0.01848,0.9,0.0,0.05,827.01,397.62,429.39,351.13,0.481
6841,285,25.2,24.18,0.01867,0.92,0.0,0.05,829.13,390.0,439.13,355.61,0.47
6842,285,25.0,24.24,0.01888,0.94,0.0,0.05,831.87,382.41,449.46,360.55,0.46
6843,285,25.0,24.24,0.01888,0.94,0.0,0.05,830.86,381.39,449.46,360.55,0.459
6844,285,25.1,24.21,0.01878,0.93,0.0,0.05,828.62,383.8,444.82,358.49,0.463
6845,285,25.2,24.18,0.01869,0.92,0.0,0.05,826.47,386.38,440.09,356.36,0.468
6846,285,25.4,24.24,0.01869,0.91,0.0,0.05,832.47,392.4,440.07,359.55,0.471
6847,285,25.5,24.21,0.01859,0.9,1.0,0.05,831.74,396.62,435.12,357.25,0.477
6848,285,25.6,24.17,0.01849,0.89,50.0,0.525,1695.18,954.43,740.76,563.2,0.563
6849,285,27.3,24.69,0.01859,0.81,213.0,1.0,2803.9,1743.0,1060.9,839.12,0.622
6850,285,29.0,25.23,0.01875,0.74,387.0,1.0,3131.9,2054.86,1077.04,912.66,0.656
6851,285,30.3,26.11,0.0197,0.72,532.0,1.0,3478.34,2309.8,1168.53,1039.34,0.664
6852,285,29.3,25.35,0.01883,0.73,529.0,1.0,3340.85,2256.77,1084.08,929.37,0.676
6853,285,28.3,24.58,0.018,0.74,430.0,1.0,3083.79,2079.65,1004.14,823.41,0.674
6854,285,27.3,23.81,0.01721,0.75,255.0,1.0,2730.95,1804.23,926.73,719.71,0.661
6855,285,27.8,24.57,0.01824,0.77,383.0,1.0,3021.1,1994.15,1026.94,826.3,0.66
6856,285,28.2,25.24,0.01918,0.79,409.0,1.0,3167.09,2048.4,1118.69,921.88,0.647
6857,285,28.7,25.86,0.02005,0.8,331.0,1.0,3177.16,1974.63,1202.53,1013.91,0.622
6858,285,27.8,25.45,0.01973,0.83,154.0,1.0,2873.33,1701.86,1171.47,954.93,0.592
6859,285,27.0,25.25,0.01971,0.87,16.0,0.5,1764.9,951.98,812.92,662.6,0.539
6860,285,26.1,24.79,0.01932,0.9,0.0,0.05,895.16,423.01,472.15,396.04,0.473
6861,285,25.9,24.73,0.01929,0.91,0.0,0.05,885.86,415.5,470.36,391.43,0.469
6862,285,25.7,24.54,0.01904,0.91,0.0,0.05,865.55,408.0,457.55,378.13,0.471
6863,285,25.5,24.34,0.0188,0.91,0.0,0.05,846.37,400.5,445.87,365.72,0.473
6864,286,25.5,24.34,0.0188,0.91,0.0,0.05,845.43,399.57,445.87,365.72,0.473
6865,286,25.5,24.47,0.01904,0.92,0.0,0.05,856.36,398.76,457.6,374.97,0.466
6866,286,25.5,24.47,0.01904,0.92,0.0,0.05,855.66,398.06,457.6,374.97,0.465
6867,286,25.2,24.31,0.01892,0.93,0.0,0.05,839.25,387.61,451.64,365.46,0.462
6868,286,25.0,24.24,0.01889,0.94,0.0,0.05,830.78,380.34,450.44,361.32,0.458
6869,286,25.0,24.24,0.01889,0.94,0.0,0.05,830.05,379.61,450.44,361.32,0.457
6870,286,25.9,24.46,0.01887,0.89,0.0,0.05,857.78,408.5,449.28,374.81,0.476
6871,286,26.8,24.5,0.01855,0.83,1.0,0.05,872.37,439.32,433.05,376.43,0.504
6872,286,27.7,24.63,0.01835,0.78,71.0,0.05,982.32,559.2,423.12,383.01,0.569
6873,286,28.7,24.95,0.01846,0.74,280.0,0.15,1464.55,970.84,493.71,453.07,0.663
6874,286,29.6,25.14,0.01839,0.7,459.0,0.15,1723.28,1233.28,490.0,466.26,0.716
6875,286,30.5,25.12,0.01795,0.65,533.0,0.15,1827.13,1361.39,465.74,462.87,0.745
6876,286,31.0,25.21,0.01792,0.63,240.0,0.15,1469.15,1005.14,464.01,470.47,0.684
6877,286,30.9,24.77,0.01724,0.61,259.0,0.15,1454.22,1028.23,425.98,437.98,0.707
6878,286,30.1,24.24,0.01674,0.62,255.0,0.15,1395.49,997.11,398.38,401.31,0.715
6879,286,30.1,24.59,0.01731,0.64,230.0,0.15,1396.25,966.14,430.11,426.92,0.692
6880,286,30.1,25.09,0.01815,0.67,185.0,0.05,1209.58,796.9,412.68,413.2,0.659
6881,286,30.1,25.43,0.01872,0.69,170.0,0.05,1220.3,778.48,441.82,436.17,0.638
6882,286,29.1,25.32,0.01896,0.74,69.0,0.05,1070.73,616.82,453.91,429.69,0.576
6883,286,28.0,25.05,0.01897,0.79,6.0,0.05,954.32,499.91,454.41,412.48,0.524
6884,286,28.0,25.06,0.01895,0.79,0.0,0.05,944.95,491.52,453.43,411.7,0.52
6885,286,27.7,25.07,0.0191,0.81,0.0,0.05,941.92,481.08,460.85,412.75,0.511
6886,286,27.5,25.31,0.01957,0.84,0.0,0.05,958.5,473.81,484.69,428.34,0.494
6887,286,27.2,25.31,0.01969,0.86,0.0,0.05,954.01,463.23,490.77,428.33,0.486
6888,287,27.0,25.53,0.02016,0.89,0.0,0.05,970.04,455.85,514.19,443.58,0.47
6889,287,26.7,25.38,0.02002,0.9,0.0,0.05,952.59,445.18,507.41,433.44,0.467
6890,287,26.5,25.32,0.02001,0.91,0.0,0.05,944.35,437.71,506.65,429.64,0.463
6891,287,26.2,25.29,0.02011,0.93,0.0,0.05,938.86,426.95,511.9,428.97,0.455
6892,287,26.0,25.22,0.02009,0.94,0.0,0.05,930.14,419.42,510.71,424.84,0.451
6893,287,25.5,24.73,0.01948,0.94,0.0,0.05,882.21,402.05,480.16,392.75,0.456
6894,287,25.0,24.24,0.01888,0.94,0.0,0.05,833.97,384.5,449.46,360.55,0.461
6895,287,25.0,24.24,0.01888,0.94,1.0,0.05,833.95,384.49,449.46,360.55,0.461
6896,287,25.0,24.24,0.01888,0.94,67.0,0.05,917.48,468.02,449.46,360.55,0.51
6897,287,25.3,24.28,0.01879,0.92,241.0,0.15,1314.83,803.05,511.78,406.49,0.611
6898,287,25.7,24.4,0.01882,0.9,324.0,0.15,1436.47,922.77,513.69,415.23,0.642
6899,287,26.0,24.43,0.01873,0.88,202.0,0.15,1285.06,776.4,508.66,416.56,0.604
6900,287,27.5,24.44,0.01812,0.78,324.0,0.15,1459.64,984.98,474.66,416.1,0.675
6901,287,29.0,24.59,0.01775,0.7,430.0,0.15,1628.28,1173.99,454.29,426.65,0.721
6902,287,29.2,24.61,0.01771,0.69,496.0,0.15,1719.73,1267.28,452.45,428.76,0.737
6903,287,29.5,24.72,0.01776,0.68,506.0,0.15,1747.31,1292.12,455.2,436.37,0.739
6904,287,29.7,24.73,0.01772,0.67,450.0,0.05,1508.36,1117.12,391.25,389.91,0.741
6905,287,30.0,25.0,0.01806,0.67,330.0,0.05,1382.7,974.49,408.21,408.08,0.705
6906,287,29.5,25.05,0.01832,0.7,153.0,0.05,1153.97,732.5,421.47,410.53,0.635
6907,287,28.9,24.98,0.01846,0.73,16.0,0.05,966.46,538.03,428.44,406.41,0.557
6908,287,28.4,25.13,0.01891,0.77,0.0,0.05,952.65,501.54,451.11,416.28,0.526
6909,287,27.9,25.11,0.01907,0.8,0.0,0.05,944.33,485.21,459.12,414.59,0.514
6910,287,27.3,24.98,0.0191,0.83,0.0,0.05,926.11,465.27,460.84,406.33,0.502
6911,287,26.8,24.92,0.0192,0.86,0.0,0.05,914.25,448.28,465.98,402.38,0.49
6912,288,26.3,24.85,0.0193,0.89,0.0,0.05,901.86,431.05,470.81,398.18,0.478
6913,288,25.8,24.63,0.01915,0.91,0.0,0.05,877.07,413.63,463.44,384.38,0.472
6914,288,25.3,24.54,0.01921,0.94,0.0,0.05,862.22,396.03,466.19,378.53,0.459
6915,288,24.9,24.27,0.01895,0.95,0.0,0.05,834.6,381.57,453.03,361.76,0.457
6916,288,24.4,24.03,0.01877,0.97,0.0,0.05,807.9,363.75,444.15,346.75,0.45
6917,288,23.7,23.46,0.01817,0.98,0.0,0.05,757.7,344.06,413.64,316.3,0.454
6918,288,23.4,23.16,0.01781,0.98,0.0,0.05,733.08,337.26,395.81,302.25,0.46
6919,288,23.3,23.06,0.01768,0.98,0.0,0.05,723.22,333.88,389.34,297.15,0.462
6920,288,23.2,22.96,0.01758,0.98,20.0,0.525,1506.27,833.19,673.08,464.67,0.553
6921,288,23.8,23.31,0.01786,0.96,81.0,1.0,2386.91,1396.99,989.92,661.09,0.585
6922,288,24.4,23.52,0.01792,0.93,147.0,1.0,2500.61,1504.82,995.79,680.23,0.602
6923,288,25.0,23.85,0.01818,0.91,202.0,1.0,2627.26,1605.99,1021.28,723.8,0.611
6924,288,25.3,24.01,0.01833,0.9,240.0,1.0,2705.82,1670.29,1035.53,746.93,0.617
6925,288,25.7,24.14,0.01837,0.88,258.0,1.0,2753.99,1714.27,1039.71,764.58,0.622
6926,288,26.0,24.29,0.01849,0.87,254.0,1.0,2776.51,1725.09,1051.42,785.44,0.621
6927,288,26.4,24.4,0.01852,0.85,229.0,1.0,2768.22,1714.26,1053.96,801.62,0.619
6928,288,26.7,24.55,0.01865,0.84,185.0,1.0,2740.74,1674.06,1066.68,823.38,0.611
6929,288,27.1,24.64,0.01864,0.82,125.0,1.0,2684.17,1618.58,1065.59,836.34,0.603
6930,288,26.5,24.5,0.01865,0.85,96.0,1.0,2618.18,1551.4,1066.78,816.51,0.593
6931,288,26.0,24.56,0.01897,0.89,13.0,0.5,1656.86,897.85,759.01,591.71,0.542
6932,288,26.0,24.15,0.01831,0.86,0.0,0.05,832.59,411.69,420.9,354.04,0.494
6933,288,25.8,24.23,0.0185,0.88,0.0,0.05,835.83,405.22,430.61,358.5,0.485
6934,288,25.5,24.21,0.01859,0.9,0.0,0.05,830.44,395.32,435.12,357.25,0.476
6935,288,25.3,24.41,0.01898,0.93,0.0,0.05,843.1,388.53,454.58,369.38,0.461
6936,289,25.2,24.44,0.01907,0.94,0.0,0.05,844.19,384.92,459.27,371.48,0.456
6937,289,25.1,24.47,0.01916,0.95,0.0,0.05,845.17,381.3,463.87,373.51,0.451
6938,289,25.0,24.5,0.01927,0.96,0.0,0.05,847.04,377.66,469.38,376.24,0.446
6939,289,24.9,24.4,0.01915,0.96,0.0,0.05,837.42,374.01,463.41,369.94,0.447
6940,289,24.7,24.07,0.01871,0.95,0.0,0.05,808.4,367.06,441.33,349.34,0.454
6941,289,24.6,23.97,0.01862,0.95,0.0,0.05,799.82,363.32,436.49,343.92,0.454
6942,289,25.0,24.11,0.01865,0.93,0.0,0.05,814.05,375.99,438.06,351.56,0.462
6943,289,25.4,24.24,0.01869,0.91,1.0,0.05,830.32,390.25,440.07,359.55,0.47
6944,289,25.8,24.37,0.0187,0.89,52.0,0.525,1718.84,962.7,756.14,581.44,0.56
6945,289,28.0,25.79,0.02013,0.84,264.0,1.0,3053.13,1842.3,1210.83,996.92,0.603
6946,289,29.0,25.69,0.01952,0.77,531.0,1.0,3389.42,2238.07,1151.35,978.8,0.66
6947,289,30.0,25.51,0.01878,0.7,770.0,1.0,3677.44,2598.31,1079.13,949.33,0.707
6948,289,30.5,25.63,0.01879,0.68,929.0,1.0,3910.88,2830.48,1080.41,967.87,0.724
6949,289,31.0,25.74,0.01878,0.66,1009.0,1.0,4041.15,2961.29,1079.86,984.78,0.733
6950,289,31.5,25.66,0.01846,0.63,1002.0,1.0,4028.54,2980.5,1048.05,973.87,0.74
6951,289,31.2,25.74,0.01873,0.65,871.0,1.0,3873.8,2799.35,1074.45,986.93,0.723
6952,289,30.8,25.72,0.01889,0.67,636.0,1.0,3569.56,2479.13,1090.43,987.23,0.695
6953,289,30.5,25.79,0.01915,0.69,328.0,1.0,3185.62,2069.94,1115.69,999.27,0.65
6954,289,29.6,25.62,0.01922,0.73,151.0,1.0,2920.18,1797.44,1122.74,974.22,0.616
6955,289,28.8,25.5,0.01935,0.77,16.0,0.5,1820.33,1033.83,786.5,684.91,0.568
6956,289,27.9,25.4,0.01956,0.82,0.0,0.05,972.98,489.03,483.95,434.16,0.503
6957,289,27.3,25.4,0.01979,0.86,0.0,0.05,964.36,468.58,495.79,433.88,0.486
6958,289,26.6,25.28,0.01988,0.9,0.0,0.05,944.83,444.57,500.26,426.2,0.471
6959,289,26.0,25.22,0.02003,0.94,0.0,0.05,931.16,423.56,507.61,422.39,0.455
6960,290,25.9,25.13,0.0199,0.94,0.0,0.05,920.2,418.75,501.45,415.93,0.455
6961,290,25.9,25.13,0.0199,0.94,0.0,0.05,918.81,417.37,501.45,415.93,0.454
6962,290,25.8,25.03,0.0198,0.94,0.0,0.05,909.24,412.89,496.34,410.31,0.454
6963,290,25.5,24.73,0.01944,0.94,0.0,0.05,880.1,401.96,478.15,391.16,0.457
6964,290,25.3,24.66,0.01942,0.95,0.0,0.05,871.09,394.26,476.83,386.92,0.453
6965,290,25.0,24.5,0.01929,0.96,0.0,0.05,853.69,383.32,470.37,377.03,0.449
6966,290,25.2,24.57,0.0193,0.95,0.0,0.05,859.57,388.74,470.83,380.59,0.452
6967,290,25.5,24.86,0.01966,0.95,1.0,0.05,887.93,399.0,488.92,399.66,0.449
6968,290,25.7,24.93,0.01968,0.94,68.0,0.525,1812.57,983.8,828.77,641.01,0.543
6969,290,27.3,25.4,0.01977,0.86,281.0,1.0,3008.08,1832.07,1176.01,941.57,0.609
6970,290,28.9,25.9,0.01994,0.79,507.0,1.0,3397.81,2205.21,1192.6,1012.03,0.649
6971,290,30.5,26.45,0.02022,0.73,696.0,1.0,3750.9,2531.8,1219.1,1091.3,0.675
6972,290,31.2,25.57,0.01841,0.64,804.0,1.0,3752.61,2708.83,1043.78,959.63,0.722
6973,290,32.0,24.81,0.01684,0.56,837.0,1.0,3685.32,2794.92,890.4,850.97,0.758
6974,290,32.0,25.37,0.01776,0.59,791.0,1.0,3719.15,2738.56,980.59,931.24,0.736
6975,290,29.0,25.38,0.01905,0.75,679.0,1.0,3548.59,2442.37,1106.21,938.62,0.688
6976,290,26.0,25.22,0.02007,0.94,517.0,1.0,3284.59,2079.87,1204.72,921.87,0.633
6977,290,26.0,24.69,0.01921,0.9,327.0,1.0,2955.42,1834.38,1121.04,847.4,0.621
6978,290,25.9,24.73,0.01931,0.91,150.0,1.0,2731.59,1600.65,1130.94,852.73,0.586
6979,290,25.7,24.8,0.01949,0.93,15.0,0.5,1693.7,896.99,796.71,616.39,0.53
6980,290,25.6,24.83,0.01958,0.94,0.0,0.05,891.43,406.24,485.19,398.31,0.456
6981,290,25.5,24.73,0.01944,0.94,0.0,0.05,879.9,401.75,478.15,391.16,0.457
6982,290,25.5,24.73,0.01942,0.94,0.0,0.05,877.79,400.65,477.15,390.37,0.456
6983,290,25.4,24.63,0.01931,0.94,0.0,0.05,867.57,396.41,471.15,384.05,0.457
6984,291,25.4,24.63,0.01931,0.94,0.0,0.05,866.68,395.52,471.15,384.05,0.456
6985,291,25.4,24.76,0.01954,0.95,0.0,0.05,877.62,394.76,482.86,393.27,0.45
6986,291,25.3,24.79,0.01963,0.96,0.0,0.05,878.29,390.81,487.47,395.31,0.445
6987,291,25.3,24.79,0.01963,0.96,0.0,0.05,877.65,390.18,487.47,395.31,0.445
6988,291,25.3,24.92,0.01986,0.97,0.0,0.05,888.78,389.63,499.15,404.52,0.438
6989,291,25.3,25.05,0.02007,0.98,0.0,0.05,898.98,389.16,509.82,412.93,0.433
6990,291,25.4,25.02,0.01998,0.97,0.0,0.05,897.35,392.03,505.32,410.98,0.437
6991,291,25.5,24.99,0.01987,0.96,1.0,0.05,896.0,396.3,499.7,408.15,0.442
6992,291,25.6,24.96,0.01978,0.95,52.0,0.525,1792.47,956.71,835.76,644.45,0.534
6993,291,26.6,25.28,0.01986,0.9,215.0,1.0,2893.81,1709.2,1184.61,924.86,0.591
6994,291,27.5,25.6,0.02001,0.86,388.0,1.0,3177.48,1978.09,1199.39,969.34,0.623
6995,291,28.5,25.97,0.02024,0.82,531.0,1.0,3435.11,2214.14,1220.96,1023.35,0.645
6996,291,29.0,25.84,0.01982,0.78,630.0,1.0,3549.15,2368.44,1180.71,1004.93,0.667
6997,291,29.6,25.94,0.01973,0.75,676.0,1.0,3631.67,2460.02,1171.65,1017.75,0.677
6998,291,30.1,25.76,0.01922,0.71,666.0,1.0,3597.48,2474.76,1122.72,991.6,0.688
6999,291,29.5,25.53,0.01909,0.73,600.0,1.0,3470.74,2360.98,1109.77,959.19,0.68
7000,291,29.0,25.38,0.01905,0.75,483.0,1.0,3292.53,2186.31,1106.21,938.62,0.664
7001,291,28.4,25.13,0.01889,0.77,326.0,1.0,3044.78,1954.7,1090.08,903.38,0.642
7002,291,27.9,24.96,0.01882,0.79,150.0,1.0,2786.92,1703.41,1083.5,880.13,0.611
7003,291,27.3,24.69,0.01863,0.81,15.0,0.5,1698.81,964.59,734.23,602.96,0.568
7004,291,26.8,24.5,0.01853,0.83,0.0,0.05,879.44,447.34,432.1,375.68,0.509
7005,291,26.3,24.3,0.01842,0.85,0.0,0.05,856.91,430.25,426.66,363.39,0.502
7006,291,25.9,24.19,0.01842,0.87,0.0,0.05,842.49,416.21,426.28,356.68,0.494
7007,291,25.4,23.98,0.01827,0.89,0.0,0.05,817.49,398.77,418.72,342.72,0.488
7008,292,25.3,23.88,0.01816,0.89,0.0,0.05,807.38,394.28,413.09,336.68,0.488
7009,292,25.2,23.92,0.01827,0.9,0.0,0.05,808.87,389.9,418.97,339.72,0.482
7010,292,25.1,23.95,0.01837,0.91,0.0,0.05,809.42,385.6,423.83,341.94,0.476
7011,292,25.1,24.08,0.01858,0.92,0.0,0.05,818.98,384.66,434.32,350.21,0.47
7012,292,25.0,24.11,0.01867,0.93,0.0,0.05,819.58,380.56,439.02,352.32,0.464
7013,292,25.0,24.37,0.01908,0.95,0.0,0.05,839.71,379.8,459.91,368.79,0.452
7014,292,25.4,24.63,0.01934,0.94,0.0,0.05,865.4,392.26,473.15,385.62,0.453
7015,292,25.8,25.03,0.0198,0.94,1.0,0.05,902.68,406.34,496.34,410.31,0.45
7016,292,26.2,25.42,0.02029,0.94,76.0,0.525,1887.05,1013.18,873.87,692.29,0.537
7017,292,28.1,26.17,0.02075,0.86,310.0,1.0,3180.24,1909.15,1271.09,1054.04,0.6
7018,292,30.0,26.94,0.02129,0.79,560.0,1.0,3653.24,2329.25,1323.99,1167.25,0.638
7019,292,30.6,26.54,0.02034,0.73,768.0,1.0,3860.13,2629.39,1230.75,1105.15,0.681
7020,292,30.9,26.49,0.02013,0.71,890.0,1.0,4014.93,2803.78,1211.15,1098.15,0.698
7021,292,31.1,26.5,0.0201,0.7,925.0,1.0,4068.82,2861.28,1207.54,1101.91,0.703
7022,292,31.4,26.44,0.01987,0.68,871.0,1.0,3995.24,2809.59,1185.66,1092.87,0.703
7023,292,30.9,26.32,0.01988,0.7,737.0,1.0,3800.55,2613.9,1186.65,1076.35,0.688
7024,292,30.5,26.12,0.01973,0.71,545.0,1.0,3519.77,2348.39,1171.37,1048.83,0.667
7025,292,30.0,25.83,0.01943,0.72,325.0,1.0,3183.9,2041.37,1142.53,1005.76,0.641
7026,292,27.0,25.53,0.02016,0.89,149.0,1.0,2874.73,1661.33,1213.4,964.41,0.578
7027,292,24.0,24.0,0.01892,1.0,15.0,0.5,1586.43,831.26,755.17,538.61,0.524
7028,292,24.5,23.88,0.01849,0.95,0.0,0.05,803.33,373.57,429.76,337.02,0.465
7029,292,24.5,23.75,0.01829,0.94,0.0,0.05,790.87,371.22,419.65,329.04,0.469
7030,292,24.6,23.72,0.0182,0.93,0.0,0.05,787.64,372.46,415.18,327.12,0.473
7031,292,24.6,23.59,0.018,0.92,0.0,0.05,775.78,370.76,405.02,319.11,0.478
7032,293,24.5,23.62,0.01808,0.93,0.0,0.05,775.56,366.02,409.54,321.08,0.472
7033,293,24.5,23.75,0.0183,0.94,0.0,0.05,785.28,364.69,420.59,329.79,0.464
7034,293,24.4,23.78,0.01839,0.95,0.0,0.05,785.23,360.26,424.98,331.64,0.459
7035,293,24.4,23.78,0.01839,0.95,0.0,0.05,784.18,359.2,424.98,331.64,0.458
7036,293,24.4,23.9,0.01859,0.96,0.0,0.05,793.33,358.29,435.04,339.58,0.452
7037,293,24.4,23.9,0.01859,0.96,0.0,0.05,792.55,357.5,435.04,339.58,0.451
7038,293,24.7,24.07,0.01871,0.95,0.0,0.05,808.0,366.66,441.33,349.34,0.454
7039,293,24.9,24.14,0.01874,0.94,1.0,0.05,816.76,374.1,442.66,353.58,0.458
7040,293,25.2,24.31,0.01888,0.93,79.0,0.05,933.46,483.77,449.69,363.93,0.518
7041,293,26.9,25.02,0.01932,0.86,322.0,0.15,1498.72,957.37,541.35,459.13,0.639
7042,293,28.5,25.68,0.01973,0.8,581.0,0.15,1910.18,1346.3,563.88,506.1,0.705
7043,293,30.2,26.34,0.02014,0.74,795.0,0.15,2268.73,1681.84,586.89,555.25,0.741
7044,293,31.0,26.08,0.01937,0.68,926.0,0.15,2424.61,1880.41,544.2,535.18,0.776
7045,293,31.7,25.83,0.01867,0.63,956.0,0.15,2451.65,1946.07,505.58,516.61,0.794
7046,293,32.5,25.62,0.01799,0.58,872.0,0.15,2336.53,1869.04,467.49,500.26,0.8
7047,293,31.5,25.65,0.01848,0.63,847.0,0.15,2299.77,1805.18,494.59,504.14,0.785
7048,293,30.6,25.71,0.01898,0.68,708.0,0.05,1938.72,1484.09,454.63,454.28,0.765
7049,293,29.6,25.62,0.01924,0.73,486.0,0.05,1635.75,1167.66,468.09,448.88,0.714
7050,293,29.0,25.54,0.01934,0.76,214.0,0.05,1272.18,799.44,472.74,442.94,0.628
7051,293,28.4,25.58,0.01967,0.8,20.0,0.05,1020.34,530.85,489.49,446.53,0.52
7052,293,27.8,25.45,0.01969,0.83,0.0,0.05,975.46,485.08,490.37,437.62,0.497
7053,293,27.1,25.21,0.01957,0.86,0.0,0.05,946.15,461.38,484.77,422.0,0.488
7054,293,26.4,24.81,0.01919,0.88,0.0,0.05,902.73,437.34,465.4,395.52,0.484
7055,293,25.7,24.4,0.01882,0.9,0.0,0.05,859.67,413.0,446.67,369.55,0.48
7056,294,25.6,24.44,0.01892,0.91,0.0,0.05,859.8,408.11,451.69,371.91,0.475
7057,294,25.6,24.7,0.01935,0.93,0.0,0.05,879.99,406.65,473.34,388.98,0.462
7058,294,25.5,24.73,0.01946,0.94,0.0,0.05,881.26,402.11,479.15,391.95,0.456
7059,294,25.4,24.76,0.01956,0.95,0.0,0.05,881.54,397.67,483.87,394.07,0.451
7060,294,25.2,24.69,0.01953,0.96,0.0,0.05,872.47,390.05,482.41,389.72,0.447
7061,294,25.1,24.85,0.01983,0.98,0.0,0.05,883.18,385.73,497.44,399.97,0.437
7062,294,25.7,25.06,0.01992,0.95,0.0,0.05,906.64,404.46,502.18,413.31,0.446
7063,294,26.4,25.35,0.02011,0.92,1.0,0.05,940.16,428.25,511.91,432.18,0.456
7064,294,27.0,25.53,0.02016,0.89,62.0,0.05,1040.4,526.22,514.19,443.58,0.506
7065,294,29.0,26.0,0.02008,0.79,265.0,0.15,1546.61,962.92,583.69,531.08,0.623
7066,294,29.0,26.0,0.02006,0.79,493.0,0.15,1839.53,1256.97,582.56,530.16,0.683
7067,294,30.3,25.78,0.01913,0.7,696.0,0.15,2094.93,1563.96,530.97,511.91,0.747
7068,294,25.0,25.0,0.0201,1.0,774.0,0.15,2066.2,1481.66,584.54,459.81,0.717
7069,294,26.8,25.61,0.02036,0.91,761.0,0.15,2124.8,1526.03,598.77,503.67,0.718
7070,294,28.7,26.31,0.02078,0.83,663.0,0.15,2088.46,1466.18,622.28,556.82,0.702
7071,294,28.1,26.03,0.02054,0.85,441.0,0.15,1770.71,1161.53,609.18,535.46,0.656
7072,294,27.6,25.69,0.02018,0.86,182.0,0.05,1219.98,704.87,515.11,453.92,0.578
7073,294,27.0,25.39,0.01992,0.88,123.0,0.05,1111.99,609.6,502.38,434.28,0.548
7074,294,26.5,25.18,0.01978,0.9,56.0,0.05,1002.16,506.97,495.19,420.61,0.506
7075,294,25.9,24.86,0.01951,0.92,6.0,0.05,903.99,422.59,481.4,400.13,0.467
7076,294,25.4,24.63,0.01934,0.94,0.0,0.05,870.78,397.63,473.15,385.62,0.457
7077,294,25.3,24.66,0.01944,0.95,0.0,0.05,871.13,393.3,477.83,387.71,0.451
7078,294,25.3,24.79,0.01963,0.96,0.0,0.05,879.8,392.33,487.47,395.31,0.446
7079,294,25.2,24.95,0.01991,0.98,0.0,0.05,889.76,388.21,501.56,404.81,0.436
7080,295,25.1,24.72,0.0196,0.97,0.0,0.05,870.03,384.14,485.89,390.87,0.442
7081,295,25.1,24.47,0.01918,0.95,0.0,0.05,848.25,383.39,464.86,374.29,0.452
7082,295,25.0,24.24,0.01888,0.94,0.0,0.05,828.93,379.47,449.46,360.55,0.458
7083,295,24.8,24.04,0.01864,0.94,0.0,0.05,810.11,372.29,437.82,348.17,0.46
7084,295,24.7,24.07,0.01873,0.95,0.0,0.05,810.65,368.35,442.3,350.1,0.454
7085,295,24.5,23.88,0.01852,0.95,0.0,0.05,792.83,361.16,431.67,338.52,0.456
7086,295,24.8,24.04,0.01864,0.94,0.0,0.05,808.15,370.33,437.82,348.17,0.458
7087,295,25.1,24.21,0.01876,0.93,1.0,0.05,824.92,381.06,443.86,357.73,0.462
7088,295,25.4,24.37,0.0189,0.92,79.0,0.525,1751.84,980.83,771.01,584.0,0.56
7089,295,27.2,24.88,0.01895,0.83,323.0,1.0,2972.51,1876.78,1095.73,866.64,0.631
7090,295,29.1,25.48,0.01913,0.75,581.0,1.0,3420.43,2306.93,1113.49,948.59,0.674
7091,295,30.9,25.99,0.01924,0.68,796.0,1.0,3801.76,2677.8,1123.97,1020.56,0.704
7092,295,31.3,26.0,0.01912,0.66,910.0,1.0,3959.99,2847.68,1112.31,1024.11,0.719
7093,295,31.8,26.28,0.0194,0.65,883.0,1.0,3981.29,2841.7,1139.58,1065.78,0.714
7094,295,32.2,26.45,0.01954,0.64,663.0,1.0,3736.46,2582.93,1153.54,1092.12,0.691
7095,295,31.5,26.18,0.01936,0.66,597.0,1.0,3600.95,2464.79,1136.16,1052.29,0.684
7096,295,30.8,26.06,0.01945,0.69,480.0,1.0,3425.5,2280.45,1145.05,1035.84,0.666
7097,295,30.0,25.83,0.01939,0.72,322.0,1.0,3176.34,2037.67,1138.67,1002.32,0.642
7098,295,29.3,25.66,0.0194,0.75,147.0,1.0,2917.22,1777.58,1139.64,978.82,0.609
7099,295,28.6,25.47,0.01937,0.78,15.0,0.5,1813.06,1024.67,788.39,681.54,0.565
7100,295,27.9,25.4,0.01956,0.82,0.0,0.05,973.25,489.31,483.95,434.16,0.503
7101,295,27.4,25.36,0.01967,0.85,0.0,0.05,961.88,472.09,489.79,430.75,0.491
7102,295,27.0,25.53,0.02014,0.89,0.0,0.05,971.11,457.96,513.15,442.76,0.472
7103,295,27.0,25.53,0.02014,0.89,0.0,0.05,969.99,456.84,513.15,442.76,0.471
7104,296,26.5,25.32,0.01999,0.91,0.0,0.05,945.08,439.47,505.62,428.82,0.465
7105,296,26.0,25.22,0.02005,0.94,0.0,0.05,930.56,421.92,508.64,423.2,0.453
7106,296,26.3,25.39,0.02019,0.93,0.0,0.05,946.48,430.46,516.02,433.83,0.455
7107,296,26.0,25.22,0.02007,0.94,0.0,0.05,929.35,419.67,509.68,424.02,0.452
7108,296,26.0,24.96,0.01963,0.92,0.0,0.05,906.11,418.67,487.44,406.49,0.462
7109,296,26.0,24.56,0.01897,0.89,0.0,0.05,871.94,417.81,454.13,380.24,0.479
7110,296,25.0,25.0,0.02012,1.0,0.0,0.05,896.53,384.26,512.27,410.05,0.429
7111,296,25.0,25.0,0.02012,1.0,1.0,0.05,896.54,384.27,512.27,410.05,0.429
7112,296,25.3,23.48,0.01753,0.86,53.0,0.525,1618.25,948.81,669.45,494.59,0.586
7113,296,26.7,24.12,0.01794,0.81,216.0,1.0,2716.74,1718.46,998.28,762.5,0.633
7114,296,28.2,24.79,0.01838,0.76,388.0,1.0,3056.99,2016.71,1040.28,852.1,0.66
7115,296,29.6,25.46,0.0189,0.72,531.0,1.0,3364.22,2273.5,1090.72,945.72,0.676
7116,296,30.2,25.52,0.01876,0.69,629.0,1.0,3509.39,2432.0,1077.39,954.74,0.693
7117,296,30.9,25.65,0.01869,0.66,674.0,1.0,3598.82,2527.81,1071.01,973.42,0.702
7118,296,31.5,25.83,0.01878,0.64,663.0,1.0,3626.05,2546.8,1079.25,1001.65,0.702
7119,296,30.8,25.72,0.01889,0.67,596.0,1.0,3517.38,2426.95,1090.43,987.23,0.69
7120,296,30.1,25.59,0.01898,0.7,479.0,1.0,3341.59,2242.23,1099.36,970.81,0.671
7121,296,29.4,25.44,0.01902,0.73,322.0,1.0,3108.1,2005.56,1102.54,949.28,0.645
7122,296,29.0,25.54,0.01936,0.76,146.0,1.0,2894.98,1759.46,1135.53,964.72,0.608
7123,296,28.7,25.86,0.02002,0.8,15.0,0.5,1863.26,1027.48,835.78,724.45,0.551
7124,296,28.3,25.93,0.02029,0.83,0.0,0.05,1022.04,501.31,520.73,469.55,0.491
7125,296,28.3,25.93,0.02029,0.83,0.0,0.05,1021.63,500.9,520.73,469.55,0.49
7126,296,28.2,25.98,0.0204,0.84,0.0,0.05,1023.48,497.27,526.21,472.27,0.486
7127,296,28.2,26.12,0.02065,0.85,0.0,0.05,1035.78,496.91,538.87,482.25,0.48
7128,297,28.2,25.98,0.0204,0.84,0.0,0.05,1022.8,496.59,526.21,472.27,0.486
7129,297,28.2,25.83,0.02014,0.83,0.0,0.05,1009.86,496.32,513.55,462.29,0.491
7130,297,28.2,25.69,0.01991,0.82,0.0,0.05,998.01,496.08,501.93,453.13,0.497
7131,297,28.1,25.74,0.02004,0.83,0.0,0.05,1001.08,492.59,508.49,456.7,0.492
7132,297,28.0,25.79,0.02017,0.84,0.0,0.05,1004.0,489.07,514.93,460.18,0.487
7133,297,27.1,25.49,0.02004,0.88,0.0,0.05,967.78,459.28,508.5,440.7,0.475
7134,297,27.0,25.67,0.02037,0.9,0.0,0.05,980.15,455.21,524.95,452.06,0.464
7135,297,27.0,25.94,0.02084,0.92,1.0,0.05,1004.31,455.74,548.57,470.69,0.454
7136,297,26.9,26.11,0.02116,0.94,53.0,0.525,1960.2,1022.64,937.56,764.54,0.522
7137,297,28.0,25.79,0.02013,0.84,215.0,1.0,3001.54,1790.71,1210.83,996.92,0.597
7138,297,28.6,26.07,0.02034,0.82,386.0,1.0,3271.94,2041.16,1230.78,1035.57,0.624
7139,297,29.3,26.58,0.02094,0.81,529.0,1.0,3550.58,2261.22,1289.36,1112.07,0.637
7140,297,29.5,26.47,0.02067,0.79,627.0,1.0,3661.41,2398.11,1263.3,1095.83,0.655
7141,297,29.8,26.28,0.02024,0.76,672.0,1.0,3693.49,2472.19,1221.3,1068.9,0.669
7142,297,30.0,26.15,0.01994,0.74,661.0,1.0,3662.06,2469.35,1192.71,1050.42,0.674
7143,297,29.7,25.87,0.01959,0.74,594.0,1.0,3527.36,2368.86,1158.49,1009.52,0.672
7144,297,29.3,25.66,0.0194,0.75,478.0,1.0,3339.69,2200.05,1139.64,978.82,0.659
7145,297,29.0,25.54,0.01934,0.76,321.0,1.0,3117.08,1983.48,1133.6,963.0,0.636
7146,297,28.5,25.37,0.01928,0.78,145.0,1.0,2859.75,1731.98,1127.76,940.4,0.606
7147,297,28.0,25.35,0.01943,0.81,15.0,0.5,1790.14,997.64,792.5,670.1,0.557
7148,297,27.5,25.31,0.01957,0.84,0.0,0.05,958.76,474.07,484.69,428.34,0.494
7149,297,27.5,25.17,0.01933,0.83,0.0,0.05,945.86,473.3,472.55,418.77,0.5
7150,297,27.4,24.78,0.01872,0.81,0.0,0.05,910.98,469.36,441.63,392.8,0.515
7151,297,27.4,24.64,0.01846,0.8,0.0,0.05,897.38,468.72,428.66,382.57,0.522
7152,298,26.8,24.78,0.01895,0.85,0.0,0.05,901.87,448.48,453.38,392.45,0.497
7153,298,26.2,25.02,0.01963,0.91,0.0,0.05,915.29,427.95,487.34,409.62,0.468
7154,298,25.6,25.09,0.01999,0.96,0.0,0.05,913.03,407.16,505.87,414.62,0.446
7155,298,25.9,25.13,0.01993,0.94,0.0,0.05,918.14,415.67,502.47,416.74,0.453
7156,298,26.2,25.16,0.01987,0.92,0.0,0.05,924.15,424.55,499.6,419.28,0.459
7157,298,26.1,25.19,0.01997,0.93,0.0,0.05,925.31,420.62,504.69,421.69,0.455
7158,298,26.4,25.49,0.02034,0.93,0.0,0.05,953.15,429.84,523.31,441.17,0.451
7159,298,26.7,25.78,0.02069,0.93,1.0,0.05,981.79,440.62,541.17,460.05,0.449
7160,298,27.1,26.17,0.0212,0.93,53.0,0.525,1967.19,1026.33,940.86,772.45,0.522
7161,298,28.5,26.12,0.02049,0.83,215.0,1.0,3058.28,1812.53,1245.75,1045.41,0.593
7162,298,29.6,26.41,0.02052,0.78,386.0,1.0,3338.5,2089.64,1248.87,1086.47,0.626
7163,298,30.8,26.73,0.02058,0.73,528.0,1.0,3589.49,2335.26,1254.23,1133.02,0.651
7164,298,30.9,26.32,0.01984,0.7,627.0,1.0,3652.19,2469.49,1182.7,1072.83,0.676
7165,298,31.0,25.73,0.0188,0.66,672.0,1.0,3615.96,2534.24,1081.72,986.44,0.701
7166,298,30.5,25.79,0.01911,0.69,661.0,1.0,3607.88,2496.0,1111.88,995.88,0.692
7167,298,29.9,25.74,0.01929,0.72,594.0,1.0,3509.68,2380.23,1129.45,990.63,0.678
7168,298,29.4,25.75,0.01953,0.75,477.0,1.0,3357.8,2204.96,1152.84,994.05,0.657
7169,298,28.9,25.9,0.02003,0.79,320.0,1.0,3178.54,1977.99,1200.55,1019.1,0.622
7170,298,28.7,25.56,0.01951,0.78,145.0,1.0,2893.4,1743.07,1150.33,967.45,0.602
7171,298,28.6,25.47,0.01939,0.78,14.0,0.5,1811.99,1022.16,789.83,682.77,0.564
7172,298,28.4,25.13,0.01891,0.77,0.0,0.05,955.76,504.65,451.11,416.28,0.528
7173,298,28.1,25.3,0.0193,0.8,0.0,0.05,965.22,494.45,470.77,426.97,0.512
7174,298,27.9,25.4,0.01956,0.82,0.0,0.05,971.35,487.4,483.95,434.16,0.502
7175,298,27.6,25.55,0.01991,0.85,0.0,0.05,978.87,477.01,501.86,443.47,0.487
7176,299,27.8,25.74,0.02015,0.85,0.0,0.05,996.97,482.91,514.06,456.29,0.484
7177,299,27.9,25.84,0.0203,0.85,0.0,0.05,1007.0,485.74,521.26,463.57,0.482
7178,299,28.1,26.03,0.02054,0.85,0.0,0.05,1025.66,491.98,533.68,476.56,0.48
7179,299,27.9,25.69,0.02007,0.84,0.0,0.05,995.11,485.26,509.85,454.58,0.488
7180,299,27.7,25.5,0.01983,0.84,0.0,0.05,976.15,478.44,497.71,441.8,0.49
7181,299,27.5,25.31,0.01959,0.84,0.0,0.05,957.23,471.53,485.7,429.13,0.493
7182,299,27.4,25.5,0.01995,0.86,0.0,0.05,971.73,467.83,503.91,441.88,0.481
7183,299,27.2,25.72,0.0204,0.89,1.0,0.05,988.72,462.12,526.6,456.57,0.467
7184,299,27.1,26.04,0.02099,0.92,53.0,0.525,1956.09,1031.05,925.04,758.92,0.527
7185,299,27.9,25.98,0.02052,0.86,214.0,1.0,3033.33,1784.36,1248.96,1027.39,0.588
7186,299,28.7,26.01,0.02024,0.81,386.0,1.0,3267.98,2046.34,1221.63,1030.91,0.626
7187,299,29.5,26.0,0.01986,0.76,528.0,1.0,3454.87,2270.33,1184.54,1025.74,0.657
7188,299,29.7,26.03,0.01985,0.75,626.0,1.0,3590.43,2407.34,1183.09,1031.41,0.67
7189,299,29.8,26.12,0.01998,0.75,670.0,1.0,3666.48,2469.92,1196.57,1046.89,0.674
7190,299,30.0,26.31,0.02024,0.75,659.0,1.0,3688.82,2467.03,1221.79,1076.29,0.669
7191,299,29.7,26.19,0.02016,0.76,592.0,1.0,3580.17,2366.51,1213.65,1058.61,0.661
7192,299,29.4,26.06,0.02009,0.77,476.0,1.0,3409.96,2202.84,1207.13,1042.36,0.646
7193,299,29.1,25.94,0.02,0.78,319.0,1.0,3184.51,1986.3,1198.22,1023.99,0.624
7194,299,28.7,25.71,0.01977,0.79,154.0,1.0,2929.53,1754.11,1175.43,989.78,0.599
7195,299,28.2,25.54,0.01966,0.81,16.0,0.5,1817.17,1007.61,809.57,689.63,0.554
7196,299,27.8,25.31,0.01942,0.82,0.0,0.05,961.36,484.34,477.02,427.1,0.504
7197,299,27.3,25.4,0.01979,0.86,0.0,0.05,963.08,467.29,495.79,433.88,0.485
7198,299,26.9,25.43,0.02001,0.89,0.0,0.05,960.3,453.31,507.0,436.32,0.472
7199,299,26.4,25.49,0.02032,0.93,0.0,0.05,958.16,435.91,522.26,440.34,0.455
7200,300,26.3,25.39,0.02019,0.93,0.0,0.05,947.48,431.45,516.02,433.83,0.455
7201,300,26.3,25.52,0.02044,0.94,0.0,0.05,958.78,430.38,528.4,443.58,0.449
7202,300,26.2,25.55,0.02054,0.95,0.0,0.05,959.57,426.17,533.4,445.92,0.444
7203,300,26.0,26.0,0.02139,1.0,0.0,0.05,995.32,418.74,576.58,476.76,0.421
7204,300,25.8,25.67,0.02094,0.99,0.0,0.05,964.79,411.31,553.48,455.35,0.426
7205,300,25.6,25.35,0.02046,0.98,0.0,0.05,933.57,403.87,529.71,433.4,0.433
7206,300,26.1,25.71,0.02088,0.97,0.0,0.05,969.98,419.39,550.59,457.87,0.432
7207,300,26.5,25.98,0.02114,0.96,1.0,0.05,997.38,433.34,564.05,474.88,0.434
7208,300,27.0,26.21,0.02133,0.94,70.0,0.05,1111.44,538.11,573.33,490.2,0.484
7209,300,27.8,26.17,0.02089,0.88,264.0,0.15,1549.69,921.3,628.39,545.57,0.595
7210,300,28.6,26.22,0.02063,0.83,435.0,0.15,1783.35,1169.13,614.22,548.52,0.656
7211,300,29.4,26.07,0.02003,0.77,528.0,0.15,1898.12,1317.32,580.8,535.94,0.694
7212,300,31.0,27.24,0.02143,0.75,624.0,0.15,2156.04,1497.54,658.51,627.43,0.695
7213,300,28.0,25.06,0.01893,0.79,671.0,0.15,1975.73,1455.69,520.04,461.72,0.737
7214,300,26.4,23.84,0.01766,0.81,660.0,0.15,1835.23,1385.98,449.25,375.81,0.755
7215,300,27.2,24.74,0.01877,0.82,593.0,0.15,1837.79,1326.92,510.87,439.93,0.722
7216,300,27.9,25.4,0.0196,0.82,475.0,0.05,1577.45,1091.48,485.97,435.75,0.692
7217,300,28.7,26.16,0.02056,0.82,318.0,0.05,1451.18,916.5,534.68,486.96,0.632
7218,300,28.1,25.74,0.02009,0.83,144.0,0.05,1184.82,674.25,510.56,458.34,0.569
7219,300,27.6,25.26,0.01947,0.83,14.0,0.05,970.74,491.27,479.47,425.82,0.506
7220,300,27.0,24.83,0.01901,0.84,0.0,0.05,909.71,453.47,456.24,397.91,0.498
7221,300,27.0,25.53,0.02016,0.89,0.0,0.05,967.15,452.96,514.19,443.58,0.468
7222,300,26.6,25.41,0.02011,0.91,0.0,0.05,951.17,439.4,511.77,435.28,0.462
7223,300,26.3,25.52,0.02042,0.94,0.0,0.05,956.27,428.92,527.35,442.75,0.449
7224,301,26.0,25.36,0.02027,0.95,0.0,0.05,938.11,418.35,519.76,431.97,0.446
7225,301,25.8,25.29,0.02024,0.96,0.0,0.05,929.28,410.97,518.31,427.62,0.442
7226,301,25.5,24.99,0.01989,0.96,0.0,0.05,901.02,400.29,500.73,408.96,0.444
7227,301,25.3,24.92,0.01986,0.97,0.0,0.05,891.98,392.83,499.15,404.52,0.44
7228,301,25.2,24.95,0.01995,0.98,0.0,0.05,892.25,388.64,503.62,406.43,0.436
7229,301,25.0,24.75,0.01972,0.98,0.0,0.05,873.55,381.23,492.33,394.33,0.436
7230,301,25.0,24.5,0.01931,0.96,0.0,0.05,851.74,380.37,471.37,377.81,0.447
7231,301,25.0,24.24,0.01888,0.94,1.0,0.05,830.38,380.91,449.46,360.55,0.459
7232,301,25.5,24.73,0.01946,0.94,80.0,0.05,977.16,498.01,479.15,391.95,0.51
7233,301,26.8,24.92,0.0192,0.86,310.0,0.15,1476.26,941.38,534.88,452.11,0.638
7234,301,28.1,25.0,0.01878,0.78,505.0,0.15,1748.86,1237.32,511.53,456.66,0.708
7235,301,29.4,25.28,0.01869,0.72,528.0,0.15,1819.93,1313.37,506.55,476.02,0.722
7236,301,29.7,25.71,0.01932,0.73,625.0,0.15,1991.56,1450.19,541.37,509.51,0.728
7237,301,30.1,26.08,0.0198,0.73,669.0,0.15,2090.61,1522.42,568.19,538.36,0.728
7238,301,30.4,26.52,0.02046,0.74,657.0,0.15,2124.15,1519.34,604.82,573.31,0.715
7239,301,30.0,26.31,0.02026,0.75,591.0,0.15,2016.28,1422.57,593.72,557.16,0.706
7240,301,29.6,26.09,0.02008,0.76,474.0,0.05,1658.77,1148.41,510.36,482.19,0.692
7241,301,29.2,25.87,0.0199,0.77,318.0,0.05,1437.03,936.07,500.96,468.38,0.651
7242,301,28.7,25.71,0.01981,0.79,162.0,0.05,1216.59,720.08,496.51,456.87,0.592
7243,301,28.3,25.78,0.0201,0.82,18.0,0.05,1033.48,522.38,511.1,461.97,0.505
7244,301,27.8,25.6,0.01997,0.84,0.0,0.05,987.55,482.76,504.8,448.99,0.489
7245,301,27.4,25.64,0.02019,0.87,0.0,0.05,985.21,469.21,516.0,451.42,0.476
7246,301,26.9,25.43,0.02006,0.89,0.0,0.05,961.25,452.19,509.07,437.95,0.47
7247,301,26.5,25.45,0.02024,0.92,0.0,0.05,956.33,438.22,518.11,438.67,0.458
7248,302,26.3,25.25,0.01999,0.92,0.0,0.05,936.42,430.68,505.74,425.72,0.46
7249,302,26.2,25.16,0.01989,0.92,0.0,0.05,927.06,426.43,500.63,420.09,0.46
7250,302,26.0,24.96,0.01965,0.92,0.0,0.05,907.42,418.97,488.45,407.29,0.462
7251,302,26.0,25.09,0.01987,0.93,0.0,0.05,917.64,418.06,499.58,416.06,0.456
7252,302,26.0,25.22,0.02009,0.94,0.0,0.05,928.0,417.28,510.71,424.84,0.45
7253,302,25.1,24.21,0.01882,0.93,0.0,0.05,833.85,387.08,446.77,360.02,0.464
7254,302,25.0,24.24,0.01889,0.94,0.0,0.05,833.1,382.66,450.44,361.32,0.459
7255,302,25.0,24.24,0.01889,0.94,1.0,0.05,833.33,382.89,450.44,361.32,0.459
7256,302,25.0,24.87,0.01993,0.99,53.0,0.525,1782.11,934.95,847.16,638.95,0.525
7257,302,26.3,25.39,0.02021,0.93,214.0,1.0,2912.98,1694.03,1218.95,944.98,0.582
7258,302,27.6,25.69,0.02018,0.86,385.0,1.0,3195.77,1980.59,1215.18,986.88,0.62
7259,302,28.9,26.05,0.02022,0.8,526.0,1.0,3449.41,2229.46,1219.95,1036.37,0.646
7260,302,28.4,25.88,0.02016,0.82,623.0,1.0,3542.89,2329.69,1213.2,1012.96,0.658
7261,302,27.8,25.6,0.01993,0.84,668.0,1.0,3548.87,2357.53,1191.35,972.63,0.664
7262,302,27.3,25.26,0.0196,0.85,657.0,1.0,3476.95,2318.17,1158.78,926.24,0.667
7263,302,27.6,25.83,0.02044,0.87,493.0,1.0,3364.23,2123.46,1240.77,1009.65,0.631
7264,302,28.0,26.5,0.02144,0.89,299.0,1.0,3233.32,1895.59,1337.73,1109.87,0.586
7265,302,24.8,24.3,0.01909,0.96,120.0,1.0,2611.29,1501.39,1109.9,795.72,0.575
7266,302,24.7,24.33,0.01916,0.97,54.0,1.0,2526.45,1410.04,1116.41,798.03,0.558
7267,302,24.6,24.23,0.01904,0.97,5.0,0.5,1597.14,832.75,764.39,561.42,0.521
7268,302,24.5,24.25,0.01913,0.98,0.0,0.05,826.8,364.68,462.12,362.52,0.441
7269,302,24.5,24.38,0.01931,0.99,0.0,0.05,834.81,363.53,471.28,369.74,0.435
7270,302,24.5,24.38,0.01929,0.99,0.0,0.05,832.83,362.54,470.29,368.96,0.435
7271,302,24.5,24.5,0.01949,1.0,0.0,0.05,842.12,361.68,480.43,376.95,0.429
7272,303,24.6,24.48,0.01941,0.99,0.0,0.05,840.53,364.22,476.31,375.31,0.433
7273,303,24.7,24.45,0.01932,0.98,0.0,0.05,839.03,366.92,472.1,373.59,0.437
7274,303,24.8,24.55,0.01946,0.98,0.0,0.05,848.9,369.77,479.13,380.73,0.436
7275,303,24.8,24.42,0.01926,0.97,0.0,0.05,838.25,369.45,468.8,372.58,0.441
7276,303,24.8,24.42,0.01928,0.97,0.0,0.05,838.97,369.18,469.79,373.37,0.44
7277,303,24.8,24.3,0.01909,0.96,0.0,0.05,829.38,368.94,460.43,365.99,0.445
7278,303,24.7,24.33,0.01916,0.97,0.0,0.05,829.27,365.46,463.81,367.06,0.441
7279,303,24.6,24.35,0.01924,0.98,1.0,0.05,831.31,363.22,468.09,368.83,0.437
7280,303,24.5,24.25,0.01911,0.98,53.0,0.525,1694.13,907.94,786.19,574.1,0.536
7281,303,26.2,25.02,0.01965,0.91,214.0,1.0,2847.12,1683.46,1163.66,892.3,0.591
7282,303,27.8,25.6,0.01993,0.84,384.0,1.0,3176.23,1984.89,1191.35,972.63,0.625
7283,303,29.5,26.31,0.02044,0.78,525.0,1.0,3496.25,2255.17,1241.08,1076.06,0.645
7284,303,29.7,25.87,0.01959,0.74,623.0,1.0,3552.21,2393.71,1158.49,1009.52,0.674
7285,303,30.0,25.5,0.01883,0.7,668.0,1.0,3553.94,2469.22,1084.72,954.3,0.695
7286,303,30.0,25.83,0.01941,0.72,656.0,1.0,3596.6,2456.0,1140.6,1004.04,0.683
7287,303,29.7,25.71,0.01936,0.73,590.0,1.0,3493.54,2357.74,1135.8,989.32,0.675
7288,303,29.4,25.59,0.01929,0.74,473.0,1.0,3322.27,2193.62,1128.65,972.52,0.66
7289,303,29.1,25.63,0.01947,0.76,317.0,1.0,3125.89,1979.09,1146.79,978.22,0.633
7290,303,28.2,25.69,0.01996,0.82,143.0,1.0,2903.95,1710.19,1193.77,988.7,0.589
7291,303,27.0,25.53,0.02018,0.89,14.0,0.5,1798.11,951.21,846.89,691.57,0.529
7292,303,26.6,25.41,0.02015,0.91,0.0,0.05,954.81,440.96,513.85,436.92,0.462
7293,303,26.3,25.25,0.01999,0.92,0.0,0.05,936.01,430.28,505.74,425.72,0.46
7294,303,26.0,24.96,0.01963,0.92,0.0,0.05,906.95,419.52,487.44,406.49,0.463
7295,303,25.9,24.99,0.01973,0.93,0.0,0.05,907.71,415.26,492.45,408.84,0.457
7296,304,25.9,24.99,0.01973,0.93,0.0,0.05,906.8,414.35,492.45,408.84,0.457
7297,304,26.0,25.09,0.01983,0.93,0.0,0.05,914.38,416.85,497.53,414.44,0.456
7298,304,26.1,25.32,0.02019,0.94,0.0,0.05,935.4,419.51,515.88,430.51,0.448
7299,304,26.1,25.32,0.02019,0.94,0.0,0.05,934.93,419.04,515.88,430.51,0.448
7300,304,26.0,25.36,0.02029,0.95,0.0,0.05,936.16,415.36,520.81,432.79,0.444
7301,304,25.9,25.26,0.02016,0.95,0.0,0.05,926.23,411.66,514.57,426.27,0.444
7302,304,25.8,25.16,0.02004,0.95,0.0,0.05,916.32,407.96,508.36,419.78,0.445
7303,304,26.0,25.22,0.02007,0.94,1.0,0.05,925.06,415.38,509.68,424.02,0.449
7304,304,26.5,25.45,0.02024,0.92,55.0,0.525,1870.71,1001.17,869.53,696.2,0.535
7305,304,28.2,25.83,0.02014,0.83,217.0,1.0,3009.34,1797.17,1212.17,1005.09,0.597
7306,304,30.0,26.31,0.02018,0.75,387.0,1.0,3325.01,2109.26,1215.76,1070.93,0.634
7307,304,29.6,26.1,0.01998,0.76,528.0,1.0,3467.65,2271.59,1196.06,1039.48,0.655
7308,304,26.8,25.06,0.01941,0.87,624.0,1.0,3392.85,2251.81,1141.03,893.04,0.664
7309,304,24.0,24.0,0.0189,1.0,668.0,1.0,3254.13,2163.38,1090.75,750.82,0.665
7310,304,24.2,23.95,0.01874,0.98,657.0,1.0,3232.81,2157.52,1075.29,744.03,0.667
7311,304,24.4,23.9,0.01859,0.96,591.0,1.0,3142.53,2081.52,1061.01,738.28,0.662
7312,304,24.6,23.97,0.01864,0.95,475.0,1.0,3007.38,1941.73,1065.65,749.37,0.646
7313,304,24.8,23.92,0.01846,0.93,320.0,1.0,2800.55,1752.21,1048.33,740.92,0.626
7314,304,24.9,24.14,0.01876,0.94,122.0,1.0,2580.18,1502.65,1077.54,770.39,0.582
7315,304,25.0,24.24,0.01888,0.94,9.0,0.5,1602.71,850.41,752.3,561.07,0.531
7316,304,24.4,23.9,0.01857,0.96,0.0,0.05,792.15,358.07,434.09,338.82,0.452
7317,304,24.6,23.97,0.0186,0.95,0.0,0.05,799.4,363.87,435.53,343.16,0.455
7318,304,24.9,24.27,0.01893,0.95,0.0,0.05,825.24,373.18,452.06,360.99,0.452
7319,304,25.1,24.34,0.01895,0.94,0.0,0.05,832.85,379.47,453.38,365.24,0.456
7320,305,25.0,24.24,0.01884,0.94,0.0,0.05,823.6,376.08,447.52,359.02,0.457
7321,305,25.0,24.37,0.01906,0.95,0.0,0.05,834.85,375.92,458.93,368.01,0.45
7322,305,24.9,24.27,0.01897,0.95,0.0,0.05,826.51,372.5,454.01,362.53,0.451
7323,305,24.6,24.1,0.01882,0.96,0.0,0.05,809.17,362.48,446.69,351.96,0.448
7324,305,24.3,24.05,0.01887,0.98,0.0,0.05,801.59,352.3,449.29,349.21,0.439
7325,305,24.0,23.88,0.01874,0.99,0.0,0.05,784.56,341.97,442.59,339.12,0.436
7326,305,24.3,24.18,0.01907,0.99,0.0,0.05,810.53,351.21,459.32,357.11,0.433
7327,305,24.5,24.38,0.01931,0.99,1.0,0.05,830.0,358.72,471.28,369.74,0.432
7328,305,24.8,24.55,0.01946,0.98,55.0,0.525,1734.57,922.05,812.52,604.25,0.532
7329,305,26.6,25.14,0.01965,0.89,217.0,1.0,2871.6,1707.17,1164.43,906.9,0.595
7330,305,28.5,25.83,0.01998,0.81,387.0,1.0,3220.64,2024.43,1196.2,1001.31,0.629
7331,305,30.3,26.43,0.02026,0.74,527.0,1.0,3522.55,2299.08,1223.46,1088.23,0.653
7332,305,26.0,23.88,0.01784,0.84,625.0,1.0,3193.55,2205.9,987.65,728.68,0.691
7333,305,26.8,24.64,0.01872,0.84,668.0,1.0,3376.25,2302.26,1073.99,833.37,0.682
7334,305,27.7,25.36,0.01955,0.83,656.0,1.0,3487.85,2333.75,1154.11,936.0,0.669
7335,305,28.3,25.34,0.01928,0.79,590.0,1.0,3408.98,2280.98,1127.99,933.64,0.669
7336,305,29.0,25.23,0.01881,0.74,475.0,1.0,3253.41,2170.77,1082.63,917.64,0.667
7337,305,28.6,25.62,0.01965,0.79,319.0,1.0,3115.44,1951.48,1163.95,976.09,0.626
7338,305,27.0,25.53,0.02016,0.89,146.0,1.0,2861.42,1648.02,1213.4,964.41,0.576
7339,305,26.3,25.12,0.01977,0.91,15.0,0.5,1735.97,919.02,816.96,648.6,0.529
7340,305,25.6,24.83,0.01956,0.94,0.0,0.05,888.2,404.02,484.18,397.52,0.455
7341,305,25.5,24.86,0.01966,0.95,0.0,0.05,888.75,399.83,488.92,399.66,0.45
7342,305,25.5,24.86,0.01964,0.95,0.0,0.05,886.9,398.99,487.91,398.86,0.45
7343,305,25.4,24.89,0.01971,0.96,0.0,0.05,886.52,394.98,491.54,400.12,0.446
7344,306,25.0,24.24,0.01884,0.94,0.0,0.05,828.68,381.16,447.52,359.02,0.46
7345,306,25.0,24.24,0.01884,0.94,0.0,0.05,827.84,380.32,447.52,359.02,0.459
7346,306,25.0,24.11,0.01865,0.93,0.0,0.05,817.64,379.58,438.06,351.56,0.464
7347,306,24.8,24.04,0.01864,0.94,0.0,0.05,810.21,372.39,437.82,348.17,0.46
7348,306,24.7,24.07,0.01873,0.95,0.0,0.05,810.73,368.44,442.3,350.1,0.454
7349,306,24.5,24.0,0.0187,0.96,0.0,0.05,802.08,361.23,440.85,345.75,0.45
7350,306,24.7,24.2,0.01894,0.96,0.0,0.05,819.67,367.11,452.56,358.19,0.448
7351,306,24.8,24.3,0.01903,0.96,1.0,0.05,828.69,371.21,457.48,363.67,0.448
7352,306,25.0,24.5,0.01927,0.96,55.0,0.525,1731.22,932.97,798.25,597.13,0.539
7353,306,26.1,24.79,0.01927,0.9,217.0,1.0,2810.35,1683.63,1126.71,855.93,0.599
7354,306,27.2,25.03,0.01918,0.84,386.0,1.0,3076.32,1957.71,1118.6,887.0,0.636
7355,306,28.3,25.19,0.01899,0.78,527.0,1.0,3296.26,2196.49,1099.77,908.52,0.666
7356,306,29.0,25.23,0.01875,0.74,623.0,1.0,3434.48,2357.43,1077.04,912.66,0.686
7357,306,29.8,25.16,0.01832,0.69,667.0,1.0,3491.77,2457.04,1034.73,902.85,0.704
7358,306,30.5,25.12,0.01797,0.65,656.0,1.0,3482.23,2481.18,1001.04,897.23,0.713
7359,306,28.0,25.06,0.01893,0.79,493.0,1.0,3239.91,2145.37,1094.54,893.42,0.662
7360,306,27.9,25.26,0.01933,0.81,299.0,1.0,3024.97,1891.77,1133.19,924.35,0.625
7361,306,27.9,25.55,0.01982,0.83,121.0,1.0,2844.83,1663.74,1181.08,966.97,0.585
7362,306,26.9,25.16,0.01957,0.87,92.0,1.0,2731.59,1575.2,1156.4,910.19,0.577
7363,306,26.0,24.96,0.01963,0.92,12.0,0.5,1710.89,903.98,806.92,632.56,0.528
7364,306,25.0,24.5,0.01927,0.96,0.0,0.05,854.67,385.29,469.38,376.24,0.451
7365,306,25.0,24.5,0.01925,0.96,0.0,0.05,852.27,383.88,468.39,375.46,0.45
7366,306,24.9,24.4,0.01911,0.96,0.0,0.05,840.83,379.39,461.44,368.39,0.451
7367,306,24.9,24.4,0.01911,0.96,0.0,0.05,839.71,378.27,461.44,368.39,0.45
7368,307,25.0,24.24,0.01884,0.94,0.0,0.05,828.11,380.59,447.52,359.02,0.46
7369,307,24.9,24.01,0.01852,0.93,0.0,0.05,807.88,376.54,431.34,344.66,0.466
7370,307,24.9,23.76,0.01811,0.91,0.0,0.05,786.46,375.81,410.65,328.35,0.478
7371,307,25.0,24.24,0.01886,0.94,0.0,0.05,826.95,378.46,448.49,359.78,0.458
7372,307,24.9,24.01,0.01854,0.93,0.0,0.05,806.99,374.7,432.29,345.41,0.464
7373,307,24.9,24.01,0.01854,0.93,0.0,0.05,806.51,374.22,432.29,345.41,0.464
7374,307,25.0,24.24,0.01888,0.94,0.0,0.05,826.55,377.09,449.46,360.55,0.456
7375,307,25.0,24.24,0.01886,0.94,1.0,0.05,826.57,378.08,448.49,359.78,0.457
7376,307,24.8,24.17,0.01881,0.95,55.0,0.05,886.73,440.53,446.2,354.77,0.497
7377,307,25.0,24.24,0.01884,0.94,216.0,0.15,1270.26,755.63,514.63,403.39,0.595
7378,307,26.9,24.88,0.01905,0.85,386.0,0.15,1565.98,1039.61,526.37,447.04,0.664
7379,307,28.8,25.51,0.01929,0.77,526.0,0.15,1825.89,1286.32,539.58,491.88,0.704
7380,307,29.4,25.91,0.01974,0.76,621.0,0.15,1995.92,1431.12,564.81,523.03,0.717
7381,307,30.0,26.31,0.0202,0.75,665.0,0.15,2100.87,1510.6,590.27,554.38,0.719
7382,307,29.5,25.53,0.01909,0.73,654.0,0.15,2010.06,1481.34,528.72,495.71,0.737
7383,307,29.4,25.6,0.01925,0.74,588.0,0.15,1932.13,1394.83,537.3,500.84,0.722
7384,307,29.2,25.57,0.01928,0.75,473.0,0.05,1601.09,1131.03,470.06,444.02,0.706
7385,307,29.1,25.78,0.01972,0.77,318.0,0.05,1421.89,929.97,491.92,459.65,0.654
7386,307,28.4,25.43,0.01939,0.79,145.0,0.05,1161.61,685.93,475.68,435.65,0.59
7387,307,27.8,25.31,0.01944,0.82,15.0,0.05,977.8,499.78,478.02,427.89,0.511
7388,307,27.1,24.93,0.01911,0.84,0.0,0.05,918.53,457.45,461.08,403.32,0.498
7389,307,26.6,24.87,0.0192,0.87,0.0,0.05,906.26,440.5,465.76,399.01,0.486
7390,307,26.1,24.66,0.01905,0.89,0.0,0.05,881.34,423.32,458.02,384.91,0.48
7391,307,26.1,24.66,0.01905,0.89,0.0,0.05,880.36,422.33,458.02,384.91,0.48
7392,308,25.9,24.73,0.01925,0.91,0.0,0.05,883.29,414.92,468.38,389.86,0.47
7393,308,25.7,24.67,0.01925,0.92,0.0,0.05,875.94,407.49,468.44,386.71,0.465
7394,308,25.5,24.73,0.01944,0.94,0.0,0.05,878.21,400.06,478.15,391.16,0.456
7395,308,25.4,24.5,0.01911,0.93,0.0,0.05,857.36,395.91,461.45,376.4,0.462
7396,308,25.2,24.31,0.0189,0.93,0.0,0.05,839.19,388.53,450.66,364.7,0.463
7397,308,25.1,24.21,0.01878,0.93,0.0,0.05,829.24,384.42,444.82,358.49,0.464
7398,308,25.2,24.31,0.01888,0.93,0.0,0.05,836.6,386.91,449.69,363.93,0.462
7399,308,25.3,24.41,0.019,0.93,1.0,0.05,846.42,390.86,455.55,370.15,0.462
7400,308,25.4,24.63,0.01932,0.94,55.0,0.05,935.09,462.94,472.15,384.83,0.495
7401,308,26.1,24.93,0.01949,0.91,215.0,0.15,1345.96,795.35,550.61,452.22,0.591
7402,308,26.8,25.34,0.01987,0.89,384.0,0.15,1608.68,1036.62,572.06,482.12,0.644
7403,308,27.5,25.74,0.02025,0.87,524.0,0.15,1834.22,1241.1,593.12,511.7,0.677
7404,308,27.0,25.53,0.02012,0.89,620.0,0.15,1933.27,1347.77,585.51,496.57,0.697
7405,308,26.0,25.22,0.02005,0.94,664.0,0.15,1951.6,1369.9,581.7,475.51,0.702
7406,308,26.5,25.45,0.02024,0.92,652.0,0.15,1963.79,1371.69,592.09,492.89,0.698
7407,308,26.5,25.32,0.02001,0.91,491.0,0.15,1744.83,1165.31,579.51,482.74,0.668
7408,308,26.4,25.08,0.01968,0.9,298.0,0.05,1299.39,809.24,490.15,415.03,0.623
7409,308,26.4,24.95,0.01948,0.89,121.0,0.05,1062.01,582.24,479.77,406.85,0.548
7410,308,25.9,24.6,0.01909,0.9,55.0,0.05,941.52,481.21,460.32,383.51,0.511
7411,308,25.3,24.15,0.01861,0.91,6.0,0.05,834.61,398.39,436.23,354.92,0.477
7412,308,24.8,23.66,0.01803,0.91,0.0,0.05,780.57,373.67,406.9,323.8,0.479
7413,308,24.0,24.0,0.01892,1.0,0.0,0.05,798.04,346.58,451.46,346.11,0.434
7414,308,24.2,23.95,0.01874,0.98,0.0,0.05,794.37,351.91,442.46,342.22,0.443
7415,308,24.4,23.9,0.01857,0.96,0.0,0.05,791.62,357.54,434.09,338.82,0.452
7416,309,24.5,23.88,0.01849,0.95,0.0,0.05,789.9,360.13,429.76,337.02,0.456
7417,309,24.6,23.97,0.01862,0.95,0.0,0.05,799.37,362.88,436.49,343.92,0.454
7418,309,24.7,23.95,0.01853,0.94,0.0,0.05,797.81,365.76,432.04,342.02,0.458
7419,309,24.8,24.04,0.01864,0.94,0.0,0.05,806.58,368.77,437.82,348.17,0.457
7420,309,25.0,24.11,0.01869,0.93,0.0,0.05,815.13,375.15,439.98,353.08,0.46
7421,309,25.1,24.21,0.0188,0.93,0.0,0.05,824.19,378.4,445.79,359.26,0.459
7422,309,25.2,24.18,0.01871,0.92,0.0,0.05,822.77,381.71,441.06,357.12,0.464
7423,309,25.4,24.37,0.01894,0.92,1.0,0.05,842.36,389.65,452.71,369.51,0.463
7424,309,25.5,24.47,0.01904,0.92,54.0,0.525,1733.11,952.08,781.02,595.1,0.549
7425,309,27.2,25.17,0.01946,0.85,215.0,1.0,2882.89,1737.53,1145.36,910.81,0.603
7426,309,29.0,26.0,0.0201,0.79,383.0,1.0,3255.39,2047.18,1208.21,1029.41,0.629
7427,309,31.4,26.95,0.02074,0.71,523.0,1.0,3622.43,2352.82,1269.61,1167.58,0.65
7428,309,30.0,26.31,0.02022,0.75,619.0,1.0,3626.89,2407.12,1219.77,1074.5,0.664
7429,309,29.8,25.97,0.01971,0.74,663.0,1.0,3625.15,2455.31,1169.84,1023.1,0.677
7430,309,29.7,25.87,0.01961,0.74,652.0,1.0,3598.15,2437.71,1160.44,1011.25,0.677
7431,309,28.5,25.52,0.01955,0.79,586.0,1.0,3447.0,2292.51,1154.49,964.19,0.665
7432,309,27.3,25.26,0.01962,0.85,472.0,1.0,3245.53,2084.8,1160.73,927.98,0.642
7433,309,26.1,24.92,0.01959,0.91,317.0,1.0,2981.58,1823.69,1157.89,883.68,0.612
7434,309,26.3,25.12,0.01981,0.91,145.0,1.0,2791.6,1612.33,1179.28,909.67,0.578
7435,309,26.4,25.22,0.01993,0.91,15.0,0.5,1752.92,924.23,828.69,661.1,0.527
7436,309,26.6,25.28,0.01992,0.9,0.0,0.05,940.1,437.79,502.31,427.82,0.466
7437,309,26.3,25.12,0.01979,0.91,0.0,0.05,922.97,427.53,495.44,417.6,0.463
7438,309,26.0,24.83,0.01941,0.91,0.0,0.05,893.48,417.15,476.33,397.73,0.467
7439,309,25.7,24.67,0.01927,0.92,0.0,0.05,876.08,406.65,469.44,387.5,0.464
7440,310,25.6,24.7,0.01937,0.93,0.0,0.05,876.96,402.61,474.34,389.76,0.459
7441,310,25.6,24.7,0.01937,0.93,0.0,0.05,876.24,401.9,474.34,389.76,0.459
7442,310,25.5,24.73,0.01946,0.94,0.0,0.05,877.15,398.0,479.15,391.95,0.454
7443,310,25.0,24.24,0.01889,0.94,0.0,0.05,831.44,381.0,450.44,361.32,0.458
7444,310,24.9,24.14,0.01878,0.94,0.0,0.05,821.49,376.9,444.59,355.11,0.459
7445,310,24.9,24.14,0.0188,0.94,0.0,0.05,821.68,376.12,445.56,355.87,0.458
7446,310,24.9,24.14,0.01878,0.94,0.0,0.05,820.04,375.45,444.59,355.11,0.458
7447,310,25.0,24.24,0.01889,0.94,1.0,0.05,829.87,379.43,450.44,361.32,0.457
7448,310,25.7,24.54,0.01907,0.91,54.0,0.525,1746.62,962.79,783.83,602.58,0.551
7449,310,26.8,24.92,0.01922,0.86,214.0,1.0,2840.17,1717.69,1122.48,876.53,0.605
7450,310,27.9,25.4,0.01956,0.82,383.0,1.0,3147.15,1991.97,1155.18,943.92,0.633
7451,310,29.0,25.84,0.01982,0.78,522.0,1.0,3409.06,2228.34,1180.71,1004.93,0.654
7452,310,28.0,25.06,0.01893,0.79,518.0,1.0,3267.97,2173.43,1094.54,893.42,0.665
7453,310,25.0,24.24,0.01888,0.94,419.0,1.0,2981.37,1892.59,1088.78,783.88,0.635
7454,310,25.0,24.11,0.01867,0.93,247.0,1.0,2739.59,1670.92,1068.67,765.98,0.61
7455,310,25.2,24.31,0.0189,0.93,222.0,1.0,2739.36,1648.27,1091.09,792.9,0.602
7456,310,25.5,24.73,0.01948,0.94,179.0,1.0,2755.82,1607.94,1147.88,853.88,0.583
7457,310,25.7,24.93,0.01972,0.94,120.0,1.0,2713.42,1542.2,1171.22,881.62,0.568
7458,310,26.0,25.22,0.02009,0.94,55.0,1.0,2680.82,1474.11,1206.72,923.65,0.55
7459,310,25.0,24.24,0.01889,0.94,6.0,0.5,1601.5,847.8,753.7,562.27,0.529
7460,310,25.0,24.11,0.01869,0.93,0.0,0.05,818.8,378.82,439.98,353.08,0.463
7461,310,25.0,24.24,0.01888,0.94,0.0,0.05,827.75,378.29,449.46,360.55,0.457
7462,310,25.0,24.37,0.01906,0.95,0.0,0.05,836.76,377.83,458.93,368.01,0.452
7463,310,25.0,24.5,0.01927,0.96,0.0,0.05,846.81,377.44,469.38,376.24,0.446
7464,311,24.9,24.52,0.01936,0.97,0.0,0.05,847.61,373.81,473.8,378.13,0.441
7465,311,24.8,24.42,0.01924,0.97,0.0,0.05,837.98,370.17,467.8,371.8,0.442
7466,311,24.7,24.45,0.01934,0.98,0.0,0.05,839.62,366.52,473.1,374.38,0.437
7467,311,24.6,24.35,0.01922,0.98,0.0,0.05,829.96,362.86,467.1,368.04,0.437
7468,311,24.4,24.28,0.01919,0.99,0.0,0.05,821.19,355.9,465.28,363.41,0.433
7469,311,24.3,24.18,0.01907,0.99,0.0,0.05,811.48,352.16,459.32,357.11,0.434
7470,311,24.1,24.1,0.01903,1.0,0.0,0.05,802.52,345.13,457.39,352.39,0.43
7471,311,24.0,24.0,0.01892,1.0,1.0,0.05,794.07,342.61,451.46,346.11,0.431
7472,311,25.0,24.11,0.01867,0.93,70.0,0.525,1703.52,949.68,753.84,559.15,0.557
7473,311,27.0,25.53,0.02016,0.89,263.0,1.0,3000.29,1786.89,1213.4,964.41,0.596
7474,311,28.3,25.64,0.01978,0.81,431.0,1.0,3247.82,2070.87,1176.96,977.22,0.638
7475,311,29.7,26.03,0.01985,0.75,522.0,1.0,3444.94,2261.86,1183.09,1031.41,0.657
7476,311,29.6,25.94,0.01975,0.75,617.0,1.0,3554.78,2381.17,1173.61,1019.49,0.67
7477,311,29.5,25.84,0.01965,0.75,661.0,1.0,3598.82,2434.64,1164.18,1007.62,0.677
7478,311,29.4,25.91,0.0198,0.76,650.0,1.0,3596.18,2417.21,1178.97,1017.3,0.672
7479,311,27.0,25.53,0.0202,0.89,584.0,1.0,3427.65,2210.23,1217.42,967.99,0.645
7480,311,26.0,25.22,0.02011,0.94,470.0,1.0,3220.94,2012.22,1208.72,925.43,0.625
7481,311,26.1,25.32,0.02023,0.94,316.0,1.0,3039.76,1819.07,1220.7,939.58,0.598
7482,311,26.2,25.29,0.02013,0.93,145.0,1.0,2815.28,1604.28,1211.0,934.43,0.57
7483,311,26.4,25.35,0.02015,0.92,15.0,0.5,1766.78,921.67,845.11,675.1,0.522
7484,311,26.5,25.32,0.02003,0.91,0.0,0.05,939.98,432.3,507.68,430.45,0.46
7485,311,26.2,25.29,0.02011,0.93,0.0,0.05,934.18,422.28,511.9,428.97,0.452
7486,311,25.8,25.03,0.01982,0.94,0.0,0.05,906.18,408.82,497.36,411.11,0.451
7487,311,25.5,24.99,0.01987,0.96,0.0,0.05,898.14,398.44,499.7,408.15,0.444
7488,312,25.2,24.95,0.01995,0.98,0.0,0.05,891.56,387.94,503.62,406.43,0.435
7489,312,25.0,25.0,0.02012,1.0,0.0,0.05,892.89,380.63,512.27,410.05,0.426
7490,312,25.8,24.76,0.01941,0.92,0.0,0.05,882.5,406.1,476.4,394.59,0.46
7491,312,25.4,24.89,0.01979,0.96,0.0,0.05,888.41,392.8,495.61,403.33,0.442
7492,312,25.0,25.0,0.02014,1.0,0.0,0.05,892.59,379.28,513.31,410.87,0.425
7493,312,24.9,24.65,0.01962,0.98,0.0,0.05,862.64,375.41,487.23,388.72,0.435
7494,312,24.9,24.78,0.01983,0.99,0.0,0.05,872.5,374.83,497.66,396.94,0.43
7495,312,25.0,25.0,0.02014,1.0,1.0,0.05,892.21,378.9,513.31,410.87,0.425
7496,312,25.7,25.45,0.02057,0.98,53.0,0.525,1855.28,961.05,894.23,697.0,0.518
7497,312,24.0,23.26,0.01775,0.94,178.0,1.0,2505.75,1526.62,979.13,651.48,0.609
7498,312,24.4,23.78,0.01837,0.95,241.0,1.0,2666.93,1627.12,1039.81,719.41,0.61
7499,312,24.8,24.3,0.01901,0.96,198.0,1.0,2694.36,1592.03,1102.33,788.98,0.591
7500,312,24.9,24.65,0.01956,0.98,234.0,1.0,2798.77,1643.12,1155.65,839.92,0.587
7501,312,25.0,25.0,0.02012,1.0,250.0,1.0,2878.36,1668.65,1209.71,891.51,0.58
7502,312,26.0,25.22,0.02009,0.94,246.0,1.0,2921.77,1715.05,1206.72,923.65,0.587
7503,312,26.5,25.18,0.0198,0.9,369.0,1.0,3077.98,1899.19,1178.8,916.21,0.617
7504,312,27.0,25.11,0.01948,0.86,393.0,1.0,3103.78,1956.57,1147.21,905.5,0.63
7505,312,27.5,25.02,0.01913,0.82,316.0,1.0,2998.3,1884.6,1113.7,893.07,0.629
7506,312,26.9,25.02,0.01936,0.86,145.0,1.0,2771.24,1635.47,1135.77,891.83,0.59
7507,312,26.3,24.99,0.01956,0.9,15.0,0.5,1715.82,913.68,802.14,635.97,0.533
7508,312,25.7,24.93,0.0197,0.94,0.0,0.05,893.95,402.69,491.26,404.7,0.45
7509,312,25.8,25.03,0.0198,0.94,0.0,0.05,902.09,405.75,496.34,410.31,0.45
7510,312,26.0,25.22,0.02005,0.94,0.0,0.05,920.83,412.19,508.64,423.2,0.448
7511,312,25.7,24.93,0.01968,0.94,0.0,0.05,892.6,402.36,490.24,403.9,0.451
7512,313,25.4,24.63,0.01932,0.94,0.0,0.05,864.5,392.35,472.15,384.83,0.454
7513,313,25.2,24.44,0.01909,0.94,0.0,0.05,845.7,385.45,460.25,372.26,0.456
7514,313,24.9,24.14,0.01874,0.94,0.0,0.05,817.85,375.19,442.66,353.58,0.459
7515,313,24.9,24.14,0.01876,0.94,0.0,0.05,818.27,374.65,443.62,354.34,0.458
7516,313,25.0,24.24,0.01889,0.94,0.0,0.05,827.9,377.46,450.44,361.32,0.456
7517,313,24.2,23.95,0.01878,0.98,0.0,0.05,795.26,350.87,444.39,343.74,0.441
7518,313,24.6,24.1,0.01884,0.96,0.0,0.05,810.85,363.19,447.66,352.72,0.448
7519,313,25.0,24.24,0.01888,0.94,1.0,0.05,826.62,377.16,449.46,360.55,0.456
7520,313,25.4,24.63,0.01934,0.94,53.0,0.525,1750.65,946.88,803.76,612.0,0.541
7521,313,27.0,25.53,0.02014,0.89,212.0,1.0,2934.96,1723.56,1211.4,962.63,0.587
7522,313,26.8,25.61,0.02036,0.91,380.0,1.0,3162.52,1929.85,1232.67,974.6,0.61
7523,313,26.6,25.68,0.02057,0.93,519.0,1.0,3351.81,2098.66,1253.15,985.86,0.626
7524,313,26.1,25.32,0.02017,0.94,514.0,1.0,3281.71,2067.05,1214.66,934.21,0.63
7525,313,25.6,25.09,0.02001,0.96,416.0,1.0,3115.13,1915.75,1199.38,903.2,0.615
7526,313,25.1,24.85,0.01983,0.98,246.0,1.0,2852.92,1671.75,1181.16,869.58,0.586
7527,313,26.0,25.22,0.02009,0.94,368.0,1.0,3080.98,1874.26,1206.72,923.65,0.608
7528,313,26.1,25.32,0.02023,0.94,392.0,1.0,3131.09,1910.4,1220.7,939.58,0.61
7529,313,26.2,25.42,0.02036,0.94,316.0,1.0,3051.04,1818.3,1232.74,953.78,0.596
7530,313,25.0,25.0,0.02014,1.0,133.0,1.0,2733.61,1521.9,1211.71,893.29,0.557
7531,313,25.0,24.24,0.01888,0.94,13.0,0.5,1607.89,855.59,752.3,561.07,0.532
7532,313,25.0,24.24,0.01888,0.94,0.0,0.05,827.25,377.79,449.46,360.55,0.457
7533,313,25.0,24.24,0.01886,0.94,0.0,0.05,825.89,377.4,448.49,359.78,0.457
7534,313,25.0,24.24,0.01886,0.94,0.0,0.05,825.56,377.06,448.49,359.78,0.457
7535,313,24.6,24.48,0.01941,0.99,0.0,0.05,839.96,363.65,476.31,375.31,0.433
7536,314,24.8,24.8,0.01987,1.0,0.0,0.05,869.54,369.71,499.83,397.05,0.425
7537,314,25.0,25.0,0.02012,1.0,0.0,0.05,888.23,375.96,512.27,410.05,0.423
7538,314,24.6,24.48,0.01945,0.99,0.0,0.05,841.02,362.7,478.32,376.89,0.431
7539,314,24.4,24.28,0.01921,0.99,0.0,0.05,822.04,355.77,466.27,364.19,0.433
7540,314,24.3,24.18,0.01911,0.99,0.0,0.05,813.33,352.04,461.29,358.66,0.433
7541,314,24.1,23.98,0.01887,0.99,0.0,0.05,794.46,345.03,449.43,346.12,0.434
7542,314,24.0,24.0,0.01893,1.0,0.0,0.05,793.67,341.24,452.44,346.88,0.43
7543,314,24.0,24.0,0.01893,1.0,1.0,0.05,794.45,342.02,452.44,346.88,0.431
7544,314,25.0,24.87,0.01993,0.99,52.0,0.05,942.62,439.81,502.81,402.6,0.467
7545,314,26.5,25.58,0.02048,0.93,211.0,0.15,1404.4,798.55,605.85,503.99,0.569
7546,314,27.9,26.12,0.02081,0.87,378.0,0.15,1686.69,1062.61,624.08,543.89,0.63
7547,314,29.4,26.68,0.02113,0.81,517.0,0.15,1936.56,1294.95,641.62,585.02,0.669
7548,314,29.4,26.52,0.02088,0.8,613.0,0.15,2048.49,1420.63,627.86,573.92,0.694
7549,314,29.4,26.37,0.02063,0.79,657.0,0.15,2093.36,1479.27,614.09,562.81,0.707
7550,314,29.4,26.22,0.02038,0.78,647.0,0.15,2068.64,1468.34,600.3,551.68,0.71
7551,314,29.6,26.09,0.02008,0.76,582.0,0.15,1977.15,1393.56,583.59,541.79,0.705
7552,314,29.9,26.05,0.01991,0.74,469.0,0.05,1650.12,1148.52,501.6,480.09,0.696
7553,314,30.1,25.92,0.01958,0.72,316.0,0.05,1445.59,960.35,485.23,470.39,0.664
7554,314,30.0,26.31,0.02031,0.75,144.0,0.05,1259.58,737.88,521.69,497.53,0.586
7555,314,29.0,25.99,0.02017,0.79,15.0,0.05,1055.41,540.79,514.62,475.94,0.512
7556,314,27.9,25.83,0.02036,0.85,0.0,0.05,1010.28,485.86,524.42,466.06,0.481
7557,314,28.0,25.79,0.02019,0.84,0.0,0.05,1004.77,488.8,515.97,461.0,0.486
7558,314,27.0,25.53,0.02016,0.89,0.0,0.05,969.95,455.76,514.19,443.58,0.47
7559,314,26.2,25.55,0.02054,0.95,0.0,0.05,962.09,428.7,533.4,445.92,0.446
7560,315,24.0,24.0,0.01892,1.0,0.0,0.05,806.77,355.31,451.46,346.11,0.44
7561,315,24.0,24.0,0.01892,1.0,0.0,0.05,804.36,352.9,451.46,346.11,0.439
7562,315,23.6,23.6,0.01847,1.0,0.0,0.05,773.12,344.09,429.03,328.43,0.445
7563,315,23.4,23.4,0.01824,1.0,0.0,0.05,756.2,338.68,417.52,319.36,0.448
7564,315,23.2,23.2,0.01804,1.0,0.0,0.05,740.5,333.42,407.07,311.12,0.45
7565,315,23.0,23.0,0.01781,1.0,0.0,0.05,724.11,328.3,395.81,302.25,0.453
7566,315,23.1,22.98,0.01774,0.99,0.0,0.05,720.45,328.33,392.12,299.34,0.456
7567,315,23.1,22.98,0.01774,0.99,1.0,0.05,720.36,328.25,392.12,299.34,0.456
7568,315,23.2,22.96,0.01767,0.98,52.0,0.05,782.51,394.17,388.34,296.36,0.504
7569,315,24.0,23.26,0.01775,0.94,211.0,0.15,1165.26,710.99,454.27,336.69,0.61
7570,315,25.5,23.81,0.01799,0.87,379.0,0.15,1446.05,978.34,467.72,374.53,0.677
7571,315,27.0,24.26,0.01808,0.8,519.0,0.15,1683.32,1210.74,472.58,405.43,0.719
7572,315,27.5,24.73,0.01863,0.8,614.0,0.15,1854.76,1351.49,503.27,439.2,0.729
7573,315,28.0,25.35,0.01947,0.81,657.0,0.15,1975.28,1425.64,549.64,485.61,0.722
7574,315,28.5,25.82,0.02006,0.81,646.0,0.15,2013.14,1430.62,582.52,521.14,0.711
7575,315,28.2,25.39,0.01947,0.8,487.0,0.15,1767.9,1218.01,549.89,489.41,0.689
7576,315,28.0,25.05,0.01899,0.79,296.0,0.05,1314.49,859.1,455.39,413.25,0.654
7577,315,27.0,24.4,0.01835,0.81,120.0,0.05,1024.42,601.58,422.84,371.58,0.587
7578,315,26.5,24.49,0.01871,0.85,55.0,0.05,943.0,502.07,440.93,377.84,0.532
7579,315,26.0,24.56,0.01901,0.89,6.0,0.05,878.84,422.75,456.09,381.78,0.481
7580,315,25.6,24.44,0.01896,0.91,0.0,0.05,855.2,401.56,453.65,373.45,0.47
7581,315,25.5,24.34,0.01884,0.91,0.0,0.05,845.51,397.71,447.81,367.25,0.47
7582,315,25.5,24.34,0.01882,0.91,0.0,0.05,843.99,397.15,446.84,366.48,0.471
7583,315,25.4,24.11,0.0185,0.9,0.0,0.05,823.73,393.39,430.35,351.88,0.478
7584,316,25.2,24.18,0.01869,0.92,0.0,0.05,826.44,386.35,440.09,356.36,0.467
7585,316,25.0,24.24,0.01888,0.94,0.0,0.05,828.72,379.25,449.46,360.55,0.458
7586,316,25.0,24.24,0.01889,0.94,0.0,0.05,829.1,378.66,450.44,361.32,0.457
7587,316,24.7,24.07,0.01875,0.95,0.0,0.05,811.58,368.31,443.27,350.86,0.454
7588,316,24.3,23.8,0.01851,0.96,0.0,0.05,785.74,354.57,431.18,334.93,0.451
7589,316,24.0,23.75,0.01856,0.98,0.0,0.05,777.63,343.93,433.7,332.11,0.442
7590,316,24.0,23.51,0.01817,0.96,0.0,0.05,757.08,343.06,414.01,316.6,0.453
7591,316,24.0,23.26,0.01777,0.94,1.0,0.05,737.03,343.59,393.43,300.37,0.466
7592,316,24.6,23.97,0.01862,0.95,51.0,0.525,1659.42,909.27,750.15,545.82,0.548
7593,316,26.1,24.52,0.01886,0.88,210.0,1.0,2760.51,1672.95,1087.57,821.09,0.606
7594,316,27.6,25.12,0.01921,0.82,377.0,1.0,3086.46,1965.34,1121.13,903.17,0.637
7595,316,29.1,25.79,0.01968,0.77,516.0,1.0,3389.25,2222.64,1166.61,995.86,0.656
7596,316,30.0,25.67,0.01911,0.71,612.0,1.0,3506.22,2394.54,1111.69,978.3,0.683
7597,316,31.0,25.73,0.01882,0.66,657.0,1.0,3590.02,2506.43,1083.59,988.1,0.698
7598,316,31.5,25.3,0.01789,0.61,647.0,1.0,3515.23,2522.24,992.99,924.87,0.718
7599,316,31.3,25.3,0.018,0.62,583.0,1.0,3436.13,2432.59,1003.54,927.3,0.708
7600,316,31.2,25.38,0.01821,0.63,469.0,1.0,3307.48,2283.46,1024.01,942.04,0.69
7601,316,31.0,25.38,0.01831,0.64,316.0,1.0,3112.56,2078.78,1033.78,943.77,0.668
7602,316,30.0,25.5,0.01889,0.7,145.0,1.0,2899.69,1809.35,1090.35,959.31,0.624
7603,316,29.0,25.54,0.01936,0.76,15.0,0.5,1827.46,1040.24,787.22,690.51,0.569
7604,316,28.0,25.5,0.0197,0.82,0.0,0.05,982.8,491.87,490.93,441.26,0.5
7605,316,27.0,25.53,0.02016,0.89,0.0,0.05,972.6,458.42,514.19,443.58,0.471
7606,316,27.0,25.11,0.01946,0.86,0.0,0.05,936.04,457.23,478.8,415.69,0.488
7607,316,27.0,24.83,0.01899,0.84,0.0,0.05,911.47,456.21,455.26,397.14,0.501
7608,317,26.5,24.77,0.01912,0.87,0.0,0.05,900.79,438.93,461.86,394.33,0.487
7609,317,26.1,24.93,0.01955,0.91,0.0,0.05,908.06,424.73,483.33,404.86,0.468
7610,317,25.6,24.96,0.01984,0.95,0.0,0.05,905.24,407.15,498.09,408.48,0.45
7611,317,26.0,25.22,0.02011,0.94,0.0,0.05,930.7,418.94,511.75,425.66,0.45
7612,317,25.7,25.06,0.01996,0.95,0.0,0.05,912.44,408.2,504.24,414.93,0.447
7613,317,25.4,24.89,0.01981,0.96,0.0,0.05,894.03,397.39,496.64,404.14,0.444
7614,317,25.7,25.06,0.01996,0.95,0.0,0.05,910.46,406.21,504.24,414.93,0.446
7615,317,26.0,25.22,0.02011,0.94,1.0,0.05,928.4,416.64,511.75,425.66,0.449
7616,317,28.2,26.27,0.02094,0.86,51.0,0.525,1990.5,1068.88,921.61,783.94,0.537
7617,317,28.8,26.26,0.02067,0.82,208.0,1.0,3081.4,1818.58,1262.82,1071.04,0.59
7618,317,29.4,26.22,0.02034,0.78,375.0,1.0,3296.31,2065.01,1231.3,1063.88,0.626
7619,317,30.0,26.31,0.02022,0.75,515.0,1.0,3496.77,2277.0,1219.77,1074.5,0.651
7620,317,31.0,26.41,0.02,0.7,610.0,1.0,3650.16,2452.09,1198.07,1089.99,0.672
7621,317,31.4,26.27,0.01953,0.67,655.0,1.0,3684.94,2532.48,1152.46,1063.32,0.687
7622,317,31.9,26.01,0.01884,0.63,645.0,1.0,3632.35,2547.46,1084.89,1020.58,0.701
7623,317,31.4,25.92,0.01895,0.65,581.0,1.0,3537.54,2441.61,1095.93,1013.01,0.69
7624,317,30.9,25.81,0.01902,0.67,468.0,1.0,3375.48,2272.31,1103.16,1002.04,0.673
7625,317,30.4,25.7,0.01908,0.69,315.0,1.0,3159.73,2051.2,1108.53,989.41,0.649
7626,317,29.0,25.22,0.01885,0.74,145.0,1.0,2847.78,1761.4,1086.38,920.97,0.619
7627,317,28.3,25.49,0.01959,0.8,15.0,0.5,1817.82,1013.58,804.24,687.58,0.558
7628,317,27.7,25.64,0.0201,0.85,0.0,0.05,994.84,483.79,511.05,452.32,0.486
7629,317,28.0,25.79,0.02019,0.84,0.0,0.05,1008.53,492.56,515.97,461.0,0.488
7630,317,27.7,25.79,0.02032,0.86,0.0,0.05,1004.3,481.98,522.33,461.21,0.48
7631,317,27.4,25.78,0.02043,0.88,0.0,0.05,999.41,471.31,528.11,460.96,0.472
7632,318,27.2,25.72,0.02042,0.89,0.0,0.05,991.5,463.84,527.66,457.4,0.468
7633,318,27.0,25.53,0.02018,0.89,0.0,0.05,971.61,456.38,515.23,444.41,0.47
7634,318,26.5,25.45,0.02028,0.92,0.0,0.05,959.27,439.07,520.21,440.32,0.458
7635,318,26.2,25.29,0.02015,0.93,0.0,0.05,942.12,428.13,513.98,430.62,0.454
7636,318,26.0,25.22,0.02013,0.94,0.0,0.05,933.23,420.44,512.8,426.48,0.451
7637,318,26.1,25.45,0.02048,0.95,0.0,0.05,952.88,422.62,530.26,441.85,0.444
7638,318,26.2,25.68,0.02083,0.96,0.0,0.05,972.92,425.01,547.91,457.36,0.437
7639,318,26.3,25.78,0.02095,0.96,1.0,0.05,983.21,428.86,554.35,464.04,0.436
7640,318,26.4,26.01,0.02129,0.97,66.0,0.525,1961.57,1014.39,947.18,760.06,0.517
7641,318,28.0,25.79,0.02017,0.84,264.0,1.0,3064.78,1849.95,1214.83,1000.49,0.604
7642,318,29.0,26.0,0.0201,0.79,461.0,1.0,3363.1,2154.89,1208.21,1029.41,0.641
7643,318,30.0,26.31,0.02022,0.75,608.0,1.0,3615.99,2396.22,1219.77,1074.5,0.663
7644,318,29.5,27.22,0.02209,0.84,686.0,1.0,3873.71,2472.11,1401.6,1218.92,0.638
7645,318,29.0,28.18,0.02409,0.94,695.0,1.0,4055.08,2458.96,1596.12,1374.65,0.606
7646,318,30.4,26.84,0.02106,0.76,643.0,1.0,3766.12,2465.14,1300.98,1160.7,0.655
7647,318,30.1,26.4,0.02041,0.75,579.0,1.0,3606.56,2369.0,1237.56,1093.81,0.657
7648,318,29.7,25.87,0.01965,0.74,467.0,1.0,3370.09,2205.74,1164.35,1014.74,0.655
7649,318,29.4,25.43,0.01906,0.73,315.0,1.0,3102.27,1995.94,1106.33,952.65,0.643
7650,318,28.0,25.05,0.01897,0.79,145.0,1.0,2804.32,1706.01,1098.3,896.78,0.608
7651,318,27.6,25.26,0.01949,0.83,15.0,0.5,1777.39,980.49,796.9,663.88,0.552
7652,318,27.3,25.54,0.02009,0.87,0.0,0.05,977.76,466.87,510.89,445.79,0.477
7653,318,27.0,25.39,0.01994,0.88,0.0,0.05,959.63,456.22,503.41,435.09,0.475
7654,318,26.6,25.01,0.01945,0.88,0.0,0.05,920.47,442.21,478.26,408.86,0.48
7655,318,26.3,24.85,0.01932,0.89,0.0,0.05,903.16,431.36,471.8,398.97,0.478
7656,319,25.9,24.73,0.01929,0.91,0.0,0.05,887.54,417.17,470.36,391.43,0.47
7657,319,25.5,24.6,0.01925,0.93,0.0,0.05,871.25,402.88,468.37,383.46,0.462
7658,319,25.1,24.47,0.01922,0.95,0.0,0.05,855.35,388.5,466.84,375.85,0.454
7659,319,25.0,24.24,0.01889,0.94,0.0,0.05,834.32,383.89,450.44,361.32,0.46
7660,319,24.6,24.1,0.01886,0.96,0.0,0.05,818.18,369.55,448.63,353.49,0.452
7661,319,24.2,23.95,0.01881,0.98,0.0,0.05,801.46,355.12,446.34,345.28,0.443
7662,319,24.6,24.1,0.01886,0.96,0.0,0.05,815.5,366.87,448.63,353.49,0.45
7663,319,25.0,24.24,0.01889,0.94,1.0,0.05,830.78,380.34,450.44,361.32,0.458
7664,319,25.0,24.11,0.01869,0.93,50.0,0.525,1684.15,928.9,755.25,560.35,0.552
7665,319,26.0,25.22,0.02007,0.94,173.0,1.0,2828.77,1624.06,1204.72,921.87,0.574
7666,319,27.0,25.53,0.02016,0.89,236.0,1.0,2970.08,1756.67,1213.4,964.41,0.591
7667,319,27.5,25.31,0.01957,0.84,195.0,1.0,2887.28,1730.68,1156.6,931.26,0.599
7668,319,27.7,25.5,0.01981,0.84,231.0,1.0,2967.88,1788.18,1179.7,958.78,0.603
7669,319,27.8,25.6,0.01995,0.84,248.0,1.0,3009.47,1816.14,1193.33,974.39,0.603
7670,319,28.0,25.79,0.02019,0.84,244.0,1.0,3039.08,1822.24,1216.84,1002.28,0.6
7671,319,27.0,25.53,0.0202,0.89,220.0,1.0,2958.19,1740.77,1217.42,967.99,0.588
7672,319,27.0,25.39,0.01998,0.88,177.0,1.0,2882.43,1685.79,1196.64,949.49,0.585
7673,319,27.0,25.25,0.01975,0.87,119.0,1.0,2785.39,1611.54,1173.86,929.21,0.579
7674,319,26.5,25.04,0.01961,0.89,92.0,1.0,2711.86,1551.23,1160.64,900.04,0.572
7675,319,26.0,24.83,0.01945,0.91,13.0,0.5,1695.96,902.14,793.82,621.4,0.532
7676,319,25.5,24.73,0.01948,0.94,0.0,0.05,879.15,398.99,480.16,392.75,0.454
7677,319,25.4,24.5,0.01915,0.93,0.0,0.05,858.41,394.98,463.42,377.96,0.46
7678,319,25.4,24.5,0.01913,0.93,0.0,0.05,856.73,394.29,462.44,377.18,0.46
7679,319,25.3,24.41,0.019,0.93,0.0,0.05,845.96,390.41,455.55,370.15,0.461
7680,320,25.2,24.31,0.0189,0.93,0.0,0.05,837.21,386.55,450.66,364.7,0.462
7681,320,25.1,24.34,0.01899,0.94,0.0,0.05,838.04,382.71,455.34,366.78,0.457
7682,320,25.1,24.34,0.01901,0.94,0.0,0.05,838.47,382.16,456.32,367.55,0.456
7683,320,25.0,24.24,0.01889,0.94,0.0,0.05,828.84,378.4,450.44,361.32,0.457
7684,320,24.9,24.14,0.0188,0.94,0.0,0.05,820.21,374.65,445.56,355.87,0.457
7685,320,24.9,24.27,0.019,0.95,0.0,0.05,830.15,374.18,455.97,364.08,0.451
7686,320,25.0,24.24,0.01891,0.94,0.0,0.05,828.46,377.05,451.41,362.09,0.455
7687,320,25.0,24.24,0.01889,0.94,1.0,0.05,828.48,378.04,450.44,361.32,0.456
7688,320,25.4,24.11,0.01852,0.9,49.0,0.525,1685.06,942.51,742.55,559.65,0.559
7689,320,26.2,24.62,0.019,0.88,206.0,1.0,2775.9,1675.24,1100.66,836.22,0.603
7690,320,26.9,25.02,0.01934,0.86,373.0,1.0,3059.95,1926.1,1133.85,890.12,0.629
7691,320,27.7,25.36,0.01957,0.83,511.0,1.0,3301.34,2145.29,1156.05,937.73,0.65
7692,320,26.8,25.61,0.02038,0.91,507.0,1.0,3329.68,2094.98,1234.7,976.4,0.629
7693,320,26.0,26.0,0.02139,1.0,411.0,1.0,3264.64,1931.09,1333.54,1036.53,0.592
7694,320,26.6,25.28,0.01992,0.9,243.0,1.0,2937.07,1746.53,1190.54,930.14,0.595
7695,320,26.6,25.14,0.01971,0.89,366.0,1.0,3074.94,1904.64,1170.3,912.13,0.619
7696,320,26.6,25.0,0.01949,0.88,390.0,1.0,3083.81,1935.72,1148.09,892.36,0.628
7697,320,26.6,24.87,0.01926,0.87,315.0,1.0,2965.67,1839.78,1125.89,872.6,0.62
7698,320,26.0,25.22,0.02011,0.94,145.0,1.0,2799.69,1590.98,1208.72,925.43,0.568
7699,320,25.7,24.8,0.01953,0.93,15.0,0.5,1689.39,889.77,799.61,618.86,0.527
7700,320,25.4,24.5,0.01917,0.93,0.0,0.05,857.85,393.44,464.41,378.74,0.459
7701,320,25.4,24.5,0.01915,0.93,0.0,0.05,856.38,392.96,463.42,377.96,0.459
7702,320,25.4,24.5,0.01915,0.93,0.0,0.05,855.96,392.54,463.42,377.96,0.459
7703,320,25.4,24.5,0.01913,0.93,0.0,0.05,854.61,392.18,462.44,377.18,0.459
7704,321,25.0,24.24,0.01888,0.94,0.0,0.05,828.2,378.74,449.46,360.55,0.457
7705,321,25.0,24.24,0.01889,0.94,0.0,0.05,828.66,378.22,450.44,361.32,0.456
7706,321,25.0,24.24,0.01889,0.94,0.0,0.05,828.21,377.77,450.44,361.32,0.456
7707,321,24.9,24.14,0.0188,0.94,0.0,0.05,819.67,374.11,445.56,355.87,0.456
7708,321,24.9,24.27,0.019,0.95,0.0,0.05,829.68,373.71,455.97,364.08,0.45
7709,321,24.8,24.17,0.01891,0.95,0.0,0.05,821.15,370.08,451.06,358.61,0.451
7710,321,24.9,24.27,0.019,0.95,0.0,0.05,828.98,373.01,455.97,364.08,0.45
7711,321,25.0,24.5,0.01933,0.96,1.0,0.05,849.69,377.32,472.37,378.6,0.444
7712,321,25.1,24.6,0.01943,0.96,49.0,0.05,919.4,442.02,477.38,384.15,0.481
7713,321,25.9,24.86,0.01953,0.92,205.0,0.15,1325.37,772.45,552.92,450.48,0.583
7714,321,26.6,25.14,0.01967,0.89,371.0,0.15,1571.16,1010.17,560.99,469.58,0.643
7715,321,27.4,25.5,0.01993,0.86,510.0,0.15,1792.48,1217.11,575.37,495.59,0.679
7716,321,28.2,25.69,0.01991,0.82,507.0,0.15,1816.62,1242.29,574.34,509.14,0.684
7717,321,29.0,26.0,0.02012,0.79,411.0,0.15,1734.49,1148.51,585.97,532.92,0.662
7718,321,27.8,25.88,0.02046,0.86,243.0,0.15,1497.8,893.1,604.7,526.45,0.596
7719,321,27.9,25.83,0.02036,0.85,219.0,0.15,1465.64,866.63,599.02,523.66,0.591
7720,321,28.0,25.79,0.02023,0.84,177.0,0.05,1226.77,708.7,518.07,462.65,0.578
7721,321,27.1,25.49,0.02011,0.88,119.0,0.05,1117.13,605.52,511.62,443.16,0.542
7722,321,27.0,24.83,0.01903,0.84,55.0,0.05,977.44,520.22,457.22,398.68,0.532
7723,321,26.5,24.91,0.01937,0.88,6.0,0.05,915.27,440.97,474.3,404.14,0.482
7724,321,26.1,25.06,0.01979,0.92,0.0,0.05,915.39,419.84,495.55,414.48,0.459
7725,321,26.0,25.09,0.01987,0.93,0.0,0.05,915.62,416.05,499.58,416.06,0.454
7726,321,25.8,24.9,0.01961,0.93,0.0,0.05,895.36,408.98,486.38,402.45,0.457
7727,321,25.7,24.93,0.0197,0.94,0.0,0.05,896.39,405.13,491.26,404.7,0.452
7728,322,26.0,25.22,0.02007,0.94,0.0,0.05,924.1,414.43,509.68,424.02,0.448
7729,322,25.5,24.99,0.01989,0.96,0.0,0.05,898.47,397.74,500.73,408.96,0.443
7730,322,25.0,24.75,0.0197,0.98,0.0,0.05,872.08,380.77,491.31,393.53,0.437
7731,322,25.0,24.24,0.01888,0.94,0.0,0.05,829.44,379.98,449.46,360.55,0.458
7732,322,25.0,24.24,0.01891,0.94,0.0,0.05,830.71,379.29,451.41,362.09,0.457
7733,322,24.6,24.35,0.01926,0.98,0.0,0.05,834.66,365.58,469.09,369.61,0.438
7734,322,25.0,24.24,0.01889,0.94,0.0,0.05,828.37,377.94,450.44,361.32,0.456
7735,322,25.0,24.37,0.0191,0.95,0.0,0.05,838.43,377.53,460.9,369.56,0.45
7736,322,25.0,24.5,0.01929,0.96,48.0,0.05,909.11,438.74,470.37,377.03,0.483
7737,322,26.1,25.06,0.01975,0.92,203.0,0.15,1342.98,777.89,565.09,463.9,0.579
7738,322,27.2,25.45,0.01993,0.87,370.0,0.15,1605.98,1030.79,575.19,491.84,0.642
7739,322,28.3,25.93,0.02029,0.83,508.0,0.15,1842.08,1247.11,594.97,527.59,0.677
7740,322,28.6,25.92,0.02016,0.81,604.0,0.15,1970.34,1382.28,588.06,527.41,0.702
7741,322,29.0,26.0,0.02012,0.79,649.0,0.15,2041.45,1455.48,585.97,532.92,0.713
7742,322,28.8,25.81,0.01991,0.79,640.0,0.15,2012.42,1438.57,573.85,519.54,0.715
7743,322,29.0,25.38,0.01911,0.75,578.0,0.15,1897.2,1367.26,529.94,487.7,0.721
7744,322,29.3,25.18,0.01866,0.72,466.0,0.05,1562.77,1124.36,438.41,420.68,0.719
7745,322,29.5,24.72,0.01782,0.68,316.0,0.05,1335.87,939.75,396.12,390.54,0.703
7746,322,29.0,25.22,0.01885,0.74,146.0,0.05,1154.69,706.47,448.22,423.6,0.612
7747,322,27.8,24.87,0.01877,0.79,16.0,0.05,945.0,501.07,443.93,401.01,0.53
7748,322,26.6,24.45,0.01857,0.84,0.0,0.05,875.26,441.05,434.21,374.14,0.504
7749,322,26.5,24.77,0.01912,0.87,0.0,0.05,898.78,436.92,461.86,394.33,0.486
7750,322,26.4,25.08,0.01968,0.9,0.0,0.05,922.98,432.83,490.15,415.03,0.469
7751,322,26.3,25.39,0.02021,0.93,0.0,0.05,945.87,428.8,517.07,434.65,0.453
7752,323,26.2,25.42,0.02031,0.94,0.0,0.05,946.93,424.8,522.13,437.03,0.449
7753,323,26.1,25.45,0.02043,0.95,0.0,0.05,948.98,420.84,528.14,440.18,0.443
7754,323,26.0,25.49,0.02053,0.96,0.0,0.05,949.92,416.91,533.01,442.41,0.439
7755,323,25.8,25.29,0.0203,0.96,0.0,0.05,931.18,409.72,521.45,430.1,0.44
7756,323,25.5,24.99,0.01993,0.96,0.0,0.05,902.01,399.22,502.79,410.59,0.443
7757,323,25.3,24.79,0.01969,0.96,0.0,0.05,882.41,391.9,490.52,397.71,0.444
7758,323,25.6,25.09,0.02005,0.96,0.0,0.05,909.93,400.96,508.98,417.06,0.441
7759,323,26.0,25.36,0.02033,0.95,0.0,0.05,936.5,413.59,522.91,434.45,0.442
7760,323,26.3,25.52,0.02046,0.94,47.0,0.525,1868.17,982.03,886.14,705.32,0.526
7761,323,27.5,25.88,0.02056,0.88,202.0,1.0,2993.55,1741.3,1252.26,1016.39,0.582
7762,323,28.8,26.4,0.02093,0.83,368.0,1.0,3310.24,2022.09,1288.15,1093.59,0.611
7763,323,30.0,26.78,0.02106,0.78,507.0,1.0,3564.88,2263.79,1301.08,1146.87,0.635
7764,323,30.5,26.77,0.02085,0.75,742.0,1.0,3874.02,2593.06,1280.96,1146.37,0.669
7765,323,31.0,26.74,0.02061,0.72,887.0,1.0,4064.44,2806.92,1257.52,1142.9,0.691
7766,323,31.5,26.7,0.02033,0.69,925.0,1.0,4114.15,2883.56,1230.59,1136.34,0.701
7767,323,32.0,27.49,0.02157,0.71,833.0,1.0,4143.91,2793.47,1350.44,1260.41,0.674
7768,323,31.0,27.23,0.02154,0.75,672.0,1.0,3885.7,2537.5,1348.21,1223.61,0.653
7769,323,30.3,26.74,0.02096,0.76,455.0,1.0,3515.24,2224.26,1290.98,1148.32,0.633
7770,323,29.5,26.62,0.02107,0.8,211.0,1.0,3172.78,1870.62,1302.16,1130.42,0.59
7771,323,28.6,26.21,0.02072,0.83,23.0,0.5,1921.8,1035.6,886.2,764.95,0.539
7772,323,27.8,25.88,0.02046,0.86,0.0,0.05,1016.2,486.6,529.6,468.54,0.479
7773,323,27.6,25.83,0.02046,0.87,0.0,0.05,1008.55,479.09,529.46,465.23,0.475
7774,323,27.5,25.87,0.02058,0.88,0.0,0.05,1010.3,474.87,535.43,468.33,0.47
7775,323,27.3,25.82,0.02055,0.89,0.0,0.05,1001.35,467.43,533.92,463.94,0.467
7776,324,26.9,25.71,0.02052,0.91,0.0,0.05,986.0,453.42,532.58,456.48,0.46
7777,324,26.5,25.58,0.02048,0.93,0.0,0.05,969.93,439.29,530.64,448.55,0.453
7778,324,26.1,25.58,0.02068,0.96,0.0,0.05,965.48,425.04,540.43,449.86,0.44
7779,324,25.9,25.39,0.02043,0.96,0.0,0.05,945.01,417.26,527.75,436.66,0.442
7780,324,25.6,25.09,0.02005,0.96,0.0,0.05,915.21,406.24,508.98,417.06,0.444
7781,324,25.4,24.89,0.01983,0.96,0.0,0.05,896.13,398.47,497.66,404.94,0.445
7782,324,25.2,24.95,0.01999,0.98,0.0,0.05,896.42,390.74,505.68,408.06,0.436
7783,324,25.0,25.0,0.02014,1.0,1.0,0.05,897.64,384.33,513.31,410.87,0.428
7784,324,26.4,25.49,0.02036,0.93,65.0,0.525,1889.35,1010.68,878.67,701.48,0.535
7785,324,27.6,25.69,0.0202,0.86,263.0,1.0,3043.11,1825.92,1217.19,988.67,0.6
7786,324,28.8,25.81,0.01986,0.79,435.0,1.0,3294.13,2109.15,1184.98,1001.77,0.64
7787,324,30.0,25.99,0.01967,0.73,506.0,1.0,3429.16,2263.47,1165.68,1026.36,0.66
7788,324,30.5,26.29,0.01999,0.72,602.0,1.0,3611.58,2414.31,1197.26,1071.87,0.668
7789,324,30.9,26.49,0.0202,0.71,647.0,1.0,3711.8,2494.63,1217.17,1103.51,0.672
7790,324,31.4,26.77,0.02052,0.7,638.0,1.0,3759.26,2510.82,1248.44,1148.75,0.668
7791,324,33.0,26.23,0.01888,0.59,577.0,1.0,3606.61,2517.12,1089.49,1062.97,0.698
7792,324,32.0,25.91,0.01877,0.62,466.0,1.0,3404.34,2325.85,1078.49,1018.37,0.683
7793,324,31.0,25.38,0.01829,0.64,316.0,1.0,3115.52,2083.56,1031.96,942.15,0.669
7794,324,30.0,25.5,0.01891,0.7,147.0,1.0,2908.27,1816.04,1092.23,960.99,0.624
7795,324,29.0,25.53,0.01938,0.76,16.0,0.5,1833.75,1045.09,788.66,691.74,0.57
7796,324,28.0,25.5,0.01974,0.82,0.0,0.05,987.92,494.96,492.97,442.87,0.501
7797,324,27.6,25.55,0.01997,0.85,0.0,0.05,985.72,480.77,504.95,445.91,0.488
7798,324,27.1,25.35,0.01983,0.87,0.0,0.05,960.85,463.19,497.66,432.16,0.482
7799,324,26.7,25.37,0.02004,0.9,0.0,0.05,957.2,448.75,508.45,434.26,0.469
7800,325,26.4,25.22,0.01991,0.91,0.0,0.05,939.06,437.51,501.54,424.01,0.466
7801,325,26.1,25.06,0.01979,0.92,0.0,0.05,921.83,426.28,495.55,414.48,0.462
7802,325,25.8,25.03,0.01986,0.94,0.0,0.05,914.47,415.05,499.42,412.73,0.454
7803,325,25.8,25.03,0.01986,0.94,0.0,0.05,913.08,413.66,499.42,412.73,0.453
7804,325,25.7,24.93,0.01974,0.94,0.0,0.05,902.48,409.18,493.3,406.31,0.453
7805,325,25.7,25.06,0.01998,0.95,0.0,0.05,913.36,408.09,505.28,415.75,0.447
7806,325,26.0,25.22,0.02011,0.94,0.0,0.05,928.73,416.98,511.75,425.66,0.449
7807,325,26.2,25.29,0.02013,0.93,0.0,0.05,935.85,422.91,512.94,429.79,0.452
7808,325,26.5,25.45,0.02028,0.92,46.0,0.525,1864.3,991.7,872.6,698.82,0.532
7809,325,27.7,25.64,0.02007,0.85,200.0,1.0,2956.71,1751.34,1205.37,981.62,0.592
7810,325,29.0,26.0,0.0201,0.79,366.0,1.0,3240.17,2031.95,1208.21,1029.41,0.627
7811,325,26.0,25.36,0.02029,0.95,504.0,1.0,3281.63,2055.47,1226.15,940.95,0.626
7812,325,28.0,25.79,0.02017,0.84,601.0,1.0,3497.21,2282.38,1214.83,1000.49,0.653
7813,325,27.5,25.59,0.02007,0.86,646.0,1.0,3520.28,2314.92,1205.37,974.66,0.658
7814,325,27.1,25.49,0.02007,0.88,638.0,1.0,3488.68,2284.24,1204.45,959.92,0.655
7815,325,26.1,25.06,0.01979,0.92,482.0,1.0,3209.98,2032.47,1177.51,901.14,0.633
7816,325,25.2,24.69,0.01957,0.96,294.0,1.0,2900.32,1744.21,1156.11,850.77,0.601
7817,325,24.2,24.08,0.01899,0.99,120.0,1.0,2568.37,1468.27,1100.1,766.11,0.572
7818,325,24.3,24.18,0.01911,0.99,56.0,1.0,2501.28,1389.73,1111.55,779.78,0.556
7819,325,24.5,24.38,0.01935,0.99,6.0,0.5,1614.23,827.68,786.55,577.83,0.513
7820,325,24.6,24.35,0.01924,0.98,0.0,0.05,834.11,366.02,468.09,368.83,0.439
7821,325,24.8,24.3,0.01907,0.96,0.0,0.05,831.2,371.76,459.45,365.22,0.447
7822,325,25.0,24.24,0.01888,0.94,0.0,0.05,827.19,377.73,449.46,360.55,0.457
7823,325,25.4,24.63,0.01932,0.94,0.0,0.05,862.62,390.47,472.15,384.83,0.453
7824,326,25.2,24.57,0.01932,0.95,0.0,0.05,855.65,383.83,471.82,381.37,0.449
7825,326,25.0,24.5,0.01929,0.96,0.0,0.05,847.44,377.07,470.37,377.03,0.445
7826,326,24.8,24.55,0.01946,0.98,0.0,0.05,849.35,370.22,479.13,380.73,0.436
7827,326,24.7,24.45,0.01936,0.98,0.0,0.05,840.66,366.56,474.1,375.16,0.436
7828,326,24.7,24.45,0.01936,0.98,0.0,0.05,840.27,366.17,474.1,375.16,0.436
7829,326,24.6,24.35,0.01926,0.98,0.0,0.05,831.64,362.56,469.09,369.61,0.436
7830,326,24.8,24.3,0.01909,0.96,0.0,0.05,829.2,368.77,460.43,365.99,0.445
7831,326,25.0,24.24,0.01889,0.94,0.0,0.05,825.58,375.15,450.44,361.32,0.454
7832,326,25.1,24.6,0.01943,0.96,45.0,0.525,1733.28,923.33,809.95,609.68,0.533
7833,326,27.0,24.83,0.01899,0.84,199.0,1.0,2806.09,1706.15,1099.94,863.43,0.608
7834,326,27.7,25.36,0.01955,0.83,365.0,1.0,3110.52,1956.42,1154.11,936.0,0.629
7835,326,28.4,25.73,0.01988,0.81,503.0,1.0,3357.6,2171.04,1186.56,989.25,0.647
7836,326,28.1,25.88,0.02029,0.84,600.0,1.0,3508.37,2281.7,1226.67,1014.51,0.65
7837,326,27.7,25.79,0.02032,0.86,645.0,1.0,3549.16,2320.08,1229.08,1002.73,0.654
7838,326,27.4,25.92,0.02067,0.89,636.0,1.0,3557.46,2293.92,1263.53,1022.95,0.645
7839,326,29.0,25.99,0.02015,0.79,575.0,1.0,3511.04,2298.81,1212.22,1032.97,0.655
7840,326,29.0,25.99,0.02015,0.79,465.0,1.0,3371.42,2159.2,1212.22,1032.97,0.64
7841,326,29.3,25.81,0.01973,0.76,315.0,1.0,3155.03,1983.56,1171.46,1007.14,0.629
7842,326,26.0,25.22,0.02011,0.94,147.0,1.0,2807.79,1599.07,1208.72,925.43,0.57
7843,326,25.5,24.6,0.01929,0.93,16.0,0.5,1669.85,887.49,782.36,599.17,0.531
7844,326,25.1,24.08,0.01859,0.92,0.0,0.05,822.88,387.61,435.28,350.97,0.471
7845,326,25.1,24.21,0.01878,0.93,0.0,0.05,831.22,386.39,444.82,358.49,0.465
7846,326,25.0,24.37,0.01908,0.95,0.0,0.05,841.97,382.06,459.91,368.79,0.454
7847,326,25.0,24.5,0.01927,0.96,0.0,0.05,850.47,381.09,469.38,376.24,0.448
7848,327,25.0,24.5,0.01929,0.96,0.0,0.05,850.62,380.25,470.37,377.03,0.447
7849,327,25.1,24.47,0.0192,0.95,0.0,0.05,848.66,382.81,465.85,375.07,0.451
7850,327,25.1,24.47,0.01922,0.95,0.0,0.05,849.09,382.25,466.84,375.85,0.45
7851,327,24.8,24.3,0.01907,0.96,0.0,0.05,831.36,371.92,459.45,365.22,0.447
7852,327,24.6,24.23,0.01904,0.97,0.0,0.05,822.62,364.75,457.87,360.77,0.443
7853,327,24.3,24.05,0.01889,0.98,0.0,0.05,804.52,354.26,450.27,349.98,0.44
7854,327,24.6,24.1,0.01884,0.96,0.0,0.05,811.01,363.35,447.66,352.72,0.448
7855,327,25.0,24.24,0.01889,0.94,0.0,0.05,826.45,376.01,450.44,361.32,0.455
7856,327,26.0,24.83,0.01941,0.91,45.0,0.525,1770.47,962.06,808.42,631.23,0.543
7857,327,27.0,25.11,0.01946,0.86,198.0,1.0,2851.35,1706.08,1145.27,903.78,0.598
7858,327,28.0,25.5,0.0197,0.82,363.0,1.0,3138.99,1970.38,1168.62,959.36,0.628
7859,327,29.0,25.84,0.01986,0.78,502.0,1.0,3386.46,2201.81,1184.66,1008.44,0.65
7860,327,30.0,26.15,0.01996,0.74,599.0,1.0,3574.48,2379.78,1194.7,1052.19,0.666
7861,327,31.0,26.41,0.02,0.7,644.0,1.0,3689.47,2491.4,1198.07,1089.99,0.675
7862,327,29.4,26.83,0.02144,0.82,635.0,1.0,3738.26,2399.91,1338.35,1159.16,0.642
7863,327,29.5,26.31,0.02048,0.78,574.0,1.0,3573.24,2328.08,1245.16,1079.69,0.652
7864,327,29.7,26.03,0.01993,0.75,465.0,1.0,3390.75,2199.74,1191.0,1038.45,0.649
7865,327,29.8,25.48,0.01896,0.71,316.0,1.0,3112.23,2014.9,1097.33,958.56,0.647
7866,327,28.9,25.44,0.01926,0.76,148.0,1.0,2880.24,1753.99,1126.24,952.97,0.609
7867,327,27.9,25.4,0.0196,0.82,16.0,0.5,1797.66,992.85,804.81,678.11,0.552
7868,327,27.0,25.39,0.01996,0.88,0.0,0.05,960.42,455.97,504.45,435.91,0.475
7869,327,26.5,25.18,0.0198,0.9,0.0,0.05,934.93,438.72,496.21,421.41,0.469
7870,327,26.1,25.19,0.01999,0.93,0.0,0.05,930.27,424.55,505.72,422.5,0.456
7871,327,25.6,24.96,0.0198,0.95,0.0,0.05,903.03,406.99,496.04,406.87,0.451
7872,328,25.5,24.86,0.01968,0.95,0.0,0.05,892.34,402.4,489.94,400.46,0.451
7873,328,25.4,24.89,0.01979,0.96,0.0,0.05,893.54,397.93,495.61,403.33,0.445
7874,328,25.3,24.79,0.01967,0.96,0.0,0.05,883.06,393.55,489.5,396.91,0.446
7875,328,25.2,24.69,0.01957,0.96,0.0,0.05,873.7,389.27,484.43,391.31,0.446
7876,328,25.1,24.6,0.01945,0.96,0.0,0.05,863.44,385.05,478.38,384.94,0.446
7877,328,25.0,24.5,0.01935,0.96,0.0,0.05,854.27,380.91,473.37,379.39,0.446
7878,328,25.4,24.89,0.01981,0.96,0.0,0.05,889.85,393.22,496.64,404.14,0.442
7879,328,25.9,25.26,0.02021,0.95,0.0,0.05,925.82,409.16,516.65,427.92,0.442
7880,328,26.3,25.52,0.02048,0.94,44.0,0.05,1009.17,478.65,530.52,445.25,0.474
7881,328,27.5,26.01,0.0208,0.89,196.0,0.15,1443.79,820.48,623.31,536.07,0.568
7882,328,28.8,26.55,0.02119,0.84,361.0,0.15,1723.09,1078.25,644.84,576.83,0.626
7883,328,30.0,26.94,0.02134,0.79,500.0,0.15,1953.12,1299.88,653.24,605.19,0.666
7884,328,30.0,26.94,0.02136,0.79,596.0,0.15,2079.59,1425.14,654.45,606.17,0.685
7885,328,30.0,26.94,0.02136,0.79,642.0,0.15,2140.43,1485.98,654.45,606.17,0.694
7886,328,27.3,25.96,0.02083,0.9,635.0,0.15,2009.69,1384.66,625.03,533.86,0.689
7887,328,28.3,25.93,0.02035,0.83,574.0,0.15,1939.32,1340.89,598.43,530.38,0.691
7888,328,29.3,25.81,0.01975,0.76,465.0,0.05,1618.76,1125.33,493.43,464.04,0.695
7889,328,30.3,25.77,0.01925,0.7,316.0,0.05,1436.3,967.94,468.35,460.29,0.674
7890,328,29.3,25.66,0.01948,0.75,148.0,0.05,1200.96,721.06,479.9,453.38,0.6
7891,328,28.4,25.58,0.01971,0.8,17.0,0.05,1015.64,524.11,491.53,448.14,0.516
7892,328,27.4,25.36,0.01975,0.85,0.0,0.05,963.32,469.46,493.86,433.97,0.487
7893,328,27.2,25.45,0.01997,0.87,0.0,0.05,967.02,462.25,504.77,439.36,0.478
7894,328,27.1,25.76,0.02056,0.9,0.0,0.05,992.67,458.28,534.39,461.11,0.462
7895,328,26.9,25.84,0.02075,0.92,0.0,0.05,995.41,451.06,544.34,465.75,0.453
7896,329,26.6,25.68,0.02063,0.93,0.0,0.05,978.55,440.53,538.03,455.97,0.45
7897,329,26.3,25.65,0.02071,0.95,0.0,0.05,971.79,429.9,541.89,454.21,0.442
7898,329,26.0,25.49,0.02055,0.96,0.0,0.05,953.27,419.2,534.07,443.25,0.44
7899,329,25.8,25.29,0.02032,0.96,0.0,0.05,934.21,411.7,522.51,430.93,0.441
7900,329,25.5,24.99,0.01995,0.96,0.0,0.05,904.75,400.93,503.82,411.4,0.443
7901,329,25.3,24.79,0.01971,0.96,0.0,0.05,884.91,393.37,491.54,398.52,0.445
7902,329,25.1,24.85,0.01989,0.98,0.0,0.05,886.35,385.83,500.52,402.4,0.435
7903,329,25.0,25.0,0.02016,1.0,0.0,0.05,895.93,381.57,514.35,411.69,0.426
7904,329,25.8,25.29,0.0203,0.96,43.0,0.05,983.53,462.07,521.45,430.1,0.47
7905,329,27.4,26.06,0.02091,0.9,195.0,0.15,1446.04,816.37,629.66,539.4,0.565
7906,329,29.0,26.74,0.02142,0.84,360.0,0.15,1742.2,1084.43,657.77,590.86,0.622
7907,329,30.6,27.18,0.02155,0.77,499.0,0.15,1985.25,1320.02,665.22,625.66,0.665
7908,329,30.8,26.4,0.02006,0.71,596.0,0.15,2036.04,1453.82,582.22,562.27,0.714
7909,329,31.0,25.73,0.01882,0.66,644.0,0.15,2038.37,1524.56,513.8,510.65,0.748
7910,329,30.6,26.54,0.02044,0.73,635.0,0.15,2104.6,1501.14,603.46,575.81,0.713
7911,329,30.7,26.3,0.02,0.71,574.0,0.15,2006.98,1427.89,579.09,557.94,0.711
7912,329,30.7,25.97,0.01942,0.69,465.0,0.05,1652.71,1175.79,476.92,473.45,0.711
7913,329,30.8,25.89,0.01926,0.68,317.0,0.05,1459.39,990.41,468.98,468.79,0.679
7914,329,29.9,25.89,0.01963,0.73,149.0,0.05,1234.06,746.48,487.59,469.04,0.605
7915,329,29.0,25.84,0.0199,0.78,17.0,0.05,1049.33,548.01,501.32,465.46,0.522
7916,329,28.1,25.88,0.02034,0.84,0.0,0.05,1019.63,496.45,523.18,468.28,0.487
7917,329,27.7,25.79,0.02034,0.86,0.0,0.05,1005.94,482.56,523.38,462.04,0.48
7918,329,27.4,25.92,0.02067,0.89,0.0,0.05,1012.04,471.81,540.22,470.51,0.466
7919,329,27.0,25.94,0.02088,0.92,0.0,0.05,1008.45,457.72,550.73,472.39,0.454
7920,330,27.0,26.21,0.02133,0.94,0.0,0.05,1029.96,456.63,573.33,490.2,0.443
7921,330,26.7,25.91,0.02096,0.94,0.0,0.05,1000.8,445.85,554.95,470.91,0.445
7922,330,26.4,25.62,0.02061,0.94,0.0,0.05,971.85,435.01,536.85,451.84,0.448
7923,330,26.0,25.22,0.02011,0.94,0.0,0.05,932.59,420.84,511.75,425.66,0.451
7924,330,26.0,25.36,0.02033,0.95,0.0,0.05,942.59,419.68,522.91,434.45,0.445
7925,330,26.0,25.61,0.02079,0.97,0.0,0.05,965.0,418.68,546.32,452.9,0.434
7926,330,26.2,25.68,0.0208,0.96,0.0,0.05,971.21,424.38,546.83,456.51,0.437
7927,330,26.4,25.88,0.02106,0.96,0.0,0.05,990.05,430.31,559.73,469.88,0.435
7928,330,26.6,25.95,0.02107,0.95,42.0,0.525,1922.59,991.64,930.95,751.26,0.516
7929,330,27.7,26.07,0.02081,0.88,194.0,1.0,3021.01,1744.45,1276.56,1044.98,0.577
7930,330,28.9,26.2,0.02053,0.81,359.0,1.0,3267.93,2018.5,1249.42,1062.6,0.618
7931,330,30.0,26.31,0.02022,0.75,498.0,1.0,3474.5,2254.73,1219.77,1074.5,0.649
7932,330,30.0,26.94,0.02134,0.79,594.0,1.0,3707.79,2379.56,1328.23,1171.03,0.642
7933,330,30.0,26.31,0.02024,0.75,642.0,1.0,3664.38,2442.59,1221.79,1076.29,0.667
7934,330,29.3,25.81,0.01973,0.76,635.0,1.0,3570.22,2398.75,1171.46,1007.14,0.672
7935,330,31.0,25.73,0.01886,0.66,575.0,1.0,3497.51,2410.17,1087.34,991.44,0.689
7936,330,30.0,25.5,0.01891,0.7,465.0,1.0,3311.33,2219.1,1092.23,960.99,0.67
7937,330,28.0,25.5,0.01976,0.82,317.0,1.0,3101.34,1926.83,1174.51,964.61,0.621
7938,330,27.0,25.53,0.02022,0.89,149.0,1.0,2878.6,1659.16,1219.44,969.78,0.576
7939,330,26.4,25.22,0.01993,0.91,17.0,0.5,1760.75,932.06,828.69,661.1,0.529
7940,330,25.8,25.03,0.01984,0.94,0.0,0.05,914.48,416.09,498.39,411.92,0.455
7941,330,25.6,24.96,0.01982,0.95,0.0,0.05,905.07,408.0,497.07,407.68,0.451
7942,330,25.4,25.02,0.01998,0.97,0.0,0.05,905.32,400.0,505.32,410.98,0.442
7943,330,25.2,24.95,0.01993,0.98,0.0,0.05,894.65,392.06,502.59,405.62,0.438
7944,331,25.2,24.95,0.01995,0.98,0.0,0.05,894.36,390.75,503.62,406.43,0.437
7945,331,25.1,24.85,0.01983,0.98,0.0,0.05,883.78,386.34,497.44,399.97,0.437
7946,331,25.1,24.85,0.01985,0.98,0.0,0.05,883.76,385.29,498.47,400.78,0.436
7947,331,25.1,24.85,0.01985,0.98,0.0,0.05,882.86,384.39,498.47,400.78,0.435
7948,331,25.1,24.85,0.01987,0.98,0.0,0.05,883.11,383.61,499.5,401.59,0.434
7949,331,25.1,24.85,0.01989,0.98,0.0,0.05,883.47,382.94,500.52,402.4,0.433
7950,331,25.2,24.82,0.01978,0.97,0.0,0.05,880.69,385.64,495.05,399.69,0.438
7951,331,25.3,24.79,0.01969,0.96,0.0,0.05,879.0,388.48,490.52,397.71,0.442
7952,331,25.4,24.89,0.01979,0.96,42.0,0.525,1771.97,935.34,836.63,640.11,0.528
7953,331,26.6,25.41,0.02013,0.91,193.0,1.0,2891.53,1680.77,1210.76,948.13,0.581
7954,331,27.9,25.98,0.02054,0.86,357.0,1.0,3209.79,1958.78,1251.01,1029.2,0.61
7955,331,29.1,26.39,0.02073,0.81,496.0,1.0,3469.6,2200.3,1269.3,1087.26,0.634
7956,331,29.5,26.47,0.02071,0.79,593.0,1.0,3614.64,2347.23,1267.41,1099.5,0.649
7957,331,29.8,26.28,0.02028,0.76,641.0,1.0,3651.48,2426.14,1225.34,1072.49,0.664
7958,331,30.2,26.17,0.01994,0.73,634.0,1.0,3632.04,2439.6,1192.44,1057.13,0.672
7959,331,29.0,25.99,0.02015,0.79,573.0,1.0,3513.46,2301.23,1212.22,1032.97,0.655
7960,331,28.9,25.9,0.02005,0.79,465.0,1.0,3360.9,2158.35,1202.55,1020.88,0.642
7961,331,28.9,25.9,0.02005,0.79,317.0,1.0,3171.7,1969.15,1202.55,1020.88,0.621
7962,331,28.0,25.79,0.02021,0.84,150.0,1.0,2927.9,1709.04,1218.85,1004.07,0.584
7963,331,27.4,25.36,0.01973,0.85,17.0,0.5,1786.48,971.79,814.69,674.07,0.544
7964,331,26.8,24.78,0.01903,0.85,0.0,0.05,905.11,447.81,457.3,395.54,0.495
7965,331,26.5,24.91,0.01937,0.88,0.0,0.05,911.52,437.21,474.3,404.14,0.48
7966,331,26.1,24.93,0.01955,0.91,0.0,0.05,906.58,423.25,483.33,404.86,0.467
7967,331,25.8,25.03,0.01982,0.94,0.0,0.05,909.79,412.43,497.36,411.11,0.453
7968,332,25.8,25.03,0.01984,0.94,0.0,0.05,909.79,411.4,498.39,411.92,0.452
7969,332,25.7,24.93,0.01972,0.94,0.0,0.05,899.5,407.23,492.28,405.5,0.453
7970,332,25.7,24.93,0.01974,0.94,0.0,0.05,899.69,406.39,493.3,406.31,0.452
7971,332,25.0,24.24,0.01891,0.94,0.0,0.05,834.12,382.71,451.41,362.09,0.459
7972,332,25.0,24.37,0.01914,0.95,0.0,0.05,844.53,381.65,462.88,371.12,0.452
7973,332,25.1,24.59,0.01947,0.96,0.0,0.05,863.41,384.02,479.39,385.74,0.445
7974,332,25.0,24.37,0.01912,0.95,0.0,0.05,841.9,380.01,461.89,370.34,0.451
7975,332,25.0,24.24,0.01889,0.94,0.0,0.05,829.76,379.32,450.44,361.32,0.457
7976,332,26.0,25.09,0.01987,0.93,41.0,0.525,1802.21,959.79,842.43,660.31,0.533
7977,332,27.2,25.45,0.01995,0.87,191.0,1.0,2903.17,1709.89,1193.28,953.46,0.589
7978,332,28.4,26.02,0.02041,0.83,356.0,1.0,3222.18,1984.3,1237.88,1034.92,0.616
7979,332,29.6,26.41,0.02056,0.78,495.0,1.0,3478.94,2225.99,1252.95,1090.11,0.64
7980,332,30.0,26.94,0.02134,0.79,592.0,1.0,3701.31,2373.07,1328.23,1171.03,0.641
7981,332,30.2,26.65,0.02077,0.76,639.0,1.0,3718.38,2445.68,1272.71,1128.58,0.658
7982,332,30.5,26.45,0.0203,0.73,633.0,1.0,3682.47,2455.31,1227.16,1098.48,0.667
7983,332,30.0,26.15,0.01999,0.74,573.0,1.0,3551.02,2354.33,1196.69,1053.96,0.663
7984,332,29.5,26.0,0.01994,0.76,465.0,1.0,3383.68,2191.22,1192.46,1032.78,0.648
7985,332,28.9,25.75,0.01976,0.78,317.0,1.0,3146.29,1971.17,1175.12,996.47,0.627
7986,332,28.4,25.58,0.01969,0.8,151.0,1.0,2900.52,1732.72,1167.81,972.56,0.597
7987,332,27.9,25.55,0.01985,0.83,17.0,0.5,1817.13,994.41,822.73,693.38,0.547
7988,332,27.4,25.36,0.01973,0.85,0.0,0.05,962.17,469.33,492.84,433.16,0.488
7989,332,27.0,24.83,0.01899,0.84,0.0,0.05,910.83,455.57,455.26,397.14,0.5
7990,332,27.0,25.53,0.02016,0.89,0.0,0.05,968.96,454.78,514.19,443.58,0.469
7991,332,26.6,24.87,0.01922,0.87,0.0,0.05,907.72,440.97,466.75,399.79,0.486
7992,333,26.5,24.91,0.01933,0.88,0.0,0.05,909.15,436.84,472.31,402.57,0.48
7993,333,26.3,24.85,0.01932,0.89,0.0,0.05,901.29,429.49,471.8,398.97,0.477
7994,333,26.2,24.89,0.01942,0.9,0.0,0.05,902.51,425.4,477.11,401.55,0.471
7995,333,25.8,24.63,0.01919,0.91,0.0,0.05,876.94,411.51,465.42,385.94,0.469
7996,333,25.4,24.37,0.01896,0.92,0.0,0.05,851.17,397.48,453.69,370.28,0.467
7997,333,25.0,24.11,0.01871,0.93,0.0,0.05,824.28,383.33,440.95,353.84,0.465
7998,333,25.0,24.24,0.01891,0.94,0.0,0.05,833.6,382.19,451.41,362.09,0.458
7999,333,25.5,24.34,0.01886,0.91,0.0,0.05,846.38,397.6,448.78,368.01,0.47
8000,333,26.1,24.52,0.01888,0.88,40.0,0.525,1734.28,964.66,769.62,600.59,0.556
8001,333,27.4,24.78,0.01876,0.81,190.0,1.0,2798.08,1720.66,1077.41,857.3,0.615
8002,333,28.8,25.35,0.01909,0.76,355.0,1.0,3114.67,2005.28,1109.39,934.49,0.644
8003,333,30.1,25.59,0.01895,0.7,495.0,1.0,3349.04,2253.45,1095.59,967.46,0.673
8004,333,30.0,25.5,0.01883,0.7,592.0,1.0,3459.54,2374.82,1084.72,954.3,0.686
8005,333,30.0,25.5,0.01885,0.7,640.0,1.0,3524.74,2438.14,1086.59,955.97,0.692
8006,333,30.5,25.96,0.01944,0.7,633.0,1.0,3600.0,2456.48,1143.52,1024.04,0.682
8007,333,28.0,26.5,0.02148,0.89,572.0,1.0,3592.87,2250.85,1342.02,1113.69,0.626
8008,333,27.0,24.83,0.01905,0.84,466.0,1.0,3168.74,2063.13,1105.61,868.48,0.651
8009,333,27.6,25.4,0.01975,0.84,318.0,1.0,3077.51,1903.5,1174.01,950.23,0.619
8010,333,27.1,25.21,0.01963,0.86,151.0,1.0,2825.83,1663.2,1162.62,922.69,0.589
8011,333,26.5,25.04,0.01959,0.89,18.0,0.5,1738.91,934.39,804.52,642.98,0.537
8012,333,26.4,24.95,0.01946,0.89,0.0,0.05,911.9,433.14,478.76,406.05,0.475
8013,333,26.2,24.89,0.01944,0.9,0.0,0.05,903.9,425.78,478.12,402.34,0.471
8014,333,26.2,24.89,0.01944,0.9,0.0,0.05,903.08,424.97,478.12,402.34,0.471
8015,333,26.2,24.89,0.01942,0.9,0.0,0.05,901.38,424.26,477.11,401.55,0.471
8016,334,26.2,24.75,0.0192,0.89,0.0,0.05,889.54,423.66,465.88,392.7,0.476
8017,334,26.3,24.72,0.01909,0.88,0.0,0.05,886.92,426.41,460.5,390.06,0.481
8018,334,26.3,24.58,0.01887,0.87,0.0,0.05,875.24,426.02,449.22,381.17,0.487
8019,334,26.3,24.58,0.01887,0.87,0.0,0.05,874.9,425.68,449.22,381.17,0.487
8020,334,26.2,24.48,0.01878,0.87,0.0,0.05,866.51,422.11,444.4,375.77,0.487
8021,334,26.1,24.52,0.01888,0.88,0.0,0.05,868.32,418.51,449.81,378.43,0.482
8022,334,26.0,24.42,0.01877,0.88,0.0,0.05,858.91,414.9,444.01,372.26,0.483
8023,334,26.3,24.3,0.01844,0.85,0.0,0.05,852.0,424.39,427.61,364.14,0.498
8024,334,26.7,24.55,0.01865,0.84,41.0,0.525,1744.57,992.23,752.33,601.05,0.569
8025,334,28.0,25.06,0.01893,0.79,191.0,1.0,2848.65,1754.12,1094.54,893.42,0.616
8026,334,29.0,25.23,0.01879,0.74,356.0,1.0,3099.07,2018.3,1080.77,915.97,0.651
8027,334,28.9,25.14,0.01866,0.74,495.0,1.0,3260.92,2192.87,1068.05,901.17,0.672
8028,334,31.0,25.73,0.0188,0.66,593.0,1.0,3509.84,2428.12,1081.72,986.44,0.692
8029,334,30.0,25.5,0.01885,0.7,640.0,1.0,3525.72,2439.13,1086.59,955.97,0.692
8030,334,28.1,25.74,0.02006,0.83,633.0,1.0,3537.91,2333.49,1204.42,994.7,0.66
8031,334,29.0,25.99,0.02015,0.79,707.0,1.0,3687.09,2474.86,1212.22,1032.97,0.671
8032,334,30.0,24.84,0.01778,0.66,641.0,1.0,3424.77,2442.38,982.39,863.23,0.713
8033,334,29.0,25.22,0.01885,0.74,465.0,1.0,3252.52,2166.14,1086.38,920.97,0.666
8034,334,28.0,23.68,0.01677,0.7,219.0,1.0,2683.48,1799.33,884.15,706.17,0.671
8035,334,28.0,24.3,0.01774,0.74,25.0,0.5,1678.33,1008.62,669.71,565.38,0.601
8036,334,27.2,24.3,0.01806,0.79,0.0,0.05,871.05,462.64,408.41,363.41,0.531
8037,334,27.0,24.12,0.01783,0.79,0.0,0.05,851.88,455.34,396.54,350.86,0.535
8038,334,27.0,24.12,0.01781,0.79,0.0,0.05,850.2,454.57,395.63,350.13,0.535
8039,334,26.9,24.31,0.01816,0.81,0.0,0.05,864.13,450.63,413.5,362.62,0.521
8040,335,27.0,23.38,0.01665,0.74,0.0,0.05,790.47,453.28,337.19,304.07,0.573
8041,335,27.0,23.38,0.01665,0.74,0.0,0.05,789.98,452.79,337.19,304.07,0.573
8042,335,27.2,23.26,0.01639,0.72,0.0,0.05,782.71,458.93,323.78,296.7,0.586
8043,335,27.0,23.38,0.01667,0.74,0.0,0.05,790.18,452.14,338.04,304.74,0.572
8044,335,27.0,24.12,0.01783,0.79,0.0,0.05,848.35,451.81,396.54,350.86,0.533
8045,335,26.7,23.83,0.01752,0.79,0.0,0.05,822.94,441.68,381.26,334.01,0.537
8046,335,27.0,24.12,0.01783,0.79,0.0,0.05,847.63,451.09,396.54,350.86,0.532
8047,335,27.0,24.12,0.01783,0.79,0.0,0.05,847.44,450.9,396.54,350.86,0.532
8048,335,27.1,24.07,0.01768,0.78,40.0,0.05,894.62,505.32,389.3,346.75,0.565
8049,335,28.0,24.3,0.01768,0.74,190.0,0.15,1286.23,835.49,450.74,405.8,0.65
8050,335,29.0,24.59,0.01773,0.7,355.0,0.15,1535.7,1082.41,453.29,425.84,0.705
8051,335,29.3,23.72,0.01618,0.63,496.0,0.15,1642.2,1274.76,367.45,361.96,0.776
8052,335,30.0,24.84,0.01771,0.66,592.0,0.15,1875.45,1423.34,452.11,442.88,0.759
8053,335,30.0,24.16,0.01661,0.62,641.0,0.15,1878.62,1487.57,391.05,393.6,0.792
8054,335,30.9,25.13,0.01782,0.63,635.0,0.15,1970.57,1512.38,458.2,463.98,0.767
8055,335,30.0,24.84,0.01774,0.66,576.0,0.15,1861.09,1406.98,454.11,444.49,0.756
8056,335,29.0,23.94,0.01672,0.66,469.0,0.05,1466.29,1125.47,340.82,338.95,0.768
8057,335,28.9,24.18,0.01716,0.68,322.0,0.05,1296.55,933.72,362.83,354.7,0.72
8058,335,28.0,24.3,0.01772,0.74,155.0,0.05,1081.12,689.99,391.13,362.6,0.638
8059,335,27.0,24.12,0.01783,0.79,19.0,0.05,878.72,482.18,396.54,350.86,0.549
8060,335,27.1,24.64,0.01864,0.82,0.0,0.05,897.41,459.99,437.42,384.68,0.513
8061,335,27.0,24.12,0.01781,0.79,0.0,0.05,851.45,455.82,395.63,350.13,0.535
8062,335,27.0,24.12,0.01781,0.79,0.0,0.05,850.62,454.99,395.63,350.13,0.535
8063,335,26.7,24.12,0.01793,0.81,0.0,0.05,845.97,444.43,401.54,349.99,0.525
8064,336,27.0,24.12,0.01779,0.79,0.0,0.05,848.18,453.46,394.71,349.41,0.535
8065,336,27.0,24.12,0.01781,0.79,0.0,0.05,848.58,452.95,395.63,350.13,0.534
8066,336,26.7,24.12,0.01794,0.81,0.0,0.05,845.13,442.67,402.46,350.72,0.524
8067,336,27.0,24.12,0.01781,0.79,0.0,0.05,847.57,451.94,395.63,350.13,0.533
8068,336,27.0,24.12,0.01783,0.79,0.0,0.05,848.18,451.64,396.54,350.86,0.532
8069,336,26.4,23.84,0.01764,0.81,0.0,0.05,818.73,431.69,387.04,333.76,0.527
8070,336,26.0,23.88,0.01785,0.84,0.0,0.05,815.83,417.97,397.86,335.88,0.512
8071,336,26.0,23.88,0.01785,0.84,0.0,0.05,815.06,417.2,397.86,335.88,0.512
8072,336,25.5,24.08,0.01836,0.89,39.0,0.05,873.6,450.16,423.44,348.04,0.515
8073,336,26.0,23.88,0.01784,0.84,189.0,0.15,1221.56,762.44,459.12,376.58,0.624
8074,336,28.0,24.31,0.01767,0.74,354.0,0.15,1492.95,1043.2,449.75,404.99,0.699
8075,336,29.5,24.89,0.01796,0.69,493.0,0.15,1740.55,1274.53,466.03,445.12,0.732
8076,336,30.0,24.84,0.01769,0.66,591.0,0.15,1870.41,1419.29,451.11,442.07,0.759
8077,336,29.0,24.6,0.01771,0.7,639.0,0.15,1900.13,1447.83,452.29,425.04,0.762
8078,336,29.7,24.9,0.01794,0.68,634.0,0.15,1931.57,1466.66,464.91,447.81,0.759
8079,336,29.0,24.59,0.01773,0.7,650.0,0.15,1917.34,1464.05,453.29,425.84,0.764
8080,336,29.0,23.94,0.01671,0.66,578.0,0.05,1601.97,1262.01,339.96,338.27,0.788
8081,336,29.2,24.12,0.01692,0.66,423.0,0.05,1421.19,1070.28,350.91,350.1,0.753
8082,336,28.0,23.68,0.01672,0.7,193.0,0.05,1077.07,736.47,340.6,322.77,0.684
8083,336,27.0,24.12,0.01781,0.79,22.0,0.05,879.7,484.07,395.63,350.13,0.55
8084,336,27.0,23.83,0.01735,0.77,0.0,0.05,827.25,455.02,372.23,331.69,0.55
8085,336,27.0,24.12,0.01779,0.79,0.0,0.05,849.01,454.3,394.71,349.41,0.535
8086,336,27.0,24.12,0.01777,0.79,0.0,0.05,847.47,453.67,393.8,348.69,0.535
8087,336,26.2,23.79,0.01759,0.82,0.0,0.05,811.63,426.89,384.74,328.75,0.526
8088,337,26.0,23.88,0.01782,0.84,0.0,0.05,815.39,419.36,396.03,334.44,0.514
8089,337,25.0,23.59,0.01779,0.89,0.0,0.05,780.17,385.6,394.56,317.28,0.494
8090,337,25.2,23.65,0.0178,0.88,0.0,0.05,785.85,390.71,395.13,320.93,0.497
8091,337,25.0,23.59,0.01779,0.89,0.0,0.05,777.59,383.02,394.56,317.28,0.493
8092,337,25.0,23.59,0.01781,0.89,0.0,0.05,777.4,381.92,395.48,318.0,0.491
8093,337,24.9,23.76,0.01811,0.91,0.0,0.05,788.34,377.69,410.65,328.35,0.479
8094,337,25.0,23.59,0.01781,0.89,0.0,0.05,775.57,380.09,395.48,318.0,0.49
8095,337,25.0,23.59,0.01781,0.89,0.0,0.05,774.86,379.39,395.48,318.0,0.49
8096,337,25.2,23.79,0.01801,0.89,38.0,0.525,1627.25,922.23,705.02,522.48,0.567
8097,337,26.0,24.56,0.01891,0.89,187.0,1.0,2734.52,1642.39,1092.14,821.67,0.601
8098,337,28.0,25.79,0.02009,0.84,351.0,1.0,3162.95,1956.11,1206.84,993.37,0.618
8099,337,29.1,24.85,0.01804,0.71,492.0,1.0,3202.96,2195.11,1007.84,854.55,0.685
8100,337,30.0,24.84,0.01767,0.66,590.0,1.0,3340.98,2369.14,971.85,853.84,0.709
8101,337,30.5,24.95,0.01763,0.64,639.0,1.0,3428.12,2459.97,968.15,867.96,0.718
8102,337,31.1,25.13,0.0177,0.62,634.0,1.0,3461.07,2486.71,974.36,894.37,0.718
8103,337,29.0,24.59,0.01773,0.7,576.0,1.0,3283.64,2306.22,977.42,824.0,0.702
8104,337,29.0,24.59,0.01773,0.7,469.0,1.0,3147.05,2169.63,977.42,824.0,0.689
8105,337,29.1,25.0,0.01838,0.72,323.0,1.0,3028.62,1988.08,1040.54,883.66,0.656
8106,337,29.0,24.59,0.01773,0.7,157.0,1.0,2747.96,1770.54,977.42,824.0,0.644
8107,337,28.0,24.3,0.01768,0.74,20.0,0.5,1667.85,1002.08,665.77,562.03,0.601
8108,337,27.4,24.93,0.01894,0.82,0.0,0.05,921.77,469.09,452.68,401.51,0.509
8109,337,27.0,24.83,0.01895,0.84,0.0,0.05,908.67,455.37,453.3,395.6,0.501
8110,337,26.0,24.56,0.01891,0.89,0.0,0.05,873.0,421.79,451.21,377.93,0.483
8111,337,26.1,24.52,0.01881,0.88,0.0,0.05,869.71,423.78,445.92,375.37,0.487
8112,338,26.0,24.56,0.01891,0.89,0.0,0.05,870.66,419.45,451.21,377.93,0.482
8113,338,26.0,24.56,0.01891,0.89,0.0,0.05,869.69,418.48,451.21,377.93,0.481
8114,338,25.5,24.08,0.01836,0.89,0.0,0.05,824.68,401.24,423.44,348.04,0.487
8115,338,25.0,23.59,0.01781,0.89,0.0,0.05,779.28,383.8,395.48,318.0,0.493
8116,338,25.0,23.59,0.01781,0.89,0.0,0.05,778.08,382.6,395.48,318.0,0.492
8117,338,24.9,23.76,0.01813,0.91,0.0,0.05,789.85,378.28,411.58,329.08,0.479
8118,338,25.0,23.59,0.01782,0.89,0.0,0.05,776.99,380.59,396.39,318.72,0.49
8119,338,25.0,23.59,0.01781,0.89,0.0,0.05,775.3,379.82,395.48,318.0,0.49
8120,338,25.4,23.98,0.01825,0.89,37.0,0.525,1652.55,929.77,722.78,542.74,0.563
8121,338,27.0,24.83,0.01895,0.84,164.0,1.0,2761.11,1664.94,1096.17,860.08,0.603
8122,338,28.0,25.06,0.0189,0.79,259.0,1.0,2929.9,1839.11,1090.78,890.08,0.628
8123,338,27.0,24.12,0.01779,0.79,282.0,1.0,2801.61,1818.25,983.36,759.67,0.649
8124,338,26.9,25.57,0.02025,0.9,223.0,1.0,2959.99,1737.86,1222.14,968.7,0.587
8125,338,26.0,25.22,0.02005,0.94,241.0,1.0,2917.55,1714.83,1202.72,920.1,0.588
8126,338,26.9,25.57,0.02025,0.9,239.0,1.0,2980.56,1758.43,1222.14,968.7,0.59
8127,338,26.0,24.56,0.01895,0.89,363.0,1.0,2967.25,1871.36,1095.89,825.01,0.631
8128,338,25.0,25.0,0.02012,1.0,391.0,1.0,3065.1,1855.39,1209.71,891.51,0.605
8129,338,24.9,24.01,0.01855,0.93,324.0,1.0,2820.97,1763.42,1057.55,752.61,0.625
8130,338,25.0,24.24,0.01888,0.94,158.0,1.0,2643.62,1554.84,1088.78,783.88,0.588
8131,338,26.0,24.56,0.01895,0.89,20.0,0.5,1664.64,907.03,757.61,590.52,0.545
8132,338,28.0,25.06,0.01892,0.79,0.0,0.05,928.96,477.48,451.48,410.17,0.514
8133,338,25.0,24.24,0.01884,0.94,0.0,0.05,827.89,380.37,447.52,359.02,0.459
8134,338,25.1,24.08,0.01854,0.92,0.0,0.05,815.32,382.91,432.41,348.71,0.47
8135,338,25.2,24.18,0.01865,0.92,0.0,0.05,823.78,385.61,438.17,354.85,0.468
8136,339,25.0,24.24,0.01884,0.94,0.0,0.05,826.13,378.61,447.52,359.02,0.458
8137,339,25.0,24.24,0.01884,0.94,0.0,0.05,825.63,378.11,447.52,359.02,0.458
8138,339,25.0,24.11,0.01863,0.93,0.0,0.05,814.78,377.68,437.1,350.8,0.464
8139,339,25.0,24.24,0.01886,0.94,0.0,0.05,825.79,377.3,448.49,359.78,0.457
8140,339,24.0,24.0,0.0189,1.0,0.0,0.05,794.66,344.17,450.48,345.34,0.433
8141,339,24.2,23.95,0.01876,0.98,0.0,0.05,793.26,349.83,443.43,342.98,0.441
8142,339,24.0,24.0,0.01892,1.0,0.0,0.05,794.07,342.62,451.46,346.11,0.431
8143,339,24.0,24.0,0.0189,1.0,0.0,0.05,792.41,341.92,450.48,345.34,0.431
8144,339,23.8,23.8,0.01866,1.0,14.0,0.525,1586.23,832.79,753.44,533.39,0.525
8145,339,24.0,24.0,0.01888,1.0,70.0,1.0,2473.09,1384.21,1088.87,749.16,0.56
8146,339,24.0,24.0,0.01888,1.0,132.0,1.0,2552.19,1463.31,1088.87,749.16,0.573
8147,339,24.6,24.35,0.01919,0.98,185.0,1.0,2680.81,1561.89,1118.92,796.78,0.583
8148,339,25.0,24.24,0.01884,0.94,223.0,1.0,2716.36,1631.33,1085.04,780.55,0.601
8149,339,25.0,24.24,0.01886,0.94,241.0,1.0,2741.62,1654.71,1086.91,782.21,0.604
8150,339,24.4,23.9,0.01857,0.96,240.0,1.0,2681.89,1622.72,1059.17,736.64,0.605
8151,339,24.0,24.0,0.01892,1.0,218.0,1.0,2666.33,1573.7,1092.62,752.49,0.59
8152,339,25.0,24.24,0.01889,0.94,178.0,1.0,2664.27,1573.62,1090.66,785.55,0.591
8153,339,25.6,24.7,0.01939,0.93,123.0,1.0,2672.93,1534.32,1138.61,849.11,0.574
8154,339,25.0,24.24,0.01889,0.94,60.0,1.0,2513.83,1423.18,1090.66,785.55,0.566
8155,339,25.0,24.24,0.01888,0.94,8.0,0.5,1597.08,844.78,752.3,561.07,0.529
8156,339,25.1,24.34,0.01897,0.94,0.0,0.05,831.63,377.27,454.36,366.01,0.454
8157,339,25.0,24.24,0.01886,0.94,0.0,0.05,822.67,374.18,448.49,359.78,0.455
8158,339,25.0,24.24,0.01886,0.94,0.0,0.05,822.77,374.28,448.49,359.78,0.455
8159,339,25.0,24.11,0.01865,0.93,0.0,0.05,812.42,374.37,438.06,351.56,0.461
8160,340,25.0,24.24,0.01886,0.94,0.0,0.05,822.93,374.44,448.49,359.78,0.455
8161,340,24.0,24.0,0.0189,1.0,0.0,0.05,792.18,341.7,450.48,345.34,0.431
8162,340,24.7,23.95,0.01853,0.94,0.0,0.05,796.14,364.1,432.04,342.02,0.457
8163,340,25.0,24.24,0.01888,0.94,0.0,0.05,823.35,373.88,449.46,360.55,0.454
8164,340,25.0,23.59,0.01784,0.89,0.0,0.05,771.34,374.02,397.31,319.44,0.485
8165,340,24.0,23.51,0.01815,0.96,0.0,0.05,754.41,341.34,413.08,315.86,0.452
8166,340,24.0,23.26,0.01777,0.94,0.0,0.05,734.25,340.82,393.43,300.37,0.464
8167,340,24.0,23.26,0.01775,0.94,0.0,0.05,732.89,340.37,392.52,299.65,0.464
8168,340,24.3,23.68,0.01828,0.95,36.0,0.525,1600.64,875.7,724.95,516.65,0.547
8169,340,25.0,23.59,0.01784,0.89,154.0,1.0,2531.08,1542.72,988.36,694.51,0.61
8170,340,25.0,24.24,0.01886,0.94,220.0,1.0,2714.59,1627.69,1086.91,782.21,0.6
8171,340,25.0,24.24,0.01886,0.94,185.0,1.0,2669.96,1583.06,1086.91,782.21,0.593
8172,340,24.0,23.26,0.01773,0.94,223.0,1.0,2557.8,1580.43,977.37,649.92,0.618
8173,340,24.0,24.0,0.01892,1.0,241.0,1.0,2695.71,1603.09,1092.62,752.49,0.595
8174,340,24.7,24.07,0.01873,0.95,240.0,1.0,2712.55,1637.57,1074.98,761.16,0.604
8175,340,25.0,24.24,0.01889,0.94,218.0,1.0,2715.6,1624.95,1090.66,785.55,0.598
8176,340,25.0,24.24,0.01889,0.94,178.0,1.0,2664.58,1573.93,1090.66,785.55,0.591
8177,340,24.1,23.61,0.01829,0.96,123.0,1.0,2488.66,1457.19,1031.47,701.55,0.586
8178,340,24.0,23.26,0.01777,0.94,61.0,1.0,2353.04,1372.15,980.89,653.05,0.583
8179,340,24.0,23.26,0.01777,0.94,8.0,0.5,1473.55,801.84,671.7,467.43,0.544
8180,340,24.0,24.0,0.01892,1.0,0.0,0.05,790.96,339.5,451.46,346.11,0.429
8181,340,24.0,24.0,0.01892,1.0,0.0,0.05,790.69,339.23,451.46,346.11,0.429
8182,340,24.0,24.0,0.01892,1.0,0.0,0.05,790.46,339.0,451.46,346.11,0.429
8183,340,24.1,23.98,0.01882,0.99,0.0,0.05,788.6,342.08,446.52,343.82,0.434
8184,341,24.0,24.0,0.01892,1.0,0.0,0.05,790.15,338.69,451.46,346.11,0.429
8185,341,25.0,25.0,0.02012,1.0,0.0,0.05,883.61,371.34,512.27,410.05,0.42
8186,341,24.6,24.1,0.01884,0.96,0.0,0.05,806.36,358.7,447.66,352.72,0.445
8187,341,25.0,24.24,0.01889,0.94,0.0,0.05,822.43,371.99,450.44,361.32,0.452
8188,341,24.0,24.0,0.01895,1.0,0.0,0.05,793.0,339.58,453.41,347.65,0.428
8189,341,24.1,23.85,0.01868,0.98,0.0,0.05,782.1,342.59,439.52,338.3,0.438
8190,341,25.0,24.24,0.01891,0.94,0.0,0.05,823.35,371.93,451.41,362.09,0.452
8191,341,24.0,23.26,0.01777,0.94,0.0,0.05,732.96,339.53,393.43,300.37,0.463
8192,341,24.1,23.61,0.01827,0.96,35.0,0.525,1589.45,865.24,724.21,510.94,0.544
8193,341,26.0,25.22,0.02009,0.94,182.0,1.0,2836.2,1629.48,1206.72,923.65,0.575
8194,341,27.0,25.53,0.02018,0.89,346.0,1.0,3107.89,1892.48,1215.41,966.2,0.609
8195,341,29.0,25.23,0.01881,0.74,486.0,1.0,3259.42,2176.79,1082.63,917.64,0.668
8196,341,29.0,25.23,0.01881,0.74,585.0,1.0,3388.96,2306.33,1082.63,917.64,0.681
8197,341,30.0,25.83,0.01943,0.72,634.0,1.0,3565.53,2422.99,1142.53,1005.76,0.68
8198,341,31.0,26.07,0.01943,0.68,631.0,1.0,3615.99,2473.28,1142.71,1040.72,0.684
8199,341,29.0,25.99,0.02015,0.79,480.0,1.0,3391.41,2179.19,1212.22,1032.97,0.643
8200,341,28.0,25.05,0.01897,0.79,297.0,1.0,2992.34,1894.03,1098.3,896.78,0.633
8201,341,24.6,24.6,0.01967,1.0,123.0,1.0,2661.79,1495.79,1165.99,838.68,0.562
8202,341,24.0,24.0,0.01895,1.0,61.0,1.0,2479.92,1383.53,1096.39,755.84,0.558
8203,341,25.0,24.24,0.01891,0.94,8.0,0.5,1608.49,853.39,755.1,563.47,0.531
8204,341,25.3,25.05,0.02011,0.98,0.0,0.05,903.17,391.27,511.9,414.57,0.433
8205,341,26.0,25.22,0.02011,0.94,0.0,0.05,925.29,413.54,511.75,425.66,0.447
8206,341,25.0,25.0,0.02014,1.0,0.0,0.05,893.87,380.56,513.31,410.87,0.426
8207,341,25.4,24.63,0.01936,0.94,0.0,0.05,867.07,392.92,474.15,386.41,0.453
8208,342,25.0,24.24,0.01889,0.94,0.0,0.05,829.82,379.38,450.44,361.32,0.457
8209,342,25.0,24.24,0.01889,0.94,0.0,0.05,829.22,378.78,450.44,361.32,0.457
8210,342,24.9,24.4,0.01919,0.96,0.0,0.05,840.36,374.97,465.39,371.5,0.446
8211,342,25.0,24.24,0.01891,0.94,0.0,0.05,829.15,377.74,451.41,362.09,0.456
8212,342,25.0,24.24,0.01891,0.94,0.0,0.05,828.77,377.36,451.41,362.09,0.455
8213,342,24.6,24.1,0.01888,0.96,0.0,0.05,813.51,363.9,449.61,354.26,0.447
8214,342,25.0,24.24,0.01891,0.94,0.0,0.05,827.9,376.49,451.41,362.09,0.455
8215,342,25.0,24.24,0.01891,0.94,0.0,0.05,827.69,376.28,451.41,362.09,0.455
8216,342,24.8,24.17,0.01889,0.95,34.0,0.05,863.23,413.14,450.09,357.84,0.479
8217,342,25.0,24.24,0.01889,0.94,181.0,0.15,1228.18,710.35,517.83,405.97,0.578
8218,342,27.0,25.53,0.02018,0.89,344.0,0.15,1577.81,988.88,588.93,499.33,0.627
8219,342,29.1,25.78,0.01972,0.77,484.0,0.15,1806.0,1242.65,563.35,516.46,0.688
8220,342,30.0,26.31,0.02024,0.75,583.0,0.15,1995.8,1403.24,592.57,556.23,0.703
8221,342,30.0,25.5,0.01887,0.7,634.0,0.15,1987.78,1471.2,516.58,494.91,0.74
8222,342,29.0,25.84,0.0199,0.78,630.0,0.15,2007.14,1433.48,573.66,522.99,0.714
8223,342,30.0,26.31,0.02029,0.75,860.0,0.15,2359.43,1764.56,594.87,558.09,0.748
8224,342,27.0,25.53,0.02022,0.89,679.0,0.05,1840.75,1323.43,517.32,446.05,0.719
8225,342,26.0,25.22,0.02015,0.94,427.0,0.05,1480.85,967.01,513.84,427.3,0.653
8226,342,26.0,25.22,0.02013,0.94,211.0,0.05,1201.79,688.99,512.8,426.48,0.573
8227,342,26.0,23.88,0.01793,0.84,32.0,0.05,860.12,458.57,401.55,338.79,0.533
8228,342,25.0,24.24,0.01891,0.94,0.0,0.05,835.42,384.01,451.41,362.09,0.46
8229,342,25.0,23.59,0.01788,0.89,0.0,0.05,781.93,382.78,399.15,320.89,0.49
8230,342,25.0,23.59,0.01786,0.89,0.0,0.05,779.94,381.71,398.23,320.17,0.489
8231,342,24.9,24.01,0.01857,0.93,0.0,0.05,811.71,377.51,434.2,346.92,0.465
8232,343,25.0,23.59,0.01786,0.89,0.0,0.05,778.16,379.93,398.23,320.17,0.488
8233,343,25.0,23.59,0.01786,0.89,0.0,0.05,777.48,379.25,398.23,320.17,0.488
8234,343,24.5,23.75,0.01832,0.94,0.0,0.05,783.79,362.26,421.54,330.53,0.462
8235,343,24.0,24.0,0.01895,1.0,0.0,0.05,798.45,345.03,453.41,347.65,0.432
8236,343,24.0,23.26,0.01778,0.94,0.0,0.05,738.36,344.02,394.35,301.1,0.466
8237,343,24.0,23.26,0.01778,0.94,0.0,0.05,737.48,343.13,394.35,301.1,0.465
8238,343,24.0,24.0,0.01895,1.0,0.0,0.05,795.79,342.37,453.41,347.65,0.43
8239,343,24.0,24.0,0.01895,1.0,0.0,0.05,795.13,341.72,453.41,347.65,0.43
8240,343,24.5,24.0,0.01874,0.96,13.0,0.05,817.01,374.22,442.78,347.28,0.458
8241,343,25.0,24.24,0.01889,0.94,68.0,0.15,1081.2,563.37,517.83,405.97,0.521
8242,343,25.0,24.24,0.01889,0.94,130.0,0.15,1160.88,643.05,517.83,405.97,0.554
8243,343,25.5,24.73,0.01946,0.94,183.0,0.15,1277.9,728.56,549.34,440.4,0.57
8244,343,25.0,25.0,0.02014,1.0,368.0,0.15,1535.72,948.9,586.83,461.65,0.618
8245,343,26.0,25.22,0.02009,0.94,529.0,0.15,1774.24,1190.26,583.98,477.34,0.671
8246,343,28.1,25.44,0.01959,0.81,630.0,0.15,1949.68,1393.53,556.14,492.66,0.715
8247,343,27.5,25.31,0.01963,0.84,575.0,0.15,1862.75,1304.0,558.75,483.97,0.7
8248,343,27.0,25.53,0.02024,0.89,470.0,0.05,1565.22,1046.85,518.37,446.88,0.669
8249,343,28.4,25.73,0.02,0.81,327.0,0.05,1416.57,910.13,506.44,459.89,0.642
8250,343,27.0,24.83,0.01907,0.84,162.0,0.05,1113.29,654.1,459.19,400.24,0.588
8251,343,27.0,24.83,0.01905,0.84,23.0,0.05,934.47,476.26,458.21,399.46,0.51
8252,343,26.3,24.85,0.01936,0.89,0.0,0.05,897.99,424.19,473.8,400.54,0.472
8253,343,25.0,24.24,0.01891,0.94,0.0,0.05,832.87,381.46,451.41,362.09,0.458
8254,343,25.0,24.24,0.01889,0.94,0.0,0.05,831.01,380.57,450.44,361.32,0.458
8255,343,24.9,24.65,0.0196,0.98,0.0,0.05,862.74,376.52,486.22,387.92,0.436
8256,344,25.0,24.24,0.01889,0.94,0.0,0.05,829.51,379.08,450.44,361.32,0.457
8257,344,24.0,24.0,0.01893,1.0,0.0,0.05,798.14,345.71,452.44,346.88,0.433
8258,344,24.3,24.05,0.01891,0.98,0.0,0.05,805.68,354.44,451.24,350.75,0.44
8259,344,24.1,23.85,0.01868,0.98,0.0,0.05,786.62,347.1,439.52,338.3,0.441
8260,344,24.0,23.26,0.01778,0.94,0.0,0.05,737.38,343.03,394.35,301.1,0.465
8261,344,24.0,23.51,0.01819,0.96,0.0,0.05,757.23,342.28,414.95,317.34,0.452
8262,344,24.0,23.26,0.01778,0.94,0.0,0.05,735.98,341.64,394.35,301.1,0.464
8263,344,24.0,23.26,0.01778,0.94,0.0,0.05,735.43,341.08,394.35,301.1,0.464
8264,344,24.2,23.95,0.01878,0.98,12.0,0.525,1603.0,841.3,761.71,545.55,0.525
8265,344,25.0,24.24,0.01889,0.94,112.0,1.0,2579.96,1489.31,1090.66,785.55,0.577
8266,344,25.0,24.24,0.01888,0.94,286.0,1.0,2801.52,1712.75,1088.78,783.88,0.611
8267,344,26.0,24.83,0.01941,0.91,482.0,1.0,3156.48,2015.97,1140.5,864.72,0.639
8268,344,26.0,25.22,0.02009,0.94,581.0,1.0,3350.48,2143.77,1206.72,923.65,0.64
8269,344,27.0,24.83,0.01903,0.84,633.0,1.0,3366.48,2262.77,1103.72,866.79,0.672
8270,344,28.0,25.5,0.01974,0.82,630.0,1.0,3484.29,2311.75,1172.54,962.85,0.663
8271,344,28.0,25.79,0.02023,0.84,574.0,1.0,3462.47,2241.59,1220.87,1005.86,0.647
8272,344,28.0,25.05,0.01901,0.79,472.0,1.0,3214.3,2112.21,1102.09,900.14,0.657
8273,344,28.0,25.64,0.02001,0.83,328.0,1.0,3127.45,1928.76,1198.69,986.13,0.617
8274,344,27.0,24.83,0.01905,0.84,163.0,1.0,2772.2,1666.59,1105.61,868.48,0.601
8275,344,26.0,24.56,0.01903,0.89,24.0,0.5,1678.5,915.25,763.25,595.32,0.545
8276,344,25.9,24.86,0.01955,0.92,0.0,0.05,894.68,411.26,483.42,401.72,0.46
8277,344,26.0,25.22,0.02009,0.94,0.0,0.05,924.89,414.17,510.71,424.84,0.448
8278,344,26.0,25.22,0.02007,0.94,0.0,0.05,923.6,413.92,509.68,424.02,0.448
8279,344,25.5,24.99,0.01989,0.96,0.0,0.05,898.03,397.3,500.73,408.96,0.442
8280,345,25.0,25.0,0.02012,1.0,0.0,0.05,892.66,380.39,512.27,410.05,0.426
8281,345,25.0,25.0,0.02012,1.0,0.0,0.05,891.92,379.65,512.27,410.05,0.426
8282,345,24.9,24.65,0.0196,0.98,0.0,0.05,861.94,375.73,486.22,387.92,0.436
8283,345,25.0,25.0,0.02014,1.0,0.0,0.05,891.7,378.39,513.31,410.87,0.424
8284,345,25.0,24.24,0.01891,0.94,0.0,0.05,829.33,377.92,451.41,362.09,0.456
8285,345,24.4,24.28,0.01923,0.99,0.0,0.05,825.09,357.83,467.27,364.97,0.434
8286,345,25.0,24.24,0.01891,0.94,0.0,0.05,828.2,376.79,451.41,362.09,0.455
8287,345,24.0,24.0,0.01893,1.0,0.0,0.05,796.16,343.73,452.44,346.88,0.432
8288,345,24.9,24.65,0.01958,0.98,31.0,0.525,1718.9,897.5,821.4,614.38,0.522
8289,345,24.0,24.0,0.01892,1.0,148.0,1.0,2578.92,1486.3,1092.62,752.49,0.576
8290,345,24.0,24.0,0.0189,1.0,215.0,1.0,2662.28,1571.53,1090.75,750.82,0.59
8291,345,23.8,23.56,0.01826,0.98,183.0,1.0,2555.48,1526.52,1028.96,695.84,0.597
8292,345,25.0,24.24,0.01886,0.94,221.0,1.0,2716.48,1629.57,1086.91,782.21,0.6
8293,345,26.0,25.22,0.02005,0.94,240.0,1.0,2908.46,1705.73,1202.72,920.1,0.586
8294,345,25.7,24.8,0.01949,0.93,239.0,1.0,2837.99,1689.75,1148.24,861.16,0.595
8295,345,26.0,24.56,0.01899,0.89,218.0,1.0,2778.44,1678.78,1099.65,828.36,0.604
8296,345,26.0,25.22,0.02011,0.94,179.0,1.0,2838.09,1629.37,1208.72,925.43,0.574
8297,345,26.2,24.89,0.01946,0.9,125.0,1.0,2716.83,1570.95,1145.89,876.47,0.578
8298,345,26.0,25.22,0.02011,0.94,84.0,1.0,2717.33,1508.62,1208.72,925.43,0.555
8299,345,26.0,24.56,0.01901,0.89,15.0,0.5,1660.56,898.73,761.83,594.12,0.541
8300,345,25.0,24.24,0.01889,0.94,0.0,0.05,827.87,377.43,450.44,361.32,0.456
8301,345,25.0,24.24,0.01889,0.94,0.0,0.05,827.53,377.09,450.44,361.32,0.456
8302,345,25.0,24.24,0.01888,0.94,0.0,0.05,826.26,376.79,449.46,360.55,0.456
8303,345,24.5,24.0,0.0187,0.96,0.0,0.05,800.99,360.14,440.85,345.75,0.45
8304,346,24.0,24.0,0.01892,1.0,0.0,0.05,794.66,343.2,451.46,346.11,0.432
8305,346,25.0,24.24,0.01888,0.94,0.0,0.05,824.7,375.24,449.46,360.55,0.455
8306,346,24.3,24.05,0.01887,0.98,0.0,0.05,801.52,352.23,449.29,349.21,0.439
8307,346,24.0,23.26,0.01777,0.94,0.0,0.05,735.35,341.91,393.43,300.37,0.465
8308,346,24.0,23.26,0.01778,0.94,0.0,0.05,735.67,341.32,394.35,301.1,0.464
8309,346,23.7,23.21,0.01784,0.96,0.0,0.05,732.9,335.76,397.13,303.29,0.458
8310,346,23.0,23.0,0.01781,1.0,0.0,0.05,719.18,323.38,395.81,302.25,0.45
8311,346,23.0,23.0,0.01779,1.0,0.0,0.05,717.28,322.39,394.89,301.52,0.449
8312,346,23.8,23.31,0.01793,0.96,12.0,0.525,1526.65,827.24,699.41,487.18,0.542
8313,346,25.0,24.24,0.01888,0.94,111.0,1.0,2574.61,1485.83,1088.78,783.88,0.577
8314,346,26.0,24.56,0.01897,0.89,284.0,1.0,2857.65,1759.88,1097.77,826.69,0.616
8315,346,27.9,24.81,0.01856,0.78,480.0,1.0,3168.24,2110.43,1057.81,857.25,0.666
8316,346,29.0,25.23,0.01879,0.74,581.0,1.0,3379.64,2298.88,1080.77,915.97,0.68
8317,346,29.0,25.23,0.01881,0.74,632.0,1.0,3449.45,2366.82,1082.63,917.64,0.686
8318,346,28.9,25.75,0.01974,0.78,630.0,1.0,3534.43,2361.27,1173.15,994.72,0.668
8319,346,28.0,25.05,0.01897,0.79,576.0,1.0,3345.69,2247.39,1098.3,896.78,0.672
8320,346,29.0,25.22,0.01885,0.74,473.0,1.0,3254.26,2167.88,1086.38,920.97,0.666
8321,346,28.8,24.72,0.01813,0.72,331.0,1.0,2992.98,1976.92,1016.07,851.43,0.661
8322,346,28.0,25.05,0.01899,0.79,138.0,1.0,2789.44,1689.24,1100.19,898.46,0.606
8323,346,27.0,24.83,0.01905,0.84,16.0,0.5,1714.89,950.02,764.87,621.62,0.554
8324,346,26.2,24.75,0.01924,0.89,0.0,0.05,892.45,424.59,467.86,394.26,0.476
8325,346,26.0,25.22,0.02011,0.94,0.0,0.05,929.13,417.37,511.75,425.66,0.449
8326,346,26.0,25.22,0.02009,0.94,0.0,0.05,927.4,416.69,510.71,424.84,0.449
8327,346,26.0,24.96,0.01963,0.92,0.0,0.05,903.53,416.09,487.44,406.49,0.461
8328,347,26.0,25.22,0.02007,0.94,0.0,0.05,925.26,415.58,509.68,424.02,0.449
8329,347,26.0,25.22,0.02007,0.94,0.0,0.05,924.81,415.14,509.68,424.02,0.449
8330,347,25.3,24.54,0.01925,0.94,0.0,0.05,859.96,391.79,468.17,380.1,0.456
8331,347,25.0,24.24,0.01889,0.94,0.0,0.05,831.62,381.18,450.44,361.32,0.458
8332,347,25.0,24.24,0.01891,0.94,0.0,0.05,831.74,380.33,451.41,362.09,0.457
8333,347,24.7,24.45,0.01938,0.98,0.0,0.05,844.85,369.75,475.1,375.95,0.438
8334,347,25.0,24.24,0.01891,0.94,0.0,0.05,830.19,378.77,451.41,362.09,0.456
8335,347,25.0,24.24,0.01889,0.94,0.0,0.05,828.69,378.25,450.44,361.32,0.456
8336,347,25.2,24.57,0.01934,0.95,30.0,0.525,1714.27,910.99,803.29,606.51,0.531
8337,347,26.0,24.56,0.01899,0.89,174.0,1.0,2724.52,1624.86,1099.65,828.36,0.596
8338,347,27.0,24.83,0.01901,0.84,338.0,1.0,2988.92,1887.1,1101.83,865.11,0.631
8339,347,28.0,25.06,0.01895,0.79,479.0,1.0,3216.83,2120.42,1096.42,895.1,0.659
8340,347,28.0,25.06,0.01895,0.79,580.0,1.0,3347.75,2251.33,1096.42,895.1,0.672
8341,347,30.0,24.84,0.01776,0.66,633.0,1.0,3404.32,2423.7,980.62,861.65,0.712
8342,347,30.6,24.68,0.01726,0.62,632.0,1.0,3387.04,2455.64,931.41,838.73,0.725
8343,347,31.0,24.5,0.01679,0.59,578.0,1.0,3295.27,2409.34,885.93,812.18,0.731
8344,347,30.0,24.84,0.01778,0.66,474.0,1.0,3208.98,2226.59,982.39,863.23,0.694
8345,347,29.7,24.57,0.01747,0.66,332.0,1.0,2982.28,2030.3,951.98,825.72,0.681
8346,347,29.0,24.59,0.0178,0.7,167.0,1.0,2767.97,1783.49,984.47,830.27,0.644
8347,347,27.0,24.12,0.01786,0.79,26.0,0.5,1647.0,968.17,678.83,548.25,0.588
8348,347,27.0,24.69,0.0188,0.83,0.0,0.05,900.88,455.44,445.44,389.39,0.506
8349,347,27.0,24.83,0.01903,0.84,0.0,0.05,911.88,454.66,457.22,398.68,0.499
8350,347,27.0,24.83,0.01901,0.84,0.0,0.05,910.23,453.99,456.24,397.91,0.499
8351,347,25.9,24.6,0.01907,0.9,0.0,0.05,876.65,417.32,459.33,382.74,0.476
8352,348,26.0,24.56,0.01899,0.89,0.0,0.05,874.52,419.41,455.11,381.01,0.48
8353,348,26.0,25.22,0.02009,0.94,0.0,0.05,929.16,418.45,510.71,424.84,0.45
8354,348,25.5,24.99,0.01991,0.96,0.0,0.05,902.97,401.21,501.76,409.77,0.444
8355,348,25.0,25.0,0.02014,1.0,0.0,0.05,897.09,383.78,513.31,410.87,0.428
8356,348,25.0,24.24,0.01889,0.94,0.0,0.05,833.01,382.58,450.44,361.32,0.459
8357,348,25.0,24.24,0.01889,0.94,0.0,0.05,831.97,381.54,450.44,361.32,0.459
8358,348,25.0,25.0,0.02014,1.0,0.0,0.05,893.95,380.64,513.31,410.87,0.426
8359,348,25.0,25.0,0.02014,1.0,0.0,0.05,893.17,379.86,513.31,410.87,0.425
8360,348,25.0,24.75,0.01972,0.98,29.0,0.525,1734.47,902.66,831.82,625.83,0.52
8361,348,25.0,25.0,0.02014,1.0,172.0,1.0,2783.48,1571.77,1211.71,893.29,0.565
8362,348,25.0,24.24,0.01888,0.94,337.0,1.0,2871.7,1782.92,1088.78,783.88,0.621
8363,348,27.5,25.74,0.02029,0.87,477.0,1.0,3317.85,2091.07,1226.78,993.72,0.63
8364,348,24.0,24.0,0.01892,1.0,484.0,1.0,3013.24,1920.62,1092.62,752.49,0.637
8365,348,25.0,24.24,0.01889,0.94,399.0,1.0,2952.69,1862.04,1090.66,785.55,0.631
8366,348,25.5,24.99,0.01991,0.96,239.0,1.0,2871.7,1682.23,1189.47,890.9,0.586
8367,348,26.0,25.22,0.02011,0.94,364.0,1.0,3077.07,1868.35,1208.72,925.43,0.607
8368,348,27.0,25.53,0.02022,0.89,396.0,1.0,3180.74,1961.3,1219.44,969.78,0.617
8369,348,28.3,25.78,0.0201,0.82,332.0,1.0,3154.64,1947.17,1207.46,1004.37,0.617
8370,348,29.0,25.22,0.01885,0.74,168.0,1.0,2860.88,1774.5,1086.38,920.97,0.62
8371,348,27.0,25.53,0.0202,0.89,26.0,0.5,1807.69,959.29,848.4,692.85,0.531
8372,348,26.8,25.2,0.01972,0.88,0.0,0.05,933.49,441.2,492.29,423.12,0.473
8373,348,26.4,25.08,0.01968,0.9,0.0,0.05,918.37,428.22,490.15,415.03,0.466
8374,348,26.0,25.22,0.02007,0.94,0.0,0.05,924.64,414.97,509.68,424.02,0.449
8375,348,26.0,24.96,0.01963,0.92,0.0,0.05,902.04,414.61,487.44,406.49,0.46
8376,349,26.0,24.56,0.01897,0.89,0.0,0.05,868.43,414.29,454.13,380.24,0.477
8377,349,25.0,24.24,0.01889,0.94,0.0,0.05,831.66,381.22,450.44,361.32,0.458
8378,349,25.3,24.66,0.01946,0.95,0.0,0.05,869.04,390.21,478.83,388.5,0.449
8379,349,25.0,25.0,0.02014,1.0,0.0,0.05,893.12,379.81,513.31,410.87,0.425
8380,349,25.0,25.0,0.02016,1.0,0.0,0.05,893.5,379.15,514.35,411.69,0.424
8381,349,25.0,24.75,0.01974,0.98,0.0,0.05,871.92,378.57,493.35,395.14,0.434
8382,349,24.0,24.0,0.01895,1.0,0.0,0.05,798.68,345.27,453.41,347.65,0.432
8383,349,24.0,24.0,0.01893,1.0,0.0,0.05,796.65,344.22,452.44,346.88,0.432
8384,349,24.8,24.3,0.01905,0.96,28.0,0.05,863.93,405.47,458.46,364.44,0.469
8385,349,25.0,24.24,0.01888,0.94,158.0,0.15,1197.63,680.87,516.76,405.11,0.569
8386,349,27.0,24.83,0.01899,0.84,280.0,0.15,1429.93,906.81,523.12,446.22,0.634
8387,349,27.0,24.83,0.01901,0.84,353.0,0.15,1525.78,1001.58,524.2,447.09,0.656
8388,349,28.0,25.06,0.01895,0.79,365.0,0.15,1573.86,1052.74,521.11,462.59,0.669
8389,349,28.0,25.79,0.02019,0.84,323.0,0.15,1590.09,1000.34,589.75,517.98,0.629
8390,349,24.2,23.95,0.01878,0.98,239.0,0.15,1272.88,761.68,511.2,386.23,0.598
8391,349,24.0,24.0,0.01893,1.0,219.0,0.15,1247.83,727.81,520.02,389.75,0.583
8392,349,24.0,24.0,0.01893,1.0,180.0,0.05,1028.6,576.17,452.44,346.88,0.56
8393,349,23.9,23.9,0.01884,1.0,126.0,0.05,951.68,504.17,447.51,343.0,0.53
8394,349,24.0,24.0,0.01893,1.0,64.0,0.05,877.79,425.35,452.44,346.88,0.485
8395,349,24.0,24.0,0.01893,1.0,10.0,0.05,807.74,355.31,452.44,346.88,0.44
8396,349,24.0,24.0,0.01893,1.0,0.0,0.05,794.24,341.81,452.44,346.88,0.43
8397,349,24.0,23.26,0.01775,0.94,0.0,0.05,733.74,341.23,392.52,299.65,0.465
8398,349,24.0,24.0,0.01892,1.0,0.0,0.05,792.18,340.72,451.46,346.11,0.43
8399,349,23.7,23.46,0.01818,0.98,0.0,0.05,749.82,335.25,414.57,317.04,0.447
8400,350,24.0,23.26,0.01775,0.94,0.0,0.05,732.24,339.73,392.52,299.65,0.464
8401,350,24.0,23.26,0.01775,0.94,0.0,0.05,731.95,339.43,392.52,299.65,0.464
8402,350,23.5,23.26,0.01796,0.98,0.0,0.05,734.03,330.77,403.26,308.12,0.451
8403,350,23.0,23.0,0.01779,1.0,0.0,0.05,716.73,321.84,394.89,301.52,0.449
8404,350,23.0,23.0,0.01779,1.0,0.0,0.05,715.96,321.07,394.89,301.52,0.448
8405,350,23.3,23.06,0.01778,0.98,0.0,0.05,719.33,325.44,393.9,300.74,0.452
8406,350,23.0,23.0,0.01779,1.0,0.0,0.05,714.9,320.01,394.89,301.52,0.448
8407,350,23.1,22.86,0.01752,0.98,0.0,0.05,702.17,321.16,381.0,290.58,0.457
8408,350,23.2,22.96,0.01763,0.98,10.0,0.05,721.8,335.28,386.52,294.93,0.465
8409,350,24.0,23.26,0.01775,0.94,108.0,0.15,1028.8,574.54,454.27,336.69,0.558
8410,350,25.2,23.92,0.01825,0.9,280.0,0.15,1319.43,837.17,482.27,380.87,0.634
8411,350,26.5,24.5,0.01863,0.85,476.0,0.15,1637.93,1134.77,503.17,421.12,0.693
8412,350,27.0,24.12,0.01783,0.79,578.0,0.15,1743.33,1284.65,458.69,394.22,0.737
8413,350,29.0,25.23,0.01879,0.74,630.0,0.15,1934.84,1422.65,512.19,473.38,0.735
8414,350,29.0,25.69,0.0196,0.77,630.0,0.15,1982.25,1425.4,556.85,509.42,0.719
8415,350,29.0,25.23,0.01881,0.74,483.0,0.15,1752.47,1239.21,513.26,474.24,0.707
8416,350,28.0,25.05,0.01897,0.79,301.0,0.05,1319.13,864.72,454.41,412.48,0.656
8417,350,26.2,24.21,0.01835,0.85,127.0,0.05,1006.53,583.62,422.91,358.83,0.58
8418,350,25.0,24.24,0.01891,0.94,108.0,0.05,971.17,519.76,451.41,362.09,0.535
8419,350,26.0,24.56,0.01899,0.89,23.0,0.05,897.79,442.68,455.11,381.01,0.493
8420,350,26.0,25.09,0.01987,0.93,0.0,0.05,912.64,413.06,499.58,416.06,0.453
8421,350,25.0,24.24,0.01889,0.94,0.0,0.05,830.59,380.15,450.44,361.32,0.458
8422,350,25.0,24.24,0.01888,0.94,0.0,0.05,828.9,379.44,449.46,360.55,0.458
8423,350,25.0,24.24,0.01886,0.94,0.0,0.05,827.32,378.83,448.49,359.78,0.458
8424,351,25.0,24.24,0.01886,0.94,0.0,0.05,826.79,378.29,448.49,359.78,0.458
8425,351,25.0,24.24,0.01886,0.94,0.0,0.05,826.33,377.84,448.49,359.78,0.457
8426,351,24.9,24.4,0.01917,0.96,0.0,0.05,838.56,374.16,464.4,370.72,0.446
8427,351,25.0,24.24,0.01888,0.94,0.0,0.05,826.5,377.04,449.46,360.55,0.456
8428,351,25.0,24.24,0.01888,0.94,0.0,0.05,826.21,376.75,449.46,360.55,0.456
8429,351,24.8,24.3,0.01907,0.96,0.0,0.05,829.39,369.94,459.45,365.22,0.446
8430,351,25.0,24.24,0.01889,0.94,0.0,0.05,826.6,376.16,450.44,361.32,0.455
8431,351,25.0,24.24,0.01889,0.94,0.0,0.05,826.43,375.99,450.44,361.32,0.455
8432,351,24.4,24.15,0.01899,0.98,27.0,0.525,1648.93,871.42,777.51,564.14,0.528
8433,351,27.0,24.83,0.01899,0.84,169.0,1.0,2767.81,1667.87,1099.94,863.43,0.603
8434,351,28.0,25.79,0.02017,0.84,332.0,1.0,3144.57,1929.74,1214.83,1000.49,0.614
8435,351,28.5,25.83,0.02,0.81,474.0,1.0,3337.52,2139.33,1198.19,1003.08,0.641
8436,351,30.0,26.94,0.02134,0.79,575.0,1.0,3676.26,2348.03,1328.23,1171.03,0.639
8437,351,30.0,26.31,0.02024,0.75,629.0,1.0,3641.51,2419.73,1221.79,1076.29,0.664
8438,351,31.0,26.24,0.01972,0.69,630.0,1.0,3646.09,2474.72,1171.37,1066.23,0.679
8439,351,30.0,25.5,0.01887,0.7,578.0,1.0,3447.32,2358.85,1088.47,957.64,0.684
8440,351,29.0,25.22,0.01883,0.74,477.0,1.0,3263.69,2179.18,1084.5,919.3,0.668
8441,351,27.4,25.07,0.01928,0.83,335.0,1.0,3042.8,1915.13,1127.67,902.03,0.629
8442,351,25.0,23.59,0.01788,0.89,172.0,1.0,2573.68,1581.78,991.91,697.66,0.615
8443,351,25.0,24.24,0.01891,0.94,28.0,0.5,1638.45,883.35,755.1,563.47,0.539
8444,351,24.6,23.33,0.01763,0.9,0.0,0.05,758.55,372.03,386.52,304.53,0.49
8445,351,24.0,23.26,0.01777,0.94,0.0,0.05,744.14,350.71,393.43,300.37,0.471
8446,351,25.0,24.24,0.01888,0.94,0.0,0.05,831.19,381.72,449.46,360.55,0.459
8447,351,24.7,24.07,0.01873,0.95,0.0,0.05,813.26,370.96,442.3,350.1,0.456
8448,352,25.0,24.24,0.01888,0.94,0.0,0.05,829.28,379.82,449.46,360.55,0.458
8449,352,25.0,24.24,0.01888,0.94,0.0,0.05,828.61,379.15,449.46,360.55,0.458
8450,352,24.7,24.45,0.01934,0.98,0.0,0.05,841.83,368.73,473.1,374.38,0.438
8451,352,25.0,24.24,0.01889,0.94,0.0,0.05,828.33,377.89,450.44,361.32,0.456
8452,352,25.0,24.24,0.01889,0.94,0.0,0.05,827.93,377.49,450.44,361.32,0.456
8453,352,24.6,24.35,0.01926,0.98,0.0,0.05,833.1,364.02,469.09,369.61,0.437
8454,352,25.0,24.24,0.01889,0.94,0.0,0.05,827.03,376.59,450.44,361.32,0.455
8455,352,24.0,24.0,0.01893,1.0,0.0,0.05,795.99,343.56,452.44,346.88,0.432
8456,352,24.9,24.65,0.01958,0.98,38.0,0.525,1727.73,906.33,821.4,614.38,0.525
8457,352,27.0,25.53,0.02016,0.89,229.0,1.0,2958.28,1744.88,1213.4,964.41,0.59
8458,352,27.0,25.53,0.02014,0.89,407.0,1.0,3185.78,1974.38,1211.4,962.63,0.62
8459,352,27.3,25.54,0.02003,0.87,473.0,1.0,3276.61,2075.54,1201.07,963.88,0.633
8460,352,27.0,25.53,0.02016,0.89,481.0,1.0,3284.79,2071.39,1213.4,964.41,0.631
8461,352,27.0,25.53,0.02016,0.89,397.0,1.0,3177.78,1964.38,1213.4,964.41,0.618
8462,352,27.0,25.25,0.01971,0.87,239.0,1.0,2932.27,1762.35,1169.93,925.72,0.601
8463,352,27.0,25.53,0.02018,0.89,365.0,1.0,3139.93,1924.52,1215.41,966.2,0.613
8464,352,26.0,24.56,0.01901,0.89,399.0,1.0,3018.54,1917.0,1101.54,830.05,0.635
8465,352,26.4,24.95,0.0195,0.89,336.0,1.0,3005.69,1856.62,1149.07,886.27,0.618
8466,352,26.0,24.56,0.01901,0.89,173.0,1.0,2728.51,1626.96,1101.54,830.05,0.596
8467,352,26.0,24.56,0.01901,0.89,29.0,0.5,1682.14,920.31,761.83,594.12,0.547
8468,352,25.2,24.18,0.01873,0.92,0.0,0.05,829.14,387.12,442.02,357.89,0.467
8469,352,25.0,24.24,0.01889,0.94,0.0,0.05,830.35,379.92,450.44,361.32,0.458
8470,352,25.0,24.24,0.01888,0.94,0.0,0.05,828.7,379.24,449.46,360.55,0.458
8471,352,24.7,24.07,0.01873,0.95,0.0,0.05,811.11,368.81,442.3,350.1,0.455
8472,353,24.0,23.26,0.01775,0.94,0.0,0.05,737.67,345.15,392.52,299.65,0.468
8473,353,24.0,23.26,0.01775,0.94,0.0,0.05,736.63,344.12,392.52,299.65,0.467
8474,353,24.1,23.61,0.01825,0.96,0.0,0.05,764.32,346.5,417.82,321.2,0.453
8475,353,24.0,23.26,0.01775,0.94,0.0,0.05,735.03,342.51,392.52,299.65,0.466
8476,353,24.0,23.26,0.01777,0.94,0.0,0.05,735.27,341.83,393.43,300.37,0.465
8477,353,24.0,23.51,0.01815,0.96,0.0,0.05,754.33,341.25,413.08,315.86,0.452
8478,353,24.0,23.26,0.01777,0.94,0.0,0.05,734.18,340.74,393.43,300.37,0.464
8479,353,24.0,24.0,0.01893,1.0,0.0,0.05,792.74,340.31,452.44,346.88,0.429
8480,353,25.2,24.44,0.01911,0.94,25.0,0.525,1685.86,899.51,786.35,592.03,0.534
8481,353,27.0,25.53,0.02016,0.89,166.0,1.0,2875.23,1661.83,1213.4,964.41,0.578
8482,353,28.0,25.79,0.02017,0.84,330.0,1.0,3140.11,1925.28,1214.83,1000.49,0.613
8483,353,29.4,26.53,0.02084,0.8,471.0,1.0,3459.85,2180.29,1279.56,1106.83,0.63
8484,353,29.0,26.0,0.0201,0.79,574.0,1.0,3502.5,2294.29,1208.21,1029.41,0.655
8485,353,30.0,26.31,0.02024,0.75,628.0,1.0,3638.87,2417.08,1221.79,1076.29,0.664
8486,353,29.8,25.8,0.01945,0.73,630.0,1.0,3556.68,2411.62,1145.07,1001.05,0.678
8487,353,30.0,25.5,0.01887,0.7,579.0,1.0,3446.84,2358.37,1088.47,957.64,0.684
8488,353,28.0,24.3,0.01774,0.74,479.0,1.0,3106.84,2128.62,978.22,789.9,0.685
8489,353,25.0,24.37,0.01914,0.95,338.0,1.0,2907.8,1793.19,1114.6,806.86,0.617
8490,353,25.0,24.24,0.01891,0.94,174.0,1.0,2673.71,1581.17,1092.53,787.22,0.591
8491,353,26.0,25.22,0.02011,0.94,30.0,0.5,1766.78,924.89,841.9,662.39,0.523
8492,353,25.4,24.89,0.01979,0.96,0.0,0.05,892.14,396.53,495.61,403.33,0.444
8493,353,26.0,24.56,0.01899,0.89,0.0,0.05,870.42,415.31,455.11,381.01,0.477
8494,353,26.0,25.22,0.02007,0.94,0.0,0.05,924.58,414.9,509.68,424.02,0.449
8495,353,25.6,24.96,0.0198,0.95,0.0,0.05,897.47,401.43,496.04,406.87,0.447
8496,354,25.0,24.24,0.01888,0.94,0.0,0.05,830.65,381.19,449.46,360.55,0.459
8497,354,25.0,24.24,0.01888,0.94,0.0,0.05,829.8,380.34,449.46,360.55,0.458
8498,354,25.1,24.6,0.01943,0.96,0.0,0.05,860.26,382.88,477.38,384.15,0.445
8499,354,25.0,24.24,0.01889,0.94,0.0,0.05,829.47,379.03,450.44,361.32,0.457
8500,354,25.0,24.24,0.01889,0.94,0.0,0.05,828.91,378.47,450.44,361.32,0.457
8501,354,24.5,24.0,0.01872,0.96,0.0,0.05,803.4,361.59,441.81,346.51,0.45
8502,354,24.7,24.07,0.01875,0.95,0.0,0.05,810.68,367.42,443.27,350.86,0.453
8503,354,25.0,24.24,0.01889,0.94,0.0,0.05,827.19,376.76,450.44,361.32,0.455
8504,354,25.3,24.41,0.01903,0.93,24.0,0.525,1687.12,906.22,780.9,589.91,0.537
8505,354,26.0,24.56,0.01897,0.89,165.0,1.0,2710.03,1612.26,1097.77,826.69,0.595
8506,354,27.0,25.53,0.02016,0.89,328.0,1.0,3086.76,1873.36,1213.4,964.41,0.607
8507,354,28.2,25.54,0.01964,0.81,471.0,1.0,3283.18,2119.69,1163.49,961.75,0.646
8508,354,29.0,26.0,0.0201,0.79,574.0,1.0,3502.9,2294.68,1208.21,1029.41,0.655
8509,354,30.0,26.31,0.02024,0.75,628.0,1.0,3639.21,2417.43,1221.79,1076.29,0.664
8510,354,28.0,26.07,0.02071,0.86,629.0,1.0,3584.95,2317.74,1267.2,1047.1,0.647
8511,354,28.0,25.79,0.02021,0.84,579.0,1.0,3473.15,2254.3,1218.85,1004.07,0.649
8512,354,29.0,25.99,0.02017,0.79,479.0,1.0,3392.46,2178.23,1214.23,1034.76,0.642
8513,354,28.5,25.52,0.01957,0.79,339.0,1.0,3130.43,1973.99,1156.44,965.92,0.631
8514,354,27.0,24.11,0.01788,0.79,175.0,1.0,2679.1,1686.89,992.2,767.54,0.63
8515,354,26.6,24.59,0.0188,0.85,31.0,0.5,1700.4,953.5,746.9,596.33,0.561
8516,354,26.3,24.44,0.01869,0.86,0.0,0.05,868.28,428.42,439.86,373.79,0.493
8517,354,26.0,24.56,0.01899,0.89,0.0,0.05,873.03,417.91,455.11,381.01,0.479
8518,354,26.0,25.22,0.02007,0.94,0.0,0.05,926.83,417.15,509.68,424.02,0.45
8519,354,25.7,24.8,0.01947,0.93,0.0,0.05,885.99,406.65,479.34,395.3,0.459
8520,355,26.0,25.22,0.02007,0.94,0.0,0.05,925.42,415.74,509.68,424.02,0.449
8521,355,25.0,24.24,0.01888,0.94,0.0,0.05,831.93,382.47,449.46,360.55,0.46
8522,355,25.2,24.44,0.01911,0.94,0.0,0.05,849.25,388.01,461.24,373.03,0.457
8523,355,25.0,24.24,0.01889,0.94,0.0,0.05,831.12,380.68,450.44,361.32,0.458
8524,355,25.0,24.24,0.01889,0.94,0.0,0.05,830.34,379.9,450.44,361.32,0.458
8525,355,25.0,24.37,0.0191,0.95,0.0,0.05,840.12,379.22,460.9,369.56,0.451
8526,355,25.0,24.24,0.01889,0.94,0.0,0.05,829.08,378.64,450.44,361.32,0.457
8527,355,25.0,24.24,0.01888,0.94,0.0,0.05,827.6,378.13,449.46,360.55,0.457
8528,355,25.2,24.31,0.0189,0.93,24.0,0.525,1674.07,903.19,770.88,578.8,0.54
8529,355,27.0,25.53,0.02016,0.89,163.0,1.0,2875.67,1662.27,1213.4,964.41,0.578
8530,355,27.0,25.53,0.02016,0.89,327.0,1.0,3086.94,1873.54,1213.4,964.41,0.607
8531,355,28.2,25.1,0.01889,0.78,471.0,1.0,3211.55,2120.95,1090.6,896.88,0.66
8532,355,30.0,25.5,0.01883,0.7,574.0,1.0,3432.1,2347.38,1084.72,954.3,0.684
8533,355,29.0,25.23,0.01879,0.74,629.0,1.0,3449.43,2368.67,1080.77,915.97,0.687
8534,355,30.0,25.5,0.01885,0.7,631.0,1.0,3510.84,2424.24,1086.59,955.97,0.691
8535,355,30.0,26.31,0.02024,0.75,579.0,1.0,3581.17,2359.38,1221.79,1076.29,0.659
8536,355,29.0,25.22,0.01883,0.74,480.0,1.0,3266.88,2182.38,1084.5,919.3,0.668
8537,355,28.6,24.7,0.01815,0.73,341.0,1.0,3002.43,1984.19,1018.24,846.4,0.661
8538,355,28.0,25.79,0.02021,0.84,176.0,1.0,2960.84,1741.98,1218.85,1004.07,0.588
8539,355,27.0,24.12,0.01786,0.79,32.0,0.5,1652.82,973.99,678.83,548.25,0.589
8540,355,26.6,24.45,0.01855,0.84,0.0,0.05,873.94,440.69,433.25,373.38,0.504
8541,355,26.0,23.88,0.01789,0.84,0.0,0.05,819.9,420.2,399.7,337.33,0.513
8542,355,26.0,23.88,0.01787,0.84,0.0,0.05,817.91,419.13,398.78,336.61,0.512
8543,355,25.7,24.27,0.0186,0.89,0.0,0.05,844.16,408.36,435.79,360.98,0.484
8544,356,25.0,24.24,0.01886,0.94,0.0,0.05,832.9,384.41,448.49,359.78,0.462
8545,356,25.0,24.24,0.01886,0.94,0.0,0.05,831.62,383.12,448.49,359.78,0.461
8546,356,24.7,23.82,0.01831,0.93,0.0,0.05,793.02,372.17,420.85,333.19,0.469
8547,356,25.0,23.59,0.01784,0.89,0.0,0.05,778.17,380.86,397.31,319.44,0.489
8548,356,25.0,23.59,0.01784,0.89,0.0,0.05,777.37,380.05,397.31,319.44,0.489
8549,356,24.4,23.52,0.01799,0.93,0.0,0.05,764.53,359.67,404.86,315.78,0.47
8550,356,24.0,23.26,0.01775,0.94,0.0,0.05,738.09,345.57,392.52,299.65,0.468
8551,356,25.0,23.59,0.01782,0.89,0.0,0.05,773.68,377.29,396.39,318.72,0.488
8552,356,24.5,23.49,0.01788,0.92,23.0,0.05,789.51,390.07,399.44,313.11,0.494
8553,356,26.0,23.88,0.01785,0.84,162.0,0.15,1181.46,721.33,460.13,377.39,0.611
8554,356,27.0,24.83,0.01895,0.84,327.0,0.15,1489.16,968.19,520.97,444.49,0.65
8555,356,27.9,24.67,0.01829,0.77,470.0,0.15,1668.42,1183.91,484.5,431.24,0.71
8556,356,29.2,23.62,0.01615,0.63,576.0,0.15,1732.3,1366.52,365.78,358.82,0.789
8557,356,30.0,24.84,0.01774,0.66,630.0,0.15,1919.75,1465.64,454.11,444.49,0.763
8558,356,29.9,24.41,0.01707,0.64,633.0,0.15,1885.18,1468.27,416.92,412.68,0.779
8559,356,29.0,24.59,0.01777,0.7,582.0,0.15,1828.72,1373.43,455.3,427.46,0.751
8560,356,29.0,23.94,0.01672,0.66,483.0,0.05,1478.04,1137.22,340.82,338.95,0.769
8561,356,29.2,23.62,0.01615,0.63,343.0,0.05,1277.01,965.13,311.89,319.35,0.756
8562,356,28.0,23.05,0.01576,0.66,179.0,0.05,1008.27,716.32,291.95,284.42,0.71
8563,356,27.0,23.38,0.01669,0.74,33.0,0.05,835.19,496.29,338.9,305.42,0.594
8564,356,26.3,23.46,0.01709,0.79,0.0,0.05,789.61,430.42,359.19,310.2,0.545
8565,356,26.0,23.88,0.01787,0.84,0.0,0.05,818.42,419.64,398.78,336.61,0.513
8566,356,25.0,22.79,0.01659,0.83,0.0,0.05,719.94,385.84,334.1,269.61,0.536
8567,356,25.2,22.98,0.0168,0.83,0.0,0.05,735.33,390.92,344.41,280.95,0.532
8568,357,25.0,22.79,0.01659,0.83,0.0,0.05,717.3,383.2,334.1,269.61,0.534
8569,357,25.0,22.79,0.01659,0.83,0.0,0.05,716.17,382.08,334.1,269.61,0.533
8570,357,24.3,22.91,0.01709,0.89,0.0,0.05,717.51,358.14,359.37,278.33,0.499
8571,357,24.0,23.26,0.01775,0.94,0.0,0.05,739.54,347.02,392.52,299.65,0.469
8572,357,24.0,22.62,0.01678,0.89,0.0,0.05,689.3,345.73,343.56,261.06,0.502
8573,357,23.1,21.37,0.01534,0.86,0.0,0.05,600.3,329.5,270.8,203.71,0.549
8574,357,24.0,22.62,0.01678,0.89,0.0,0.05,686.66,343.1,343.56,261.06,0.5
8575,357,23.0,22.27,0.01668,0.94,0.0,0.05,664.22,325.54,338.67,257.21,0.49
8576,357,24.5,22.58,0.0165,0.85,22.0,0.05,715.44,385.69,329.75,258.18,0.539
8577,357,26.0,23.18,0.01678,0.79,161.0,0.15,1117.97,717.38,400.6,329.35,0.642
8578,357,27.0,23.38,0.01667,0.74,327.0,0.15,1360.36,965.88,394.49,342.41,0.71
8579,357,28.0,23.69,0.0167,0.7,471.0,0.15,1583.03,1186.68,396.35,361.9,0.75
8580,357,29.0,23.94,0.01671,0.66,575.0,0.15,1753.19,1356.61,396.58,380.08,0.774
8581,357,29.0,23.94,0.01671,0.66,631.0,0.15,1827.16,1430.58,396.58,380.08,0.783
8582,357,30.5,23.89,0.016,0.58,635.0,0.15,1847.37,1489.73,357.64,375.63,0.806
8583,357,30.0,24.16,0.01664,0.62,584.0,0.15,1802.37,1409.44,392.92,395.11,0.782
8584,357,29.0,23.28,0.01568,0.62,485.0,0.05,1427.6,1139.26,288.34,297.59,0.798
8585,357,28.4,23.24,0.0159,0.65,344.0,0.05,1239.04,939.71,299.33,296.65,0.758
8586,357,28.0,23.68,0.01674,0.7,180.0,0.05,1058.17,716.71,341.46,323.45,0.677
8587,357,27.0,23.38,0.01669,0.74,33.0,0.05,834.42,495.52,338.9,305.42,0.594
8588,357,26.6,23.16,0.0165,0.75,0.0,0.05,768.94,439.59,329.35,291.49,0.572
8589,357,26.0,22.46,0.01569,0.74,0.0,0.05,707.89,419.25,288.64,249.79,0.592
8590,357,25.0,22.1,0.01557,0.78,0.0,0.05,667.87,385.5,282.37,228.84,0.577
8591,357,24.9,22.15,0.01567,0.79,0.0,0.05,668.63,380.78,287.85,231.56,0.569
8592,358,25.0,22.1,0.01557,0.78,0.0,0.05,665.13,382.76,282.37,228.84,0.575
8593,358,25.0,22.1,0.01557,0.78,0.0,0.05,664.06,381.7,282.37,228.84,0.575
8594,358,24.6,21.87,0.01541,0.79,0.0,0.05,641.88,367.65,274.23,216.02,0.573
8595,358,24.0,21.84,0.01562,0.83,0.0,0.05,631.94,346.93,285.01,214.91,0.549
8596,358,24.0,21.84,0.01563,0.83,0.0,0.05,631.47,345.65,285.81,215.55,0.547
8597,358,23.3,21.69,0.01571,0.87,0.0,0.05,622.59,332.79,289.8,218.69,0.535
8598,358,23.0,21.65,0.01579,0.89,0.0,0.05,619.9,326.36,293.54,221.64,0.526
8599,358,23.0,21.65,0.01579,0.89,0.0,0.05,618.52,324.98,293.54,221.64,0.525
8600,358,23.9,22.4,0.01648,0.88,28.0,0.525,1444.07,851.68,592.39,395.66,0.59
8601,358,26.0,23.18,0.01678,0.79,227.0,1.0,2573.18,1688.22,884.97,637.29,0.656
8602,358,28.0,24.3,0.01768,0.74,478.0,1.0,3087.23,2114.28,972.95,785.21,0.685
8603,358,29.0,24.27,0.01721,0.68,704.0,1.0,3384.6,2457.8,926.81,778.95,0.726
8604,358,30.0,24.16,0.01661,0.62,831.0,1.0,3542.88,2674.67,868.21,761.61,0.755
8605,358,30.0,24.84,0.01773,0.66,825.0,1.0,3646.75,2669.64,977.1,858.52,0.732
8606,358,31.0,25.04,0.01763,0.62,633.0,1.0,3445.06,2477.27,967.78,885.03,0.719
8607,358,31.0,24.5,0.01677,0.59,585.0,1.0,3302.58,2418.32,884.26,810.7,0.732
8608,358,31.0,25.21,0.01796,0.63,485.0,1.0,3292.1,2292.31,999.79,913.52,0.696
8609,358,29.6,24.14,0.01681,0.64,345.0,1.0,2930.17,2042.44,887.74,765.06,0.697
8610,358,29.0,24.59,0.01778,0.7,181.0,1.0,2784.63,1801.93,982.7,828.7,0.647
8611,358,27.0,24.12,0.01785,0.79,34.0,0.5,1656.35,978.85,677.5,547.12,0.591
8612,358,26.7,24.26,0.01821,0.82,0.0,0.05,861.8,445.95,415.85,361.27,0.517
8613,358,26.0,23.88,0.01787,0.84,0.0,0.05,820.75,421.98,398.78,336.61,0.514
8614,358,25.0,23.59,0.01782,0.89,0.0,0.05,784.25,387.86,396.39,318.72,0.495
8615,358,25.0,23.72,0.01803,0.9,0.0,0.05,792.9,386.1,406.8,326.92,0.487
8616,359,25.0,23.59,0.01782,0.89,0.0,0.05,780.98,384.58,396.39,318.72,0.492
8617,359,24.0,23.26,0.01773,0.94,0.0,0.05,742.07,350.47,391.6,298.93,0.472
8618,359,24.7,23.43,0.0177,0.9,0.0,0.05,761.86,371.67,390.18,309.02,0.488
8619,359,25.0,23.59,0.01784,0.89,0.0,0.05,777.74,380.43,397.31,319.44,0.489
8620,359,25.0,23.59,0.01784,0.89,0.0,0.05,777.0,379.68,397.31,319.44,0.489
8621,359,24.7,23.82,0.01835,0.93,0.0,0.05,791.94,369.2,422.74,334.68,0.466
8622,359,25.0,23.59,0.01786,0.89,0.0,0.05,776.52,378.29,398.23,320.17,0.487
8623,359,25.0,23.59,0.01784,0.89,0.0,0.05,775.15,377.83,397.31,319.44,0.487
8624,359,25.5,24.47,0.01904,0.92,21.0,0.525,1692.77,911.74,781.02,595.1,0.539
8625,359,27.0,24.83,0.01897,0.84,159.0,1.0,2755.16,1657.1,1098.05,861.75,0.601
8626,359,28.0,25.06,0.01892,0.79,323.0,1.0,3012.63,1919.98,1092.66,891.75,0.637
8627,359,29.2,25.1,0.01845,0.72,468.0,1.0,3216.85,2169.3,1047.55,893.38,0.674
8628,359,30.0,25.5,0.01881,0.7,572.0,1.0,3428.8,2345.95,1082.85,952.64,0.684
8629,359,30.0,24.84,0.01771,0.66,630.0,1.0,3397.88,2422.54,975.35,856.96,0.713
8630,359,30.0,25.01,0.018,0.67,633.0,1.0,3432.25,2428.28,1003.97,882.44,0.707
8631,359,30.0,24.84,0.01774,0.66,584.0,1.0,3345.93,2367.07,978.86,860.09,0.707
8632,359,29.0,23.94,0.01672,0.66,486.0,1.0,3070.75,2191.17,879.58,736.92,0.714
8633,359,28.7,24.0,0.01696,0.68,346.0,1.0,2898.93,1996.71,902.22,746.62,0.689
8634,359,28.0,24.3,0.01772,0.74,182.0,1.0,2727.02,1750.56,976.46,788.33,0.642
8635,359,28.0,24.3,0.01772,0.74,35.0,0.5,1688.71,1020.31,668.39,564.26,0.604
8636,359,26.8,24.22,0.01807,0.81,0.0,0.05,857.43,448.54,408.9,357.39,0.523
8637,359,26.0,23.88,0.01787,0.84,0.0,0.05,820.21,421.44,398.78,336.61,0.514
8638,359,26.0,24.56,0.01895,0.89,0.0,0.05,873.35,420.2,453.16,379.47,0.481
8639,359,25.5,24.08,0.01836,0.89,0.0,0.05,826.16,402.72,423.44,348.04,0.487
8640,360,25.0,23.59,0.01782,0.89,0.0,0.05,781.48,385.08,396.39,318.72,0.493
8641,360,25.0,23.59,0.01782,0.89,0.0,0.05,780.1,383.7,396.39,318.72,0.492
8642,360,24.5,23.62,0.01808,0.93,0.0,0.05,775.65,366.11,409.54,321.08,0.472
8643,360,25.0,23.59,0.01784,0.89,0.0,0.05,778.48,381.17,397.31,319.44,0.49
8644,360,24.0,23.26,0.01775,0.94,0.0,0.05,740.03,347.52,392.52,299.65,0.47
8645,360,24.3,23.43,0.0179,0.93,0.0,0.05,756.2,356.0,400.2,310.51,0.471
8646,360,24.0,23.26,0.01775,0.94,0.0,0.05,737.69,345.17,392.52,299.65,0.468
8647,360,24.0,23.26,0.01775,0.94,0.0,0.05,736.65,344.14,392.52,299.65,0.467
8648,360,25.4,24.24,0.01871,0.91,29.0,0.525,1673.19,916.39,756.79,571.83,0.548
8649,360,27.0,24.12,0.01781,0.79,216.0,1.0,2714.07,1728.95,985.12,761.24,0.637
8650,360,28.0,25.06,0.01892,0.79,397.0,1.0,3106.46,2013.8,1092.66,891.75,0.648
8651,360,28.5,25.07,0.01871,0.76,467.0,1.0,3203.63,2130.95,1072.68,891.37,0.665
8652,360,30.0,24.84,0.01771,0.66,573.0,1.0,3321.32,2345.98,975.35,856.96,0.706
8653,360,30.0,24.84,0.01773,0.66,630.0,1.0,3398.56,2421.45,977.1,858.52,0.712
8654,360,30.8,25.38,0.01831,0.65,634.0,1.0,3503.9,2469.91,1033.99,936.99,0.705
8655,360,31.0,25.21,0.01794,0.63,585.0,1.0,3417.65,2419.64,998.01,911.93,0.708
8656,360,31.0,24.5,0.01679,0.59,488.0,1.0,3183.23,2297.3,885.93,812.18,0.722
8657,360,29.4,24.13,0.01688,0.65,348.0,1.0,2931.37,2036.95,894.42,764.04,0.695
8658,360,29.0,23.94,0.01674,0.66,184.0,1.0,2687.74,1806.51,881.24,738.39,0.672
8659,360,28.0,24.3,0.01772,0.74,36.0,0.5,1692.15,1023.75,668.39,564.26,0.605
8660,360,27.1,24.06,0.01772,0.78,0.0,0.05,851.36,460.24,391.12,348.18,0.541
8661,360,26.0,23.88,0.01787,0.84,0.0,0.05,822.01,423.23,398.78,336.61,0.515
8662,360,26.0,23.88,0.01785,0.84,0.0,0.05,819.61,421.75,397.86,335.88,0.515
8663,360,25.5,24.08,0.01836,0.89,0.0,0.05,827.5,404.07,423.44,348.04,0.488
8664,361,25.0,23.59,0.01782,0.89,0.0,0.05,782.64,386.25,396.39,318.72,0.494
8665,361,25.0,23.59,0.01782,0.89,0.0,0.05,781.1,384.71,396.39,318.72,0.493
8666,361,24.8,23.53,0.01781,0.9,0.0,0.05,772.51,376.82,395.69,314.96,0.488
8667,361,24.0,23.26,0.01775,0.94,0.0,0.05,741.82,349.3,392.52,299.65,0.471
8668,361,24.0,23.26,0.01777,0.94,0.0,0.05,741.13,347.7,393.43,300.37,0.469
8669,361,24.2,23.2,0.01761,0.92,0.0,0.05,738.5,352.88,385.62,297.41,0.478
8670,361,24.0,23.26,0.01777,0.94,0.0,0.05,738.68,345.25,393.43,300.37,0.467
8671,361,24.0,23.26,0.01777,0.94,0.0,0.05,737.63,344.2,393.43,300.37,0.467
8672,361,24.7,23.56,0.01792,0.91,29.0,0.525,1585.61,886.91,698.7,504.37,0.559
8673,361,27.0,24.83,0.01899,0.84,214.0,1.0,2825.94,1726.0,1099.94,863.43,0.611
8674,361,27.0,24.12,0.01781,0.79,396.0,1.0,2945.7,1960.58,985.12,761.24,0.666
8675,361,27.0,25.25,0.01967,0.87,465.0,1.0,3216.08,2050.07,1166.01,922.23,0.637
8676,361,28.0,24.3,0.0177,0.74,705.0,1.0,3385.07,2410.37,974.7,786.77,0.712
8677,361,31.0,25.21,0.01792,0.63,862.0,1.0,3764.14,2767.91,996.23,910.35,0.735
8678,361,30.0,24.67,0.01747,0.65,918.0,1.0,3743.16,2791.18,951.99,836.17,0.746
8679,361,31.0,25.21,0.01796,0.63,848.0,1.0,3754.78,2754.99,999.79,913.52,0.734
8680,361,30.2,24.68,0.01741,0.64,706.0,1.0,3480.63,2533.92,946.71,838.43,0.728
8681,361,29.4,24.3,0.01716,0.66,505.0,1.0,3158.4,2236.35,922.06,788.65,0.708
8682,361,29.0,24.59,0.01778,0.7,267.0,1.0,2893.95,1911.25,982.7,828.7,0.66
8683,361,28.0,24.3,0.01772,0.74,53.0,0.5,1712.46,1044.07,668.39,564.26,0.61
8684,361,27.0,24.26,0.01808,0.8,0.0,0.05,864.88,455.68,409.2,360.83,0.527
8685,361,27.0,24.12,0.01783,0.79,0.0,0.05,851.41,454.87,396.54,350.86,0.534
8686,361,27.0,24.83,0.01899,0.84,0.0,0.05,909.42,454.17,455.26,397.14,0.499
8687,361,26.3,24.44,0.01863,0.86,0.0,0.05,867.57,430.6,436.98,371.52,0.496
8688,362,26.0,24.56,0.01895,0.89,0.0,0.05,872.95,419.79,453.16,379.47,0.481
8689,362,26.0,24.56,0.01895,0.89,0.0,0.05,871.93,418.78,453.16,379.47,0.48
8690,362,26.0,24.43,0.01873,0.88,0.0,0.05,859.98,417.9,442.08,370.74,0.486
8691,362,26.0,24.56,0.01897,0.89,0.0,0.05,871.27,417.14,454.13,380.24,0.479
8692,362,25.0,24.24,0.01888,0.94,0.0,0.05,833.14,383.68,449.46,360.55,0.461
8693,362,25.0,23.85,0.01827,0.91,0.0,0.05,801.58,382.49,419.09,336.61,0.477
8694,362,25.0,23.59,0.01784,0.89,0.0,0.05,778.77,381.46,397.31,319.44,0.49
8695,362,25.0,23.59,0.01784,0.89,0.0,0.05,777.89,380.57,397.31,319.44,0.489
8696,362,25.2,24.05,0.01848,0.91,28.0,0.525,1650.39,910.43,739.96,552.36,0.552
8697,362,27.0,24.83,0.01897,0.84,224.0,1.0,2840.39,1742.34,1098.05,861.75,0.613
8698,362,28.0,25.06,0.01892,0.79,463.0,1.0,3193.82,2101.16,1092.66,891.75,0.658
8699,362,28.4,25.43,0.01937,0.79,672.0,1.0,3528.42,2391.08,1137.34,945.44,0.678
8700,362,31.0,25.74,0.01878,0.66,807.0,1.0,3779.55,2699.69,1079.86,984.78,0.714
8701,362,30.0,24.84,0.01771,0.66,862.0,1.0,3696.7,2721.36,975.35,856.96,0.736
8702,362,30.5,25.29,0.01826,0.66,831.0,1.0,3737.84,2709.12,1028.72,921.86,0.725
8703,362,30.0,24.84,0.01774,0.66,803.0,1.0,3628.07,2649.21,978.86,860.09,0.73
8704,362,30.0,25.5,0.01885,0.7,690.0,1.0,3592.11,2505.51,1086.59,955.97,0.698
8705,362,29.5,24.72,0.01778,0.68,506.0,1.0,3227.3,2244.77,982.53,845.95,0.696
8706,362,29.0,24.59,0.01778,0.7,269.0,1.0,2898.3,1915.59,982.7,828.7,0.661
8707,362,28.0,24.3,0.01772,0.74,55.0,0.5,1716.56,1048.17,668.39,564.26,0.611
8708,362,27.0,24.41,0.01829,0.81,0.0,0.05,877.01,457.0,420.0,369.35,0.521
8709,362,27.0,24.83,0.01899,0.84,0.0,0.05,911.27,456.01,455.26,397.14,0.5
8710,362,27.0,24.83,0.01897,0.84,0.0,0.05,909.44,455.16,454.28,396.36,0.5
8711,362,26.5,24.63,0.01886,0.86,0.0,0.05,886.49,438.01,448.48,383.79,0.494
8712,363,26.0,24.56,0.01895,0.89,0.0,0.05,873.81,420.66,453.16,379.47,0.481
8713,363,26.0,24.56,0.01895,0.89,0.0,0.05,872.68,419.53,453.16,379.47,0.481
8714,363,26.1,24.52,0.01886,0.88,0.0,0.05,870.66,421.83,448.83,377.66,0.484
8715,363,26.0,24.56,0.01897,0.89,0.0,0.05,871.89,417.76,454.13,380.24,0.479
8716,363,26.0,24.56,0.01897,0.89,0.0,0.05,871.15,417.02,454.13,380.24,0.479
8717,363,25.8,24.37,0.01876,0.89,0.0,0.05,853.3,409.82,443.48,368.64,0.48
8718,363,25.0,24.24,0.01888,0.94,0.0,0.05,832.36,382.9,449.46,360.55,0.46
8719,363,25.0,24.24,0.01888,0.94,0.0,0.05,831.28,381.82,449.46,360.55,0.459
8720,363,25.5,24.47,0.01904,0.92,19.0,0.05,879.25,421.65,457.6,374.97,0.48
8721,363,27.0,24.83,0.01897,0.84,154.0,0.15,1271.91,749.86,522.05,445.35,0.59
8722,363,29.0,26.0,0.02008,0.79,319.0,0.15,1615.27,1031.58,583.69,531.08,0.639
8723,363,29.6,25.46,0.01891,0.72,464.0,0.15,1759.06,1240.12,518.93,489.61,0.705
8724,363,30.0,24.84,0.01771,0.66,572.0,0.15,1846.51,1394.4,452.11,442.88,0.755
8725,363,30.0,25.5,0.01883,0.7,629.0,0.15,1983.78,1469.34,514.45,493.19,0.741
8726,363,30.1,25.26,0.01839,0.68,635.0,0.15,1971.85,1482.09,489.76,475.06,0.752
8727,363,30.0,25.5,0.01885,0.7,587.0,0.15,1933.98,1418.47,515.51,494.05,0.733
8728,363,30.0,25.5,0.01887,0.7,489.0,0.05,1630.97,1181.67,449.3,440.47,0.725
8729,363,29.4,25.12,0.0185,0.71,351.0,0.05,1416.46,985.98,430.48,416.02,0.696
8730,363,28.0,25.05,0.01897,0.79,187.0,0.05,1184.6,730.19,454.41,412.48,0.616
8731,363,27.5,24.73,0.01865,0.8,39.0,0.05,961.64,523.51,438.14,391.64,0.544
8732,363,27.1,24.64,0.01868,0.82,0.0,0.05,899.02,459.67,439.35,386.19,0.511
8733,363,27.0,24.69,0.01878,0.83,0.0,0.05,900.01,455.54,444.47,388.63,0.506
8734,363,27.0,24.83,0.01899,0.84,0.0,0.05,910.01,454.75,455.26,397.14,0.5
8735,363,26.4,24.68,0.01897,0.87,0.0,0.05,888.43,434.38,454.05,386.58,0.489
8736,364,26.0,24.56,0.01895,0.89,0.0,0.05,873.45,420.29,453.16,379.47,0.481
8737,364,26.0,24.56,0.01897,0.89,0.0,0.05,873.34,419.21,454.13,380.24,0.48
8738,364,25.6,24.57,0.01915,0.92,0.0,0.05,868.65,405.15,463.5,381.22,0.466
8739,364,25.0,24.24,0.01888,0.94,0.0,0.05,833.87,384.41,449.46,360.55,0.461
8740,364,25.0,24.24,0.01889,0.94,0.0,0.05,833.56,383.12,450.44,361.32,0.46
8741,364,25.0,24.11,0.01871,0.93,0.0,0.05,822.96,382.01,440.95,353.84,0.464
8742,364,25.0,23.59,0.01788,0.89,0.0,0.05,780.2,381.05,399.15,320.89,0.488
8743,364,25.0,23.59,0.01786,0.89,0.0,0.05,778.44,380.21,398.23,320.17,0.488
8744,364,25.2,24.31,0.01892,0.93,24.0,0.05,868.48,416.84,451.64,365.46,0.48
8745,364,27.0,24.83,0.01899,0.84,188.0,0.15,1315.21,792.09,523.12,446.22,0.602
8746,364,28.0,24.3,0.0177,0.74,360.0,0.15,1499.93,1048.19,451.74,406.6,0.699
8747,364,29.0,25.38,0.01904,0.75,464.0,0.15,1743.22,1217.6,525.62,484.21,0.698
8748,364,29.0,25.23,0.01879,0.74,571.0,0.15,1868.72,1356.52,512.19,473.38,0.726
8749,364,29.0,24.59,0.01775,0.7,630.0,0.15,1887.95,1433.65,454.29,426.65,0.759
8750,364,29.3,25.34,0.01888,0.73,635.0,0.15,1969.04,1451.75,517.28,482.88,0.737
8751,364,27.0,24.83,0.01903,0.84,588.0,0.15,1838.0,1312.73,525.27,447.96,0.714
8752,364,29.0,25.22,0.01883,0.74,491.0,0.05,1594.5,1147.26,447.24,422.84,0.72
8753,364,29.0,25.07,0.01859,0.73,353.0,0.05,1406.17,971.2,434.97,413.16,0.691
8754,364,29.0,24.59,0.0178,0.7,189.0,0.05,1156.95,761.66,395.29,381.89,0.658
8755,364,26.9,24.31,0.01822,0.81,40.0,0.05,918.67,502.36,416.31,364.84,0.547
8756,364,26.6,24.31,0.01833,0.83,0.0,0.05,862.28,440.51,421.77,364.33,0.511
8757,364,26.3,24.44,0.01867,0.86,0.0,0.05,868.79,429.89,438.9,373.03,0.495
8758,364,25.9,24.33,0.01865,0.88,0.0,0.05,854.16,415.9,438.25,366.12,0.487
8759,364,25.5,24.21,0.01861,0.9,0.0,0.05,837.86,401.79,436.08,358.0,0.48
